Date,^GSPC,^GDAXI,^N225,^BVSP,^NSEI,^HSI,VIX
2010-01-04,1132.989990234375,6048.2998046875,10654.7900390625,70045.0,5232.2001953125,21823.279296875,20.040000915527344
2010-01-05,1136.52001953125,6031.85986328125,10681.830078125,70240.0,5277.89990234375,22279.580078125,19.350000381469727
2010-01-06,1137.1400146484375,6034.330078125,10731.4501953125,70729.0,5281.7998046875,22416.669921875,19.15999984741211
2010-01-07,1141.68994140625,6019.35986328125,10681.66015625,70451.0,5263.10009765625,22269.44921875,19.059999465942383
2010-01-08,1144.97998046875,6037.60986328125,10798.3203125,70263.0,5244.75,22296.75,18.1299991607666
2010-01-11,1146.97998046875,6040.5,,70433.0,5249.39990234375,22411.51953125,17.549999237060547
2010-01-12,1136.219970703125,5943.0,10879.1396484375,70076.0,5210.39990234375,22326.640625,18.25
2010-01-13,1145.6800537109375,5963.14013671875,10735.0302734375,70385.0,5233.9501953125,21748.599609375,17.850000381469727
2010-01-14,1148.4599609375,5988.8798828125,10907.6796875,69801.0,5259.89990234375,21716.94921875,17.6299991607666
2010-01-15,1136.030029296875,5875.97021484375,10982.099609375,68978.0,5252.2001953125,21654.16015625,17.90999984741211
2010-01-18,,5918.5498046875,10855.080078125,69401.0,5274.85009765625,21460.009765625,
2010-01-19,1150.22998046875,5976.47998046875,10764.900390625,69909.0,5225.64990234375,21677.98046875,17.579999923706055
2010-01-20,1138.0400390625,5851.52978515625,10737.51953125,68200.0,5221.7001953125,21286.169921875,18.68000030517578
2010-01-21,1116.47998046875,5746.97021484375,10868.41015625,66270.0,5094.14990234375,20862.669921875,22.270000457763672
2010-01-22,1091.760009765625,5695.31982421875,10590.5498046875,66220.0,5036.0,20726.1796875,27.309999465942383
2010-01-25,1096.780029296875,5631.3701171875,10512.6904296875,,5007.89990234375,20598.55078125,25.40999984741211
2010-01-26,1092.1700439453125,5668.93017578125,10325.2802734375,65524.0,,20109.330078125,24.549999237060547
2010-01-27,1097.5,5643.2001953125,10252.080078125,65070.0,4853.10009765625,20033.0703125,23.139999389648438
2010-01-28,1084.530029296875,5540.330078125,10414.2900390625,65588.0,4867.25,20356.369140625,23.729999542236328
2010-01-29,1073.8699951171875,5608.7900390625,10198.0400390625,65402.0,4882.0498046875,20121.990234375,24.6200008392334
2010-02-01,1089.18994140625,5654.47998046875,10205.01953125,66572.0,4899.7001953125,20243.75,22.59000015258789
2010-02-02,1103.3199462890625,5709.66015625,10371.08984375,67163.0,4830.10009765625,20272.1796875,21.479999542236328
2010-02-03,1097.280029296875,5672.08984375,10404.330078125,67109.0,4931.85009765625,20722.080078125,21.600000381469727
2010-02-04,1063.1099853515625,5533.240234375,10355.98046875,63934.0,4845.35009765625,20341.640625,26.079999923706055
2010-02-05,1066.18994140625,5434.33984375,10057.08984375,62763.0,4718.64990234375,19665.080078125,26.110000610351562
2010-02-08,1056.739990234375,5484.85009765625,9951.8203125,63153.0,4760.39990234375,19550.890625,26.510000228881836
2010-02-09,1070.52001953125,5498.259765625,9932.900390625,64718.0,4792.64990234375,19790.279296875,26.0
2010-02-10,1068.1300048828125,5536.3701171875,9963.990234375,65051.0,4757.2001953125,19922.220703125,25.399999618530273
2010-02-11,1078.469970703125,5503.93017578125,,66129.0,4826.85009765625,20290.689453125,23.959999084472656
2010-02-12,1075.510009765625,5500.39013671875,10092.1904296875,65855.0,,20268.689453125,22.729999542236328
2010-02-15,,5511.10009765625,10013.2998046875,,4801.9501953125,,
2010-02-16,1094.8699951171875,5592.1201171875,10034.25,,4855.75,,22.25
2010-02-17,1099.510009765625,5648.33984375,10306.830078125,67285.0,4914.0,20534.009765625,21.719999313354492
2010-02-18,1106.75,5680.41015625,10335.6904296875,67836.0,4887.75,20422.150390625,20.6299991607666
2010-02-19,1109.1700439453125,5722.0498046875,10123.580078125,67597.0,4844.89990234375,19894.01953125,20.020000457763672
2010-02-22,1108.010009765625,5688.43994140625,10400.4697265625,67184.0,4856.39990234375,20377.26953125,19.940000534057617
2010-02-23,1094.5999755859375,5604.06982421875,10352.099609375,66108.0,4870.0498046875,20623.0,21.3700008392334
2010-02-24,1105.239990234375,5615.509765625,10198.830078125,65795.0,4858.60009765625,20467.740234375,20.270000457763672
2010-02-25,1102.93994140625,5532.330078125,10101.9599609375,66121.0,4859.75,20399.5703125,20.100000381469727
2010-02-26,1104.489990234375,5598.4599609375,10126.0302734375,66503.0,4922.2998046875,20608.69921875,19.5
2010-03-01,1115.7099609375,5713.509765625,10172.0595703125,67228.0,,21056.9296875,19.260000228881836
2010-03-02,1118.31005859375,5776.56005859375,10221.83984375,67779.0,5017.0,20906.109375,19.059999465942383
2010-03-03,1118.7900390625,5817.8798828125,10253.1396484375,67641.0,5088.10009765625,20876.7890625,18.829999923706055
2010-03-04,1122.969970703125,5795.31982421875,10145.7197265625,67815.0,5080.25,20575.779296875,18.719999313354492
2010-03-05,1138.699951171875,5877.35986328125,10368.9599609375,68847.0,5088.7001953125,20787.970703125,17.420000076293945
2010-03-08,1138.5,5875.91015625,10585.919921875,68575.0,5124.0,21196.869140625,17.790000915527344
2010-03-09,1140.449951171875,5885.89013671875,10567.650390625,69576.0,5101.5,21207.55078125,17.920000076293945
2010-03-10,1145.6099853515625,5936.72021484375,10563.919921875,69979.0,5116.25,21208.2890625,18.56999969482422
2010-03-11,1150.239990234375,5928.6298828125,10664.9501953125,69885.0,5133.39990234375,21228.19921875,18.059999465942383
2010-03-12,1149.989990234375,5945.10986328125,10751.259765625,69341.0,5137.0,21209.740234375,17.579999923706055
2010-03-15,1150.510009765625,5903.56005859375,10751.98046875,69024.0,5128.89990234375,21079.099609375,18.0
2010-03-16,1159.4599609375,5970.990234375,10721.7099609375,69942.0,5198.10009765625,21022.9296875,17.690000534057617
2010-03-17,1166.2099609375,6024.27978515625,10846.98046875,69723.0,5231.89990234375,21384.490234375,16.90999984741211
2010-03-18,1165.8299560546875,6012.31005859375,10744.0302734375,69697.0,5245.89990234375,21330.669921875,16.6200008392334
2010-03-19,1159.9000244140625,5982.43017578125,10824.7197265625,68829.0,5262.7998046875,21370.8203125,16.969999313354492
2010-03-22,1165.81005859375,5987.5,,69042.0,5205.2001953125,20933.25,16.8700008392334
2010-03-23,1174.1700439453125,6017.27001953125,10774.150390625,69387.0,5225.2998046875,20987.779296875,16.350000381469727
2010-03-24,1167.719970703125,6039.0,10815.0302734375,68913.0,,21008.619140625,17.549999237060547
2010-03-25,1165.72998046875,6132.9501953125,10828.849609375,68442.0,5260.39990234375,20778.55078125,18.399999618530273
2010-03-26,1166.5899658203125,6120.0498046875,10996.3701171875,68683.0,5282.0,21053.109375,17.770000457763672
2010-03-29,1173.219970703125,6156.85009765625,10986.4697265625,69939.0,5302.85009765625,21237.4296875,17.59000015258789
2010-03-30,1173.27001953125,6142.4501953125,11097.1396484375,69960.0,5262.4501953125,21374.7890625,17.1299991607666
2010-03-31,1169.4300537109375,6153.5498046875,11089.9404296875,70372.0,5249.10009765625,21239.349609375,17.59000015258789
2010-04-01,1178.0999755859375,6235.56005859375,11244.400390625,71136.0,5290.5,21537.0,17.469999313354492
2010-04-02,,,11286.08984375,,,,
2010-04-05,1187.43994140625,,11339.2998046875,71290.0,5368.39990234375,,17.020000457763672
2010-04-06,1189.43994140625,6252.2099609375,11282.3203125,71096.0,5366.0,,16.229999542236328
2010-04-07,1182.449951171875,6222.41015625,11292.830078125,70793.0,5374.64990234375,21928.76953125,16.6200008392334
2010-04-08,1186.43994140625,6171.830078125,11168.2001953125,71785.0,5304.4501953125,21867.0390625,16.479999542236328
2010-04-09,1194.3699951171875,6249.7001953125,11204.33984375,71417.0,5361.75,22208.5,16.139999389648438
2010-04-12,1196.47998046875,6250.68994140625,11251.900390625,70614.0,5339.7001953125,22138.169921875,15.579999923706055
2010-04-13,1197.300048828125,6230.830078125,11161.23046875,70792.0,5322.9501953125,22103.529296875,16.200000762939453
2010-04-14,1210.6500244140625,6278.39990234375,11204.900390625,71035.0,,22121.4296875,15.59000015258789
2010-04-15,1211.6700439453125,6291.4501953125,11273.7900390625,70524.0,5273.60009765625,22157.8203125,15.890000343322754
2010-04-16,1192.1300048828125,6180.89990234375,11102.1796875,69421.0,5262.60009765625,21865.259765625,18.360000610351562
2010-04-19,1197.52001953125,6162.43994140625,10908.76953125,69098.0,5203.64990234375,21405.169921875,17.34000015258789
2010-04-20,1207.1700439453125,6264.22998046875,10900.6796875,69318.0,5230.10009765625,21623.380859375,15.729999542236328
2010-04-21,1205.93994140625,6230.3798828125,11090.0498046875,,5244.89990234375,21510.9296875,16.31999969482422
2010-04-22,1208.6700439453125,6168.72021484375,10949.08984375,69386.0,5269.35009765625,21454.939453125,16.469999313354492
2010-04-23,1217.280029296875,6259.52978515625,10914.4599609375,69509.0,5304.10009765625,21244.490234375,16.6200008392334
2010-04-26,1212.050048828125,6332.10009765625,11165.7900390625,68872.0,5322.4501953125,21587.060546875,17.469999313354492
2010-04-27,1183.7099609375,6159.509765625,11212.66015625,66511.0,5308.35009765625,21261.7890625,22.809999465942383
2010-04-28,1191.3599853515625,6084.33984375,10924.7900390625,66656.0,5215.4501953125,20949.400390625,21.079999923706055
2010-04-29,1206.780029296875,6144.91015625,,67978.0,5254.14990234375,20778.919921875,18.440000534057617
2010-04-30,1186.68994140625,6135.7001953125,11057.400390625,67530.0,5278.0,21108.58984375,22.049999237060547
2010-05-03,1202.260009765625,6166.919921875,,67119.0,5222.75,20811.359375,20.190000534057617
2010-05-04,1173.5999755859375,6006.85986328125,,64869.0,5148.5,20763.05078125,23.84000015258789
2010-05-05,1165.8699951171875,5958.4501953125,,64914.0,5124.89990234375,20327.5390625,24.90999984741211
2010-05-06,1128.1500244140625,5908.259765625,10695.6904296875,63414.0,5090.85009765625,20133.41015625,32.79999923706055
2010-05-07,1110.8800048828125,5715.08984375,10364.58984375,62871.0,5018.0498046875,19920.2890625,40.95000076293945
2010-05-10,1159.72998046875,6017.91015625,10530.7001953125,65453.0,5193.60009765625,20426.640625,28.84000015258789
2010-05-11,1155.7900390625,6037.7099609375,10411.099609375,64425.0,5136.14990234375,20146.509765625,28.31999969482422
2010-05-12,1171.6700439453125,6183.490234375,10394.0302734375,65224.0,5156.64990234375,20212.490234375,25.520000457763672
2010-05-13,1157.43994140625,6251.97021484375,10620.5498046875,64788.0,5178.89990234375,20422.4609375,26.68000030517578
2010-05-14,1135.6800537109375,6056.7099609375,10462.509765625,63412.0,5093.5,20145.4296875,31.239999771118164
2010-05-17,1136.93994140625,6066.919921875,10235.759765625,62866.0,5059.89990234375,19715.19921875,30.84000015258789
2010-05-18,1120.800048828125,6155.93017578125,10242.6396484375,60841.0,5066.2001953125,19944.939453125,33.54999923706055
2010-05-19,1115.050048828125,5988.669921875,10186.83984375,59689.0,4919.64990234375,19578.98046875,35.31999969482422
2010-05-20,1071.5899658203125,5867.8798828125,10030.3095703125,58192.0,4947.60009765625,19545.830078125,45.790000915527344
2010-05-21,1087.68994140625,5829.25,9784.5400390625,60259.0,4931.14990234375,,40.099998474121094
2010-05-24,1073.6500244140625,5805.68017578125,9758.400390625,59915.0,4943.9501953125,19667.759765625,38.31999969482422
2010-05-25,1074.030029296875,5670.0400390625,9459.8896484375,59184.0,4806.75,18985.5,34.61000061035156
2010-05-26,1067.949951171875,5758.02001953125,9522.66015625,60190.0,4917.39990234375,19196.44921875,35.02000045776367
2010-05-27,1103.06005859375,5937.14013671875,9639.7197265625,62092.0,5003.10009765625,19431.369140625,29.68000030517578
2010-05-28,1089.4100341796875,5946.18017578125,9762.98046875,61947.0,5066.5498046875,19766.7109375,32.06999969482422
2010-05-31,,5964.330078125,9768.7001953125,63047.0,5086.2998046875,19765.189453125,
2010-06-01,1070.7099609375,5981.27001953125,9711.830078125,61841.0,4970.2001953125,19496.94921875,35.540000915527344
2010-06-02,1098.3800048828125,5981.2001953125,9603.240234375,62943.0,5019.85009765625,19471.80078125,30.170000076293945
2010-06-03,1102.8299560546875,6054.6298828125,9914.1904296875,,5110.5,19786.7109375,29.459999084472656
2010-06-04,1064.8800048828125,5938.8798828125,9901.1904296875,61676.0,5135.5,19780.0703125,35.47999954223633
2010-06-07,1050.469970703125,5904.9501953125,9520.7998046875,61183.0,5034.0,19378.150390625,36.56999969482422
2010-06-08,1062.0,5868.5498046875,9537.9404296875,61856.0,4987.10009765625,19487.48046875,33.70000076293945
2010-06-09,1055.68994140625,5984.75,9439.1298828125,61479.0,5000.2998046875,19621.240234375,33.72999954223633
2010-06-10,1086.8399658203125,6056.58984375,9542.650390625,63049.0,5078.60009765625,19632.69921875,30.56999969482422
2010-06-11,1091.5999755859375,6047.830078125,9705.25,63605.0,5119.35009765625,19872.380859375,28.790000915527344
2010-06-14,1089.6300048828125,6125.0,9879.849609375,63533.0,5197.7001953125,20051.91015625,28.579999923706055
2010-06-15,1115.22998046875,6175.0498046875,9887.8896484375,64442.0,5222.35009765625,20062.150390625,25.8700008392334
2010-06-16,1114.6099853515625,6190.91015625,10067.150390625,64751.0,5233.35009765625,,25.920000076293945
2010-06-17,1116.0400390625,6223.5400390625,9999.400390625,64541.0,5274.85009765625,20138.400390625,25.049999237060547
2010-06-18,1117.510009765625,6216.97998046875,9995.01953125,64438.0,5262.60009765625,20286.7109375,23.950000762939453
2010-06-21,1113.199951171875,6292.97021484375,10238.009765625,64829.0,5353.2998046875,20912.1796875,24.8799991607666
2010-06-22,1095.31005859375,6269.0400390625,10112.8896484375,64811.0,5316.5498046875,20819.080078125,27.049999237060547
2010-06-23,1092.0400390625,6204.52001953125,9923.7001953125,65160.0,5323.14990234375,20856.609375,26.90999984741211
2010-06-24,1073.68994140625,6115.47998046875,9928.33984375,63937.0,5320.60009765625,20733.490234375,29.739999771118164
2010-06-25,1076.760009765625,6070.60009765625,9737.48046875,64824.0,5269.0498046875,20690.7890625,28.530000686645508
2010-06-28,1074.5699462890625,6157.22021484375,9693.9404296875,64225.0,5333.5,20726.6796875,29.0
2010-06-29,1041.239990234375,5952.02978515625,9570.669921875,61978.0,5256.14990234375,20248.900390625,34.130001068115234
2010-06-30,1030.7099609375,5965.52001953125,9382.6396484375,60936.0,5312.5,20128.990234375,34.540000915527344
2010-07-01,1027.3699951171875,5857.43017578125,9191.599609375,61236.0,5251.39990234375,,32.86000061035156
2010-07-02,1022.5800170898438,5834.14990234375,9203.7099609375,61430.0,5237.10009765625,19905.3203125,30.1200008392334
2010-07-05,,5816.2001953125,9266.7802734375,60865.0,5235.89990234375,19842.19921875,
2010-07-06,1028.06005859375,5940.97998046875,9338.0400390625,62065.0,5289.0498046875,20084.119140625,29.649999618530273
2010-07-07,1060.27001953125,5992.85986328125,9279.650390625,63284.0,5241.10009765625,19857.0703125,26.84000015258789
2010-07-08,1070.25,6035.66015625,9535.740234375,63476.0,5296.85009765625,20050.560546875,25.709999084472656
2010-07-09,1077.9599609375,6065.240234375,9585.3203125,,5352.4501953125,20378.66015625,24.979999542236328
2010-07-12,1078.75,6077.18994140625,9548.1103515625,62960.0,5383.0,20467.4296875,24.43000030517578
2010-07-13,1095.3399658203125,6191.1298828125,9537.23046875,63686.0,5400.64990234375,20431.060546875,24.559999465942383
2010-07-14,1095.1700439453125,6209.759765625,9795.240234375,63479.0,5386.14990234375,20560.810546875,24.889999389648438
2010-07-15,1096.47998046875,6149.35986328125,9685.5302734375,63489.0,5378.75,20255.619140625,25.139999389648438
2010-07-16,1064.8800048828125,6040.27001953125,9408.3603515625,62339.0,5393.89990234375,20250.16015625,26.25
2010-07-19,1071.25,6009.10986328125,,63297.0,5386.4501953125,20090.94921875,25.969999313354492
2010-07-20,1083.47998046875,5967.490234375,,64463.0,5368.0,20264.58984375,23.93000030517578
2010-07-21,1069.5899658203125,5990.3798828125,9278.830078125,64477.0,5399.35009765625,20487.23046875,25.639999389648438
2010-07-22,1093.6700439453125,6142.14990234375,9220.8798828125,65748.0,5441.9501953125,20589.69921875,24.6299991607666
2010-07-23,1102.6600341796875,6166.33984375,9430.9599609375,66323.0,5449.10009765625,20815.330078125,23.469999313354492
2010-07-26,1115.010009765625,6194.2099609375,9503.66015625,66443.0,5418.60009765625,20839.91015625,22.729999542236328
2010-07-27,1113.8399658203125,6207.31005859375,9496.849609375,66674.0,5430.60009765625,20973.390625,23.190000534057617
2010-07-28,1106.1300048828125,6178.93994140625,9753.26953125,66808.0,5397.5498046875,21091.1796875,24.25
2010-07-29,1101.530029296875,6134.7001953125,9696.01953125,66954.0,5408.89990234375,21093.8203125,24.1299991607666
2010-07-30,1101.5999755859375,6147.97021484375,9537.2998046875,67515.0,5367.60009765625,21029.810546875,23.5
2010-08-02,1125.8599853515625,6292.1298828125,9570.3095703125,68517.0,5431.64990234375,21412.7890625,22.010000228881836
2010-08-03,1120.4599609375,6307.91015625,9694.009765625,67997.0,5439.5498046875,21457.66015625,22.6299991607666
2010-08-04,1127.239990234375,6331.330078125,9489.33984375,68272.0,5467.85009765625,21549.880859375,22.209999084472656
2010-08-05,1125.81005859375,6333.580078125,9653.919921875,68412.0,5447.10009765625,21551.720703125,22.100000381469727
2010-08-06,1121.6400146484375,6259.6298828125,9642.1201171875,68095.0,5439.25,21678.80078125,21.739999771118164
2010-08-09,1127.7900390625,6351.60009765625,9572.490234375,67862.0,5486.14990234375,21801.58984375,22.139999389648438
2010-08-10,1121.06005859375,6286.25,9551.0498046875,67223.0,5460.7001953125,21473.599609375,22.3700008392334
2010-08-11,1089.469970703125,6154.06982421875,9292.849609375,65790.0,5420.60009765625,21294.5390625,25.389999389648438
2010-08-12,1083.6099853515625,6135.169921875,9212.58984375,65966.0,5416.4501953125,21105.7109375,25.729999542236328
2010-08-13,1079.25,6110.41015625,9253.4599609375,66264.0,5452.10009765625,21071.5703125,26.239999771118164
2010-08-16,1079.3800048828125,6110.56982421875,9196.669921875,66702.0,5418.2998046875,21112.119140625,26.100000381469727
2010-08-17,1092.5400390625,6206.39990234375,9161.6796875,67584.0,5414.14990234375,21137.4296875,24.329999923706055
2010-08-18,1094.1600341796875,6186.31005859375,9240.5400390625,67638.0,5479.14990234375,21022.73046875,24.59000015258789
2010-08-19,1075.6300048828125,6075.1298828125,9362.6796875,66887.0,5540.2001953125,21072.4609375,26.440000534057617
2010-08-20,1071.68994140625,6005.16015625,9179.3798828125,66677.0,5530.64990234375,20981.8203125,25.489999771118164
2010-08-23,1067.3599853515625,6010.91015625,9116.6904296875,65982.0,5543.5,20889.009765625,25.65999984741211
2010-08-24,1051.8699951171875,5935.43994140625,8995.1396484375,65156.0,5505.10009765625,20658.7109375,27.459999084472656
2010-08-25,1055.3299560546875,5899.5,8845.3896484375,64803.0,5462.35009765625,20634.98046875,26.700000762939453
2010-08-26,1047.219970703125,5912.580078125,8906.48046875,63867.0,5477.89990234375,20612.060546875,27.3700008392334
2010-08-27,1064.5899658203125,5951.169921875,8991.0595703125,65585.0,5408.7001953125,20597.349609375,24.450000762939453
2010-08-30,1048.9200439453125,5912.41015625,9149.259765625,64261.0,5415.4501953125,20737.220703125,27.209999084472656
2010-08-31,1049.3299560546875,5925.22021484375,8824.0595703125,65145.0,5402.39990234375,20536.490234375,26.049999237060547
2010-09-01,1080.2900390625,6083.89990234375,8927.01953125,67073.0,5471.85009765625,20623.830078125,23.889999389648438
2010-09-02,1090.0999755859375,6083.85009765625,9062.83984375,66808.0,5486.14990234375,20868.919921875,23.190000534057617
2010-09-03,1104.510009765625,6134.6201171875,9114.1298828125,66679.0,5479.39990234375,20971.5,21.309999465942383
2010-09-06,,6155.0400390625,9301.3203125,66747.0,5576.9501953125,21355.76953125,
2010-09-07,1091.8399658203125,6117.89013671875,9226.0,,5604.0,21401.7890625,23.799999237060547
2010-09-08,1098.8699951171875,6164.43994140625,9024.599609375,66407.0,5607.85009765625,21088.859375,23.25
2010-09-09,1104.1800537109375,6221.52001953125,9098.3896484375,66624.0,5640.0498046875,21167.26953125,22.809999465942383
2010-09-10,1109.550048828125,6214.77001953125,9239.169921875,66807.0,,21257.390625,21.989999771118164
2010-09-13,1121.9000244140625,6261.68017578125,9321.8203125,68031.0,5760.0,21658.349609375,21.209999084472656
2010-09-14,1121.0999755859375,6275.41015625,9299.3095703125,67692.0,5795.5498046875,21696.0390625,21.559999465942383
2010-09-15,1125.0699462890625,6261.8701171875,,68107.0,5860.9501953125,21725.640625,22.100000381469727
2010-09-16,1124.6600341796875,6249.64990234375,9509.5,67663.0,5828.7001953125,21691.44921875,21.719999313354492
2010-09-17,1125.5899658203125,6209.759765625,9626.08984375,67089.0,5884.9501953125,21970.859375,22.010000228881836
2010-09-20,1142.7099609375,6294.580078125,,68190.0,5980.4501953125,21977.33984375,21.5
2010-09-21,1139.780029296875,6275.97998046875,9602.1103515625,67719.0,6009.0498046875,22002.58984375,22.350000381469727
2010-09-22,1134.280029296875,6208.330078125,9566.3203125,68325.0,5991.0,22047.7109375,22.510000228881836
2010-09-23,1124.8299560546875,6184.7099609375,,68794.0,5959.5498046875,,23.8700008392334
2010-09-24,1148.6700439453125,6298.2998046875,9471.669921875,68196.0,6018.2998046875,22119.4296875,21.709999084472656
2010-09-27,1142.1600341796875,6278.89013671875,9603.1396484375,68816.0,6035.64990234375,22340.83984375,22.540000915527344
2010-09-28,1147.699951171875,6276.08984375,9495.759765625,69228.0,6029.5,22109.94921875,22.600000381469727
2010-09-29,1144.72998046875,6246.919921875,9559.3798828125,69228.0,5991.2998046875,22378.669921875,23.25
2010-09-30,1141.199951171875,6229.02001953125,9369.349609375,69430.0,6029.9501953125,22358.169921875,23.700000762939453
2010-10-01,1146.239990234375,6211.33984375,9404.23046875,70229.0,6143.39990234375,,22.5
2010-10-04,1137.030029296875,6134.2099609375,9381.0595703125,70385.0,6159.4501953125,22618.66015625,23.530000686645508
2010-10-05,1160.75,6215.830078125,9518.759765625,71283.0,6145.7998046875,22639.140625,21.760000228881836
2010-10-06,1159.969970703125,6270.72998046875,9691.4296875,70541.0,6186.4501953125,22880.41015625,21.489999771118164
2010-10-07,1158.06005859375,6276.25,9684.8095703125,69918.0,6120.2998046875,22884.3203125,21.559999465942383
2010-10-08,1165.1500244140625,6291.669921875,9588.8798828125,70809.0,6103.4501953125,22944.1796875,20.709999084472656
2010-10-11,1165.3199462890625,6309.509765625,,70946.0,6135.85009765625,23207.310546875,18.959999084472656
2010-10-12,1169.77001953125,6304.56982421875,9388.6396484375,,6090.89990234375,23121.69921875,18.93000030517578
2010-10-13,1178.0999755859375,6434.52001953125,9403.509765625,71675.0,6233.89990234375,23457.689453125,19.06999969482422
2010-10-14,1173.81005859375,6455.27001953125,9583.509765625,71692.0,6177.35009765625,23852.169921875,19.8799991607666
2010-10-15,1176.18994140625,6492.2998046875,9500.25,71830.0,6062.64990234375,23757.630859375,19.030000686645508
2010-10-18,1184.7099609375,6516.6298828125,9498.490234375,71736.0,6075.9501953125,23469.380859375,19.09000015258789
2010-10-19,1165.9000244140625,6490.68994140625,9539.4501953125,69864.0,6027.2998046875,23763.73046875,20.6299991607666
2010-10-20,1178.1700439453125,6524.5498046875,9381.599609375,70405.0,5982.10009765625,23556.5,19.790000915527344
2010-10-21,1180.260009765625,6611.009765625,9376.48046875,69652.0,6101.5,23649.48046875,19.270000457763672
2010-10-22,1183.0799560546875,6605.83984375,9426.7099609375,69530.0,6066.0498046875,23517.5390625,18.780000686645508
2010-10-25,1185.6199951171875,6639.2099609375,9401.16015625,69580.0,6105.7998046875,23627.91015625,19.850000381469727
2010-10-26,1185.6400146484375,6613.7998046875,9377.3798828125,70740.0,6082.0,23601.240234375,20.219999313354492
2010-10-27,1182.449951171875,6568.0,9387.0302734375,70569.0,6012.64990234375,23164.580078125,20.709999084472656
2010-10-28,1183.780029296875,6595.27978515625,9366.0302734375,70320.0,5987.7001953125,23210.859375,20.8799991607666
2010-10-29,1183.260009765625,6601.3701171875,9202.4501953125,70673.0,6017.7001953125,23096.3203125,21.200000762939453
2010-11-01,1184.3800048828125,6604.85986328125,9154.7197265625,71561.0,6117.5498046875,23652.939453125,21.829999923706055
2010-11-02,1193.5699462890625,6654.31005859375,9159.98046875,,6119.0,23671.419921875,21.56999969482422
2010-11-03,1197.9599609375,6617.7998046875,,71905.0,6160.5,24144.669921875,19.559999465942383
2010-11-04,1221.06005859375,6734.68994140625,9358.7802734375,72996.0,6281.7998046875,24535.630859375,18.520000457763672
2010-11-05,1225.8499755859375,6754.2001953125,9625.990234375,72607.0,,24876.8203125,18.260000228881836
2010-11-08,1223.25,6750.5,9732.919921875,72657.0,6273.2001953125,24964.369140625,18.290000915527344
2010-11-09,1213.4000244140625,6787.81005859375,9694.490234375,71679.0,6301.5498046875,24710.599609375,19.079999923706055
2010-11-10,1218.7099609375,6719.83984375,9830.51953125,71638.0,6275.7001953125,24500.609375,18.469999313354492
2010-11-11,1213.5400390625,6723.41015625,9861.4599609375,71195.0,6194.25,24700.30078125,18.639999389648438
2010-11-12,1199.2099609375,6734.60986328125,9724.8095703125,70367.0,6071.64990234375,24222.580078125,20.610000610351562
2010-11-15,1197.75,6790.169921875,9827.509765625,,6121.60009765625,24027.1796875,20.200000762939453
2010-11-16,1178.3399658203125,6663.240234375,9797.099609375,69192.0,5988.7001953125,23693.01953125,22.579999923706055
2010-11-17,1178.5899658203125,6700.06982421875,9811.66015625,69709.0,,23214.4609375,21.760000228881836
2010-11-18,1196.68994140625,6832.10986328125,10013.6298828125,70781.0,5998.7998046875,23637.390625,18.75
2010-11-19,1199.72998046875,6843.5498046875,10022.3896484375,70898.0,5890.2998046875,23605.7109375,18.040000915527344
2010-11-22,1197.8399658203125,6822.0498046875,10115.1904296875,69633.0,6010.0,23524.01953125,18.3700008392334
2010-11-23,1180.72998046875,6705.0,,67953.0,5934.75,22896.140625,20.6299991607666
2010-11-24,1198.3499755859375,6823.7998046875,10030.1103515625,69629.0,5865.75,23023.859375,19.559999465942383
2010-11-25,,6879.66015625,10079.759765625,69362.0,5799.75,23054.6796875,
2010-11-26,1189.4000244140625,6848.97998046875,10039.5595703125,68226.0,5751.9501953125,22877.25,22.219999313354492
2010-11-29,1187.760009765625,6697.97021484375,10125.990234375,67908.0,5830.0,23166.220703125,21.530000686645508
2010-11-30,1180.550048828125,6688.490234375,9937.0400390625,67705.0,5862.7001953125,23007.990234375,23.540000915527344
2010-12-01,1206.0699462890625,6866.6298828125,9988.0498046875,69346.0,5960.89990234375,23249.80078125,21.360000610351562
2010-12-02,1221.530029296875,6957.60986328125,10168.51953125,69527.0,6011.7001953125,23448.779296875,19.389999389648438
2010-12-03,1224.7099609375,6947.72021484375,10178.3203125,69766.0,5992.7998046875,23320.51953125,18.010000228881836
2010-12-06,1223.1199951171875,6954.3798828125,10167.23046875,69552.0,5992.25,23237.689453125,18.020000457763672
2010-12-07,1223.75,7001.91015625,10141.099609375,69338.0,5976.5498046875,23428.150390625,17.989999771118164
2010-12-08,1228.280029296875,6975.8701171875,10232.330078125,68175.0,5903.7001953125,23092.51953125,17.739999771118164
2010-12-09,1233.0,6964.16015625,10285.8798828125,67879.0,5766.5,23171.80078125,17.25
2010-12-10,1240.4000244140625,7006.169921875,10211.9501953125,68342.0,5857.35009765625,23162.91015625,17.610000610351562
2010-12-13,1240.4599609375,7029.39013671875,10293.8896484375,69126.0,5907.64990234375,23317.609375,17.549999237060547
2010-12-14,1241.5899658203125,7027.39990234375,10316.76953125,68743.0,5944.10009765625,23431.189453125,17.610000610351562
2010-12-15,1235.22998046875,7016.3701171875,10309.7802734375,67870.0,5892.2998046875,22975.349609375,17.940000534057617
2010-12-16,1242.8699951171875,7024.39990234375,10311.2900390625,67306.0,5948.75,22668.779296875,17.389999389648438
2010-12-17,1243.9100341796875,6982.4501953125,10303.830078125,67981.0,,22714.849609375,16.110000610351562
2010-12-20,1247.0799560546875,7018.60009765625,10216.41015625,67264.0,5947.0498046875,22639.080078125,16.40999984741211
2010-12-21,1254.5999755859375,7077.990234375,10370.5302734375,68215.0,6000.64990234375,22993.859375,16.489999771118164
2010-12-22,1258.8399658203125,7067.919921875,10346.48046875,68471.0,5984.39990234375,23045.189453125,15.449999809265137
2010-12-23,1256.77001953125,7057.68994140625,,68486.0,5980.0,22902.970703125,16.469999313354492
2010-12-24,,,10279.1904296875,,6011.60009765625,22833.80078125,
2010-12-27,1257.5400390625,6970.72998046875,10355.990234375,67803.0,5998.10009765625,,17.670000076293945
2010-12-28,1258.510009765625,6972.10009765625,10292.6298828125,68041.0,5996.0,22621.73046875,17.520000457763672
2010-12-29,1259.780029296875,6995.47021484375,10344.5400390625,68952.0,6060.35009765625,22969.30078125,17.280000686645508
2010-12-30,1257.8800048828125,6914.18994140625,10228.919921875,69305.0,6101.85009765625,22999.33984375,17.520000457763672
2010-12-31,1257.6400146484375,,,,6134.5,23035.44921875,17.75
2011-01-03,1271.8699951171875,6989.740234375,,69962.0,6157.60009765625,23436.05078125,17.610000610351562
2011-01-04,1270.199951171875,6975.35009765625,10398.099609375,70318.0,6146.35009765625,23668.48046875,17.3799991607666
2011-01-05,1276.56005859375,6939.81982421875,10380.76953125,71091.0,6079.7998046875,23757.8203125,17.020000457763672
2011-01-06,1273.8499755859375,6981.39013671875,10529.759765625,70579.0,6048.25,23786.30078125,17.399999618530273
2011-01-07,1271.5,6947.83984375,10541.0400390625,70057.0,5904.60009765625,23686.630859375,17.139999389648438
2011-01-10,1269.75,6857.06005859375,,70127.0,5762.85009765625,23527.259765625,17.540000915527344
2011-01-11,1274.47998046875,6941.56982421875,10510.6796875,70423.0,5754.10009765625,23760.33984375,16.889999389648438
2011-01-12,1285.9599609375,7068.77978515625,10512.7998046875,71633.0,5863.25,24125.609375,16.239999771118164
2011-01-13,1283.760009765625,7075.10986328125,10589.759765625,70721.0,5751.89990234375,24238.98046875,16.389999389648438
2011-01-14,1293.239990234375,7075.7001953125,10499.0400390625,70940.0,5654.5498046875,24283.23046875,15.460000038146973
2011-01-17,,7078.06005859375,10502.8603515625,70609.0,5654.75,24156.970703125,
2011-01-18,1295.02001953125,7143.4501953125,10518.98046875,70920.0,5724.0498046875,24153.98046875,15.869999885559082
2011-01-19,1281.9200439453125,7082.759765625,10557.099609375,70058.0,5691.0498046875,24419.619140625,17.309999465942383
2011-01-20,1280.260009765625,7024.27001953125,10437.3095703125,69562.0,5711.60009765625,24003.69921875,17.989999771118164
2011-01-21,1283.3499755859375,7062.419921875,10274.51953125,69133.0,5696.5,23876.859375,18.469999313354492
2011-01-24,1290.8399658203125,7067.77001953125,10345.1103515625,69427.0,5743.25,23801.779296875,17.649999618530273
2011-01-25,1291.1800537109375,7059.009765625,10464.419921875,,5687.39990234375,23788.830078125,17.59000015258789
2011-01-26,1296.6300048828125,7127.35009765625,10401.900390625,68709.0,,23843.240234375,16.639999389648438
2011-01-27,1299.5400390625,7155.580078125,10478.66015625,68051.0,5604.2998046875,23779.619140625,16.149999618530273
2011-01-28,1276.3399658203125,7102.7998046875,10360.33984375,66698.0,5512.14990234375,23617.01953125,20.040000915527344
2011-01-31,1286.1199951171875,7077.47998046875,10237.919921875,66575.0,5505.89990234375,23447.33984375,19.530000686645508
2011-02-01,1307.5899658203125,7184.27001953125,10274.5,67847.0,5417.2001953125,23482.94921875,17.6299991607666
2011-02-02,1304.030029296875,7183.669921875,10457.3603515625,66688.0,5432.0,23908.9609375,17.299999237060547
2011-02-03,1307.0999755859375,7193.68017578125,10431.3603515625,66765.0,5526.75,,16.690000534057617
2011-02-04,1310.8699951171875,7216.2099609375,10543.51953125,65269.0,5395.75,,15.930000305175781
2011-02-07,1319.050048828125,7283.6201171875,10592.0400390625,65362.0,5396.0,23553.58984375,16.280000686645508
2011-02-08,1324.5699462890625,7323.240234375,10635.98046875,65771.0,5312.5498046875,23484.30078125,15.8100004196167
2011-02-09,1320.8800048828125,7320.89990234375,10617.830078125,64218.0,5253.5498046875,23164.029296875,15.869999885559082
2011-02-10,1321.8699951171875,7340.27978515625,10605.650390625,64578.0,5225.7998046875,22708.619140625,16.09000015258789
2011-02-11,1329.1500244140625,7371.2001953125,,65756.0,5310.0,22828.919921875,15.6899995803833
2011-02-14,1332.3199462890625,7396.6298828125,10725.5400390625,66558.0,5456.0,23121.060546875,15.949999809265137
2011-02-15,1328.010009765625,7400.0400390625,10746.669921875,66341.0,5481.0,22899.779296875,16.3700008392334
2011-02-16,1336.3199462890625,7414.2998046875,10808.2900390625,67571.0,5481.7001953125,23156.970703125,16.719999313354492
2011-02-17,1340.4300537109375,7405.509765625,10836.6396484375,67685.0,5546.4501953125,23301.83984375,16.59000015258789
2011-02-18,1343.010009765625,7426.81005859375,10842.7998046875,68067.0,5458.9501953125,23595.240234375,16.43000030517578
2011-02-21,,7321.81005859375,10857.5302734375,67259.0,5518.60009765625,23485.419921875,
2011-02-22,1315.43994140625,7318.35009765625,10664.7001953125,66440.0,5469.2001953125,22990.810546875,20.799999237060547
2011-02-23,1307.4000244140625,7194.60009765625,10579.099609375,66910.0,5437.35009765625,22906.900390625,22.1299991607666
2011-02-24,1306.0999755859375,7130.5,10452.7099609375,66949.0,5262.7001953125,22601.0390625,21.31999969482422
2011-02-25,1319.8800048828125,7185.169921875,10526.759765625,66903.0,5303.5498046875,23012.369140625,19.219999313354492
2011-02-28,1327.219970703125,7272.31982421875,10624.08984375,67383.0,5333.25,23338.01953125,18.350000381469727
2011-03-01,1306.3299560546875,7223.2998046875,10754.0302734375,66243.0,5522.2998046875,23396.419921875,21.010000228881836
2011-03-02,1308.43994140625,7181.1201171875,10492.3798828125,67282.0,,23048.66015625,20.700000762939453
2011-03-03,1330.969970703125,7225.9599609375,10586.01953125,68146.0,5536.2001953125,23122.419921875,18.600000381469727
2011-03-04,1321.1500244140625,7178.89990234375,10693.66015625,68012.0,5538.75,23408.859375,19.059999465942383
2011-03-07,1310.1300048828125,7161.93017578125,10505.01953125,,5463.14990234375,23313.189453125,20.65999984741211
2011-03-08,1321.8199462890625,7164.75,10525.1904296875,,5520.7998046875,23711.69921875,19.81999969482422
2011-03-09,1320.02001953125,7131.7998046875,10589.5,67264.0,5531.0,23810.109375,20.219999313354492
2011-03-10,1295.1099853515625,7063.08984375,10434.3798828125,66041.0,5494.39990234375,23614.890625,21.8799991607666
2011-03-11,1304.280029296875,6981.490234375,10254.4296875,66685.0,5445.4501953125,23249.779296875,20.079999923706055
2011-03-14,1296.3900146484375,6866.6298828125,9620.490234375,67169.0,5531.5,23345.880859375,21.1299991607666
2011-03-15,1281.8699951171875,6647.66015625,8605.150390625,67005.0,5449.64990234375,22678.25,24.31999969482422
2011-03-16,1256.8800048828125,6513.83984375,9093.7197265625,66003.0,5511.14990234375,22700.880859375,29.399999618530273
2011-03-17,1273.719970703125,6656.8798828125,8962.669921875,66216.0,5446.64990234375,22284.4296875,26.3700008392334
2011-03-18,1279.2099609375,6664.39990234375,9206.75,66880.0,5373.7001953125,22300.23046875,24.440000534057617
2011-03-21,1298.3800048828125,6816.1201171875,,66690.0,5364.75,22685.220703125,20.610000610351562
2011-03-22,1293.77001953125,6780.97021484375,9608.3203125,67578.0,5413.85009765625,22857.900390625,20.209999084472656
2011-03-23,1297.5400390625,6804.4501953125,9449.4697265625,67796.0,5480.25,22825.400390625,19.170000076293945
2011-03-24,1309.6600341796875,6933.580078125,9435.009765625,67533.0,5522.39990234375,22915.279296875,18.0
2011-03-25,1313.800048828125,6946.35986328125,9536.1298828125,67766.0,5654.25,23158.669921875,17.90999984741211
2011-03-28,1310.18994140625,6938.6298828125,9478.5302734375,67193.0,5687.25,23068.189453125,19.440000534057617
2011-03-29,1319.43994140625,6934.43994140625,9459.080078125,67419.0,5736.35009765625,23060.359375,18.15999984741211
2011-03-30,1328.260009765625,7057.14990234375,9708.7900390625,67997.0,5787.64990234375,23451.4296875,17.709999084472656
2011-03-31,1325.8299560546875,7041.31005859375,9755.099609375,68587.0,5833.75,23527.51953125,17.739999771118164
2011-04-01,1332.4100341796875,7179.81005859375,9708.3896484375,69268.0,5826.0498046875,23801.900390625,17.399999618530273
2011-04-04,1332.8699951171875,7175.330078125,9718.8896484375,69704.0,5908.4501953125,24150.580078125,17.5
2011-04-05,1332.6300048828125,7175.31005859375,9615.5498046875,69838.0,5910.0498046875,,17.25
2011-04-06,1335.5400390625,7215.10986328125,9584.3701171875,69037.0,5891.75,24285.05078125,16.899999618530273
2011-04-07,1333.510009765625,7178.77978515625,9590.9296875,69176.0,5885.7001953125,24281.80078125,17.110000610351562
2011-04-08,1328.1700439453125,7217.02001953125,9768.080078125,68718.0,5842.0,24396.0703125,17.8700008392334
2011-04-11,1324.4599609375,7204.85986328125,9719.7001953125,68164.0,5785.7001953125,24303.0703125,16.59000015258789
2011-04-12,1314.1600341796875,7102.91015625,9555.259765625,66896.0,,23976.369140625,17.09000015258789
2011-04-13,1314.4100341796875,7177.97021484375,9641.1796875,66486.0,5911.5,24135.029296875,16.920000076293945
2011-04-14,1314.52001953125,7146.56005859375,9653.919921875,66279.0,,24014.0,16.270000457763672
2011-04-15,1319.6800537109375,7178.2900390625,9591.51953125,66684.0,5824.5498046875,24008.0703125,15.319999694824219
2011-04-18,1305.1400146484375,7026.85009765625,9556.650390625,65415.0,5729.10009765625,23830.310546875,16.959999084472656
2011-04-19,1312.6199951171875,7039.31005859375,9441.0302734375,66158.0,5740.75,23520.619140625,15.829999923706055
2011-04-20,1330.3599853515625,7249.18994140625,9606.8203125,67058.0,5851.64990234375,23896.099609375,15.069999694824219
2011-04-21,1337.3800048828125,7295.490234375,9685.76953125,,5884.7001953125,24138.310546875,14.6899995803833
2011-04-22,,,9682.2099609375,,,,
2011-04-25,1335.25,,9671.9599609375,66972.0,5874.5,,15.770000457763672
2011-04-26,1347.239990234375,7356.509765625,9558.6904296875,67144.0,5868.39990234375,24007.380859375,15.619999885559082
2011-04-27,1355.6600341796875,7404.9501953125,9691.83984375,66264.0,5833.89990234375,23892.83984375,15.350000381469727
2011-04-28,1360.47998046875,7475.22021484375,9849.740234375,65673.0,5785.4501953125,23805.630859375,14.619999885559082
2011-04-29,1363.6099853515625,7514.4599609375,,66133.0,5749.5,23720.810546875,14.75
2011-05-02,1361.219970703125,7527.64013671875,10004.2001953125,65463.0,5701.2998046875,,15.989999771118164
2011-05-03,1356.6199951171875,7500.7001953125,,64318.0,5565.25,23633.25,16.700000762939453
2011-05-04,1347.3199462890625,7373.93017578125,,63616.0,5537.14990234375,23315.240234375,17.079999923706055
2011-05-05,1335.0999755859375,7376.9599609375,,63407.0,5459.85009765625,23261.609375,18.200000762939453
2011-05-06,1340.199951171875,7492.25,9859.2001953125,64417.0,5551.4501953125,23159.140625,18.399999618530273
2011-05-09,1346.2900390625,7410.52001953125,9794.3798828125,64622.0,5551.10009765625,23336.0,17.15999984741211
2011-05-10,1357.1600341796875,7501.52001953125,9818.759765625,64877.0,5541.25,,15.90999984741211
2011-05-11,1342.0799560546875,7495.0498046875,9864.259765625,63776.0,5565.0498046875,23291.80078125,16.950000762939453
2011-05-12,1348.6500244140625,7443.9501953125,9716.650390625,64003.0,5486.14990234375,23073.759765625,16.030000686645508
2011-05-13,1337.77001953125,7403.31005859375,9648.76953125,63235.0,5544.75,23276.26953125,17.06999969482422
2011-05-16,1329.469970703125,7387.5400390625,9558.2998046875,62830.0,5499.0,22960.630859375,18.239999771118164
2011-05-17,1328.97998046875,7256.64990234375,9567.01953125,63673.0,5438.9501953125,22901.080078125,17.549999237060547
2011-05-18,1340.6800537109375,7303.52978515625,9662.080078125,62841.0,5420.60009765625,23011.140625,16.229999542236328
2011-05-19,1343.5999755859375,7358.22998046875,9620.8203125,62367.0,5428.10009765625,23163.380859375,15.520000457763672
2011-05-20,1333.27001953125,7266.81982421875,9607.080078125,62597.0,5486.35009765625,23199.390625,17.43000030517578
2011-05-23,1317.3699951171875,7121.52001953125,9460.6298828125,62345.0,5386.5498046875,22711.01953125,18.270000457763672
2011-05-24,1316.280029296875,7150.66015625,9477.169921875,63337.0,5394.85009765625,22730.779296875,17.81999969482422
2011-05-25,1320.469970703125,7170.93994140625,9422.8798828125,63388.0,5348.9501953125,22747.279296875,17.06999969482422
2011-05-26,1325.68994140625,7114.08984375,9562.0498046875,64099.0,5412.35009765625,22900.7890625,16.09000015258789
2011-05-27,1331.0999755859375,7163.47021484375,9521.9404296875,64295.0,5476.10009765625,23118.0703125,15.979999542236328
2011-05-30,,7160.2998046875,9504.9697265625,63954.0,5473.10009765625,23184.3203125,
2011-05-31,1345.199951171875,7293.68994140625,9693.73046875,64620.0,,23684.130859375,15.449999809265137
2011-06-01,1314.550048828125,7217.43017578125,9719.6103515625,63411.0,5592.0,23626.4296875,18.299999237060547
2011-06-02,1312.93994140625,7074.1201171875,9555.0400390625,64218.0,5550.35009765625,23253.83984375,18.09000015258789
2011-06-03,1300.1600341796875,7109.02978515625,9492.2099609375,64341.0,5516.75,22949.560546875,17.950000762939453
2011-06-06,1286.1700439453125,7084.56982421875,9380.349609375,63068.0,5532.0498046875,,18.489999771118164
2011-06-07,1284.93994140625,7103.25,9442.9501953125,63218.0,5556.14990234375,22868.669921875,18.06999969482422
2011-06-08,1279.56005859375,7060.22998046875,9449.4599609375,63033.0,5526.85009765625,22661.630859375,18.790000915527344
2011-06-09,1289.0,7159.66015625,9467.150390625,63469.0,5521.0498046875,22609.830078125,17.770000457763672
2011-06-10,1270.97998046875,7069.89990234375,9514.4404296875,62697.0,5485.7998046875,22420.369140625,18.860000610351562
2011-06-13,1271.8299560546875,7085.14013671875,9448.2099609375,62023.0,5482.7998046875,22508.080078125,19.610000610351562
2011-06-14,1287.8699951171875,7204.7900390625,9547.7900390625,62205.0,5500.5,22496.0,18.260000228881836
2011-06-15,1265.4200439453125,7115.080078125,9574.3203125,61604.0,5447.5,22343.76953125,21.31999969482422
2011-06-16,1267.6400146484375,7110.2001953125,9411.2802734375,60881.0,5396.75,21953.109375,22.729999542236328
2011-06-17,1271.5,7164.0498046875,9351.400390625,61060.0,5366.39990234375,21695.259765625,21.850000381469727
2011-06-20,1278.3599853515625,7150.2099609375,9354.3203125,61168.0,5257.89990234375,21599.509765625,19.989999771118164
2011-06-21,1295.52001953125,7285.509765625,9459.66015625,61424.0,5275.85009765625,21850.58984375,18.860000610351562
2011-06-22,1287.1400146484375,7278.18994140625,9629.4296875,61194.0,5278.2998046875,21859.970703125,18.520000457763672
2011-06-23,1283.5,7149.43994140625,9596.740234375,,5320.0,21759.140625,19.290000915527344
2011-06-24,1268.449951171875,7121.3798828125,9678.7099609375,61017.0,5471.25,22171.94921875,21.100000381469727
2011-06-27,1280.0999755859375,7107.89990234375,9578.3095703125,61217.0,5526.60009765625,22041.76953125,20.559999465942383
2011-06-28,1296.6700439453125,7170.43017578125,9648.98046875,62303.0,5545.2998046875,22061.779296875,19.170000076293945
2011-06-29,1307.4100341796875,7294.14013671875,9797.259765625,62334.0,5600.4501953125,22061.1796875,17.270000457763672
2011-06-30,1320.6400146484375,7376.240234375,9816.08984375,62404.0,5647.39990234375,22398.099609375,16.520000457763672
2011-07-01,1339.6700439453125,7419.43994140625,9868.0703125,63394.0,5627.2001953125,,15.869999885559082
2011-07-04,,7442.9599609375,9965.08984375,63891.0,5650.5,22770.470703125,
2011-07-05,1337.8800048828125,7439.43994140625,9972.4599609375,63039.0,5632.10009765625,22747.94921875,16.059999465942383
2011-07-06,1339.219970703125,7431.18994140625,10082.48046875,62565.0,5625.4501953125,22517.55078125,16.34000015258789
2011-07-07,1353.219970703125,7471.43994140625,10071.1396484375,62207.0,5728.9501953125,22530.1796875,15.949999809265137
2011-07-08,1343.800048828125,7402.72998046875,10137.73046875,61513.0,5660.64990234375,22726.4296875,15.949999809265137
2011-07-11,1319.489990234375,7230.25,10069.5302734375,60224.0,5616.10009765625,22347.23046875,18.389999389648438
2011-07-12,1313.6400146484375,7174.14013671875,9925.919921875,59705.0,5526.14990234375,21663.16015625,19.8700008392334
2011-07-13,1317.719970703125,7267.8701171875,9963.1396484375,60670.0,5585.4501953125,21926.880859375,19.90999984741211
2011-07-14,1308.8699951171875,7214.740234375,9936.1201171875,59679.0,,21940.19921875,20.799999237060547
2011-07-15,1316.1400146484375,7220.1201171875,9974.4697265625,59478.0,5581.10009765625,21875.380859375,19.530000686645508
2011-07-18,1305.43994140625,7107.919921875,,58838.0,5567.0498046875,21804.75,20.950000762939453
2011-07-19,1326.72998046875,7192.669921875,9889.7197265625,59082.0,5613.5498046875,21902.400390625,19.209999084472656
2011-07-20,1325.8399658203125,7221.35986328125,10005.900390625,59120.0,5567.0498046875,22003.689453125,19.09000015258789
2011-07-21,1343.800048828125,7290.14013671875,10010.3896484375,60263.0,5541.60009765625,21987.2890625,17.559999465942383
2011-07-22,1345.02001953125,7326.39013671875,10132.1103515625,60270.0,5633.9501953125,22444.80078125,17.520000457763672
2011-07-25,1337.4300537109375,7344.5400390625,10050.009765625,59971.0,5680.2998046875,22293.2890625,19.350000381469727
2011-07-26,1331.93994140625,7349.4501953125,10097.7197265625,59340.0,5574.85009765625,22572.080078125,20.229999542236328
2011-07-27,1304.8900146484375,7252.68017578125,10047.1904296875,58288.0,5546.7998046875,22541.689453125,22.979999542236328
2011-07-28,1300.6700439453125,7190.06005859375,9901.349609375,58708.0,5487.75,22570.740234375,23.739999771118164
2011-07-29,1292.280029296875,7158.77001953125,9833.0302734375,58823.0,5482.0,22440.25,25.25
2011-08-01,1286.93994140625,6953.97998046875,9965.009765625,58536.0,5516.7998046875,22663.369140625,23.65999984741211
2011-08-02,1254.050048828125,6796.75,9844.58984375,57311.0,5456.5498046875,22421.4609375,24.790000915527344
2011-08-03,1260.3399658203125,6640.58984375,9637.1396484375,56017.0,5404.7998046875,21992.720703125,23.3799991607666
2011-08-04,1200.0699462890625,6414.759765625,9659.1796875,52811.0,5331.7998046875,21884.740234375,31.65999984741211
2011-08-05,1199.3800048828125,6236.16015625,9299.8798828125,52949.0,5211.25,20946.140625,32.0
2011-08-08,1119.4599609375,5923.27001953125,9097.5595703125,48668.0,5118.5,20490.5703125,48.0
2011-08-09,1172.530029296875,5917.080078125,8944.48046875,51151.0,5072.85009765625,19330.69921875,35.060001373291016
2011-08-10,1120.760009765625,5613.419921875,9038.740234375,51395.0,5161.0,19783.669921875,42.9900016784668
2011-08-11,1172.6400146484375,5797.66015625,8981.9404296875,53343.0,5138.2998046875,19595.140625,39.0
2011-08-12,1178.81005859375,5997.740234375,8963.7197265625,53473.0,5072.9501953125,19620.009765625,36.36000061035156
2011-08-15,1204.489990234375,6022.240234375,9086.41015625,54652.0,,20260.099609375,31.8700008392334
2011-08-16,1192.760009765625,5994.89990234375,9107.4296875,54324.0,5035.7998046875,20212.080078125,32.849998474121094
2011-08-17,1193.8900146484375,5948.93994140625,9057.259765625,55073.0,5056.60009765625,20289.029296875,31.579999923706055
2011-08-18,1140.6500244140625,5602.7998046875,8943.759765625,53134.0,4944.14990234375,20016.26953125,42.66999816894531
2011-08-19,1123.530029296875,5480.0,8719.240234375,52448.0,4845.64990234375,19399.919921875,43.04999923706055
2011-08-22,1123.8199462890625,5473.77978515625,8628.1298828125,52440.0,4898.7998046875,19486.869140625,42.439998626708984
2011-08-23,1162.3499755859375,5532.3798828125,8733.009765625,53787.0,4948.89990234375,19875.529296875,36.27000045776367
2011-08-24,1177.5999755859375,5681.080078125,8639.6103515625,53796.0,4888.89990234375,19466.7890625,35.900001525878906
2011-08-25,1159.27001953125,5584.14013671875,8772.3603515625,52953.0,4839.60009765625,19752.48046875,39.7599983215332
2011-08-26,1176.800048828125,5537.47998046875,8797.7802734375,53351.0,4747.7998046875,19582.880859375,35.59000015258789
2011-08-29,1210.0799560546875,5670.06982421875,8851.349609375,54861.0,4919.60009765625,19865.109375,32.279998779296875
2011-08-30,1212.9200439453125,5643.919921875,8953.900390625,55385.0,5001.0,20204.169921875,32.88999938964844
2011-08-31,1218.8900146484375,5784.85009765625,8955.2001953125,56495.0,,20534.849609375,31.6200008392334
2011-09-01,1204.4200439453125,5730.6298828125,9060.7998046875,58118.0,,20585.330078125,31.81999969482422
2011-09-02,1173.969970703125,5538.330078125,8950.740234375,56532.0,5040.0,20212.91015625,33.91999816894531
2011-09-05,,5246.18017578125,8784.4599609375,54998.0,5017.2001953125,19616.400390625,
2011-09-06,1165.239990234375,5193.97021484375,8590.5703125,56607.0,5064.2998046875,19710.5,37.0
2011-09-07,1198.6199951171875,5405.52978515625,8763.41015625,,5124.64990234375,20048.0,33.380001068115234
2011-09-08,1185.9000244140625,5408.4599609375,8793.1201171875,57624.0,5153.25,19912.8203125,34.31999969482422
2011-09-09,1154.22998046875,5189.93017578125,8737.66015625,55778.0,5059.4501953125,19866.630859375,38.52000045776367
2011-09-12,1162.27001953125,5072.330078125,8535.669921875,55685.0,4946.7998046875,19030.5390625,38.59000015258789
2011-09-13,1172.8699951171875,5166.35986328125,8616.5498046875,55544.0,4940.9501953125,,36.90999984741211
2011-09-14,1188.6800537109375,5340.18994140625,8518.5703125,56286.0,5012.5498046875,19045.439453125,34.599998474121094
2011-09-15,1209.1099853515625,5508.240234375,8668.8603515625,56381.0,5075.7001953125,19181.5,31.969999313354492
2011-09-16,1216.010009765625,5573.509765625,8864.16015625,57210.0,5084.25,19455.310546875,30.979999542236328
2011-09-19,1204.0899658203125,5415.91015625,,57103.0,5031.9501953125,18917.94921875,32.72999954223633
2011-09-20,1202.0899658203125,5571.68017578125,8721.240234375,56379.0,5140.2001953125,19014.80078125,32.86000061035156
2011-09-21,1166.760009765625,5433.7998046875,8741.16015625,55982.0,5133.25,18824.169921875,37.31999969482422
2011-09-22,1129.56005859375,5164.2099609375,8560.259765625,53280.0,4923.64990234375,17911.94921875,41.349998474121094
2011-09-23,1136.4300537109375,5196.56005859375,,53230.0,4867.75,17668.830078125,41.25
2011-09-26,1162.949951171875,5345.56005859375,8374.1298828125,53748.0,4835.39990234375,17407.80078125,39.02000045776367
2011-09-27,1175.3800048828125,5628.43994140625,8609.9501953125,53920.0,4971.25,18130.55078125,37.709999084472656
2011-09-28,1151.06005859375,5578.419921875,8615.650390625,53270.0,4945.89990234375,18011.060546875,41.08000183105469
2011-09-29,1160.4000244140625,5639.580078125,8701.23046875,53385.0,5015.4501953125,,38.84000015258789
2011-09-30,1131.4200439453125,5502.02001953125,8700.2900390625,52324.0,4943.25,17592.41015625,42.959999084472656
2011-10-03,1099.22998046875,,8545.48046875,50792.0,4849.5,16822.150390625,45.45000076293945
2011-10-04,1123.949951171875,5216.7099609375,8456.1201171875,50686.0,4772.14990234375,16250.26953125,40.81999969482422
2011-10-05,1144.030029296875,5473.02978515625,8382.98046875,51014.0,4751.2998046875,,37.810001373291016
2011-10-06,1164.969970703125,5645.25,8522.01953125,52290.0,,17172.279296875,36.27000045776367
2011-10-07,1155.4599609375,5675.7001953125,8605.6201171875,51244.0,4888.0498046875,17707.009765625,36.20000076293945
2011-10-10,1194.8900146484375,5847.2900390625,,53273.0,4979.60009765625,17711.060546875,33.02000045776367
2011-10-11,1195.5400390625,5865.009765625,8773.6796875,53838.0,4974.35009765625,18141.58984375,32.86000061035156
2011-10-12,1207.25,5994.47021484375,8738.900390625,,5099.39990234375,18329.4609375,31.260000228881836
2011-10-13,1203.6600341796875,5914.83984375,8823.25,54601.0,5077.85009765625,18757.810546875,30.700000762939453
2011-10-14,1224.5799560546875,5967.2001953125,8747.9599609375,55030.0,5132.2998046875,18501.7890625,28.239999771118164
2011-10-17,1200.8599853515625,5859.43017578125,8879.599609375,53911.0,5118.25,18873.990234375,33.38999938964844
2011-10-18,1225.3800048828125,5877.41015625,8741.91015625,55032.0,5037.5,18076.4609375,31.559999465942383
2011-10-19,1209.8800048828125,5913.52978515625,8772.5400390625,54966.0,5139.14990234375,18309.220703125,34.439998626708984
2011-10-20,1215.3900146484375,5766.47998046875,8682.150390625,54010.0,5091.89990234375,17983.099609375,34.779998779296875
2011-10-21,1238.25,5970.9599609375,8678.8896484375,55255.0,5049.9501953125,18025.720703125,31.31999969482422
2011-10-24,1254.18994140625,6055.27001953125,8843.98046875,56892.0,5098.35009765625,18771.8203125,29.260000228881836
2011-10-25,1229.050048828125,6046.75,8762.3095703125,56286.0,5191.60009765625,18968.19921875,32.220001220703125
2011-10-26,1242.0,6016.06982421875,8748.4697265625,57144.0,,19066.5390625,29.860000610351562
2011-10-27,1284.5899658203125,6337.83984375,8926.5400390625,59270.0,,19688.69921875,25.459999084472656
2011-10-28,1285.0899658203125,6346.18994140625,9050.4697265625,59513.0,5360.7001953125,20019.240234375,24.530000686645508
2011-10-31,1253.300048828125,6141.33984375,8988.3896484375,58338.0,5326.60009765625,19864.869140625,29.959999084472656
2011-11-01,1218.280029296875,5834.509765625,8835.51953125,57323.0,5257.9501953125,19369.9609375,34.77000045776367
2011-11-02,1237.9000244140625,5965.6298828125,8640.419921875,,5258.4501953125,19733.7109375,32.7400016784668
2011-11-03,1261.1500244140625,6133.18017578125,,58196.0,5265.75,19242.5,30.5
2011-11-04,1253.22998046875,5966.16015625,8801.400390625,58670.0,5284.2001953125,19842.7890625,30.15999984741211
2011-11-07,1261.1199951171875,5928.68017578125,8767.08984375,59199.0,,19677.890625,29.850000381469727
2011-11-08,1275.9200439453125,5961.43994140625,8655.509765625,59026.0,5289.35009765625,19678.470703125,27.479999542236328
2011-11-09,1229.0999755859375,5829.5400390625,8755.4404296875,57550.0,5221.0498046875,20014.4296875,36.15999984741211
2011-11-10,1239.699951171875,5867.81005859375,8500.7998046875,57322.0,,18963.890625,32.810001373291016
2011-11-11,1263.8499755859375,6057.02978515625,8514.4697265625,58547.0,5168.85009765625,19137.169921875,30.040000915527344
2011-11-14,1251.780029296875,5985.02001953125,8603.7001953125,58258.0,5148.35009765625,19508.1796875,31.1299991607666
2011-11-15,1257.81005859375,5933.14013671875,8541.9296875,,5068.5,19348.439453125,31.219999313354492
2011-11-16,1236.9100341796875,5913.35986328125,8463.16015625,58560.0,5030.4501953125,18960.900390625,33.5099983215332
2011-11-17,1216.1300048828125,5850.169921875,8479.6298828125,56989.0,4934.75,18817.470703125,34.5099983215332
2011-11-18,1215.6500244140625,5800.240234375,8374.91015625,56731.0,4905.7998046875,18491.23046875,32.0
2011-11-21,1192.97998046875,5606.0,8348.26953125,56285.0,4778.35009765625,18225.849609375,32.90999984741211
2011-11-22,1188.0400390625,5537.39013671875,8314.740234375,55878.0,4812.35009765625,18251.58984375,31.969999313354492
2011-11-23,1161.7900390625,5457.77001953125,,54972.0,4706.4501953125,17864.4296875,33.97999954223633
2011-11-24,,5428.10986328125,8165.18017578125,55280.0,,17935.099609375,
2011-11-25,1158.6700439453125,5492.8701171875,8160.009765625,54894.0,4710.0498046875,17689.48046875,34.470001220703125
2011-11-28,1192.550048828125,5745.330078125,8287.490234375,56017.0,4851.2998046875,18037.810546875,32.130001068115234
2011-11-29,1195.18994140625,5799.91015625,8477.8203125,55300.0,4805.10009765625,18256.19921875,30.639999389648438
2011-11-30,1246.9599609375,6088.83984375,8434.6103515625,56875.0,4832.0498046875,17989.349609375,27.799999237060547
2011-12-01,1244.5799560546875,6035.8798828125,8597.3798828125,58143.0,4936.85009765625,19002.259765625,27.40999984741211
2011-12-02,1244.280029296875,6080.68017578125,8643.75,57886.0,5050.14990234375,19040.390625,27.520000457763672
2011-12-05,1257.0799560546875,6106.08984375,8695.98046875,58910.0,5039.14990234375,19179.689453125,27.84000015258789
2011-12-06,1258.469970703125,6028.81982421875,8575.16015625,59536.0,,18942.23046875,28.1299991607666
2011-12-07,1261.010009765625,5994.72998046875,8722.169921875,58663.0,5062.60009765625,19240.580078125,28.670000076293945
2011-12-08,1234.3499755859375,5874.43994140625,8664.580078125,57455.0,4943.64990234375,19107.810546875,30.59000015258789
2011-12-09,1255.18994140625,5986.7099609375,8536.4599609375,58236.0,4866.7001953125,18586.23046875,26.3799991607666
2011-12-12,1236.469970703125,5785.43017578125,8653.8203125,57347.0,4764.60009765625,18575.66015625,25.670000076293945
2011-12-13,1225.72998046875,5774.259765625,8552.8095703125,57495.0,4800.60009765625,18447.169921875,25.40999984741211
2011-12-14,1211.8199462890625,5675.14013671875,8519.1298828125,56647.0,4763.25,18354.4296875,26.040000915527344
2011-12-15,1215.75,5730.6201171875,8377.3701171875,56331.0,4746.35009765625,18026.83984375,25.110000610351562
2011-12-16,1219.6600341796875,5701.77978515625,8401.7197265625,56097.0,4651.60009765625,18285.390625,24.290000915527344
2011-12-19,1205.3499755859375,5670.7099609375,8296.1201171875,55298.0,4613.10009765625,18070.2109375,24.920000076293945
2011-12-20,1241.300048828125,5847.02978515625,8336.48046875,56865.0,4544.2001953125,18080.19921875,23.219999313354492
2011-12-21,1243.719970703125,5791.52978515625,8459.98046875,56653.0,4693.14990234375,18416.44921875,21.43000030517578
2011-12-22,1254.0,5852.18017578125,8395.16015625,57348.0,4733.85009765625,18378.23046875,21.15999984741211
2011-12-23,1265.3299560546875,5878.93017578125,,57701.0,4714.0,18629.169921875,20.729999542236328
2011-12-26,,,8479.33984375,57669.0,,,
2011-12-27,1265.4300537109375,5889.759765625,8440.5595703125,58005.0,4750.5,,21.90999984741211
2011-12-28,1249.6400146484375,5771.27001953125,8423.6201171875,56534.0,4705.7998046875,18518.669921875,23.520000457763672
2011-12-29,1263.02001953125,5848.77978515625,8398.8896484375,56754.0,4646.25,18397.919921875,22.649999618530273
2011-12-30,1257.5999755859375,5898.35009765625,8455.349609375,,4624.2998046875,18434.390625,23.399999618530273
2012-01-02,,6075.52001953125,,,,,
2012-01-03,1277.06005859375,6166.56982421875,,59265.0,4765.2998046875,18877.41015625,22.969999313354492
2012-01-04,1277.300048828125,6111.5498046875,8560.1103515625,59365.0,4749.64990234375,18727.310546875,22.219999313354492
2012-01-05,1281.06005859375,6095.990234375,8488.7099609375,58546.0,4749.9501953125,18813.41015625,21.479999542236328
2012-01-06,1277.81005859375,6057.919921875,8390.349609375,58600.0,4754.10009765625,18593.060546875,20.6299991607666
2012-01-09,1280.699951171875,6017.22998046875,,59083.0,4742.7998046875,18865.720703125,21.06999969482422
2012-01-10,1292.0799560546875,6162.97998046875,8422.259765625,59806.0,4849.5498046875,19004.279296875,20.690000534057617
2012-01-11,1292.47998046875,6152.33984375,8447.8798828125,59962.0,4860.9501953125,19151.939453125,21.049999237060547
2012-01-12,1295.5,6179.2099609375,8385.58984375,59921.0,4831.25,19095.380859375,20.469999313354492
2012-01-13,1289.0899658203125,6143.080078125,8500.01953125,59147.0,4866.0,19204.419921875,20.90999984741211
2012-01-16,,6220.009765625,8378.3603515625,59956.0,4873.89990234375,19012.19921875,
2012-01-17,1293.6700439453125,6332.93017578125,8466.400390625,60646.0,4967.2998046875,19627.75,22.200000762939453
2012-01-18,1308.0400390625,6354.56982421875,8550.580078125,61723.0,4955.7998046875,19686.919921875,20.889999389648438
2012-01-19,1314.5,6416.259765625,8639.6796875,61927.0,5018.39990234375,19942.94921875,19.8700008392334
2012-01-20,1315.3800048828125,6404.39013671875,8766.3603515625,62312.0,5048.60009765625,20110.369140625,18.280000686645508
2012-01-23,1316.0,6436.6201171875,8765.900390625,62386.0,5046.25,,18.670000076293945
2012-01-24,1314.6500244140625,6419.22021484375,8785.330078125,62486.0,5127.35009765625,,18.90999984741211
2012-01-25,1326.06005859375,6421.85009765625,8883.6904296875,,5158.2998046875,,18.309999465942383
2012-01-26,1318.4300537109375,6539.85009765625,8849.4697265625,62953.0,,20439.140625,18.56999969482422
2012-01-27,1316.3299560546875,6511.97998046875,8841.2197265625,62904.0,5204.7001953125,20501.669921875,18.530000686645508
2012-01-30,1313.010009765625,6444.4501953125,8793.0498046875,62770.0,5087.2998046875,20160.41015625,19.399999618530273
2012-01-31,1312.4100341796875,6458.91015625,8802.509765625,63072.0,5199.25,20390.490234375,19.440000534057617
2012-02-01,1324.0899658203125,6616.64013671875,8809.7900390625,64567.0,5235.7001953125,20333.369140625,18.549999237060547
2012-02-02,1325.5400390625,6655.6298828125,8876.8203125,64593.0,5269.89990234375,20739.44921875,17.979999542236328
2012-02-03,1344.9000244140625,6766.669921875,8831.9296875,65217.0,5325.85009765625,20756.98046875,17.100000381469727
2012-02-06,1344.3299560546875,6764.830078125,8929.2001953125,65224.0,5361.64990234375,20709.939453125,17.760000228881836
2012-02-07,1347.050048828125,6754.2001953125,8917.51953125,65917.0,5335.14990234375,20699.189453125,17.649999618530273
2012-02-08,1349.9599609375,6748.759765625,9015.58984375,65831.0,5368.14990234375,21018.4609375,18.15999984741211
2012-02-09,1351.949951171875,6788.7998046875,9002.240234375,65530.0,5412.35009765625,21010.009765625,18.6299991607666
2012-02-10,1342.6400146484375,6692.9599609375,8947.169921875,63998.0,5381.60009765625,20783.859375,20.790000915527344
2012-02-13,1351.77001953125,6738.47021484375,8999.1796875,65692.0,5390.2001953125,20887.400390625,19.040000915527344
2012-02-14,1350.5,6728.18994140625,9052.0703125,65039.0,5416.0498046875,20917.830078125,19.540000915527344
2012-02-15,1343.22998046875,6757.93994140625,9260.33984375,65368.0,5531.9501953125,21365.23046875,21.139999389648438
2012-02-16,1358.0400390625,6751.9599609375,9238.099609375,66142.0,5521.9501953125,21277.279296875,19.219999313354492
2012-02-17,1361.22998046875,6848.02978515625,9384.169921875,66204.0,5564.2998046875,21491.619140625,17.780000686645508
2012-02-20,,6948.25,9485.08984375,,,21424.7890625,
2012-02-21,1362.2099609375,6908.18017578125,9463.01953125,,5607.14990234375,21478.720703125,18.190000534057617
2012-02-22,1357.6600341796875,6843.8701171875,9554.0,,5505.35009765625,21549.279296875,18.190000534057617
2012-02-23,1363.4599609375,6809.4599609375,9595.5703125,65820.0,5483.2998046875,21380.990234375,16.799999237060547
2012-02-24,1365.739990234375,6864.43017578125,9647.3798828125,65943.0,5429.2998046875,21406.859375,17.309999465942383
2012-02-27,1367.5899658203125,6849.60009765625,9633.9296875,65241.0,5281.2001953125,21217.859375,18.190000534057617
2012-02-28,1372.1800537109375,6887.6298828125,9722.51953125,65959.0,5375.5,21568.73046875,17.959999084472656
2012-02-29,1365.6800537109375,6856.080078125,9723.240234375,65812.0,5385.2001953125,21680.080078125,18.43000030517578
2012-03-01,1374.0899658203125,6941.77001953125,9707.3701171875,66810.0,5339.75,21387.9609375,17.260000228881836
2012-03-02,1369.6300048828125,6921.3701171875,9777.0302734375,67782.0,5359.35009765625,21562.259765625,17.290000915527344
2012-03-05,1364.3299560546875,6866.4599609375,9698.58984375,66964.0,5280.35009765625,21265.310546875,18.049999237060547
2012-03-06,1343.3599853515625,6633.10986328125,9637.6298828125,65114.0,5222.39990234375,20806.25,20.8700008392334
2012-03-07,1352.6300048828125,6671.10986328125,9576.0595703125,66017.0,5220.4501953125,20627.779296875,19.06999969482422
2012-03-08,1365.9100341796875,6834.5400390625,9768.9599609375,66908.0,,20900.73046875,17.950000762939453
2012-03-09,1370.8699951171875,6880.2099609375,9929.740234375,66704.0,5333.5498046875,21086.0,17.110000610351562
2012-03-12,1371.0899658203125,6901.35009765625,9889.8603515625,66385.0,5359.5498046875,21134.1796875,15.640000343322754
2012-03-13,1395.949951171875,6995.91015625,9899.080078125,68394.0,5429.5,21339.69921875,14.800000190734863
2012-03-14,1394.280029296875,7079.419921875,10050.51953125,68257.0,5463.89990234375,21307.890625,15.3100004196167
2012-03-15,1402.5999755859375,7144.4501953125,10123.2802734375,67749.0,5380.5,21353.529296875,15.420000076293945
2012-03-16,1404.1700439453125,7157.81982421875,10129.830078125,67684.0,5317.89990234375,21317.849609375,14.470000267028809
2012-03-19,1409.75,7154.22021484375,10141.990234375,67730.0,5257.0498046875,,15.039999961853027
2012-03-20,1405.52001953125,7054.93994140625,,67296.0,5274.85009765625,20888.240234375,15.579999923706055
2012-03-21,1402.8900146484375,7071.31982421875,10086.490234375,66860.0,5364.9501953125,20856.630859375,15.130000114440918
2012-03-22,1392.780029296875,6981.259765625,10127.080078125,65828.0,5228.4501953125,20901.560546875,15.569999694824219
2012-03-23,1397.1099853515625,6995.6201171875,10011.4697265625,65813.0,5278.2001953125,20668.80078125,14.819999694824219
2012-03-26,1416.510009765625,7079.22998046875,10018.240234375,66685.0,5184.25,20668.859375,14.260000228881836
2012-03-27,1412.52001953125,7078.89990234375,10255.150390625,66037.0,5243.14990234375,21046.91015625,15.59000015258789
2012-03-28,1405.5400390625,6998.7998046875,10182.5703125,65079.0,5194.75,20885.419921875,15.470000267028809
2012-03-29,1403.280029296875,6875.14990234375,10114.7900390625,64872.0,5178.85009765625,20609.390625,15.479999542236328
2012-03-30,1408.469970703125,6946.830078125,10083.5595703125,64511.0,5295.5498046875,20555.580078125,15.5
2012-04-02,1419.0400390625,7056.64990234375,10109.8701171875,65216.0,5317.89990234375,20522.259765625,15.640000343322754
2012-04-03,1413.3800048828125,6982.27978515625,10050.3896484375,64284.0,5358.5,20790.98046875,15.65999984741211
2012-04-04,1398.9599609375,6784.06005859375,9819.990234375,63529.0,5322.89990234375,,16.440000534057617
2012-04-05,1398.0799560546875,6775.259765625,9767.6103515625,63691.0,,20593.0,16.700000762939453
2012-04-06,,,9688.4501953125,,,,
2012-04-09,1382.199951171875,,9546.259765625,62923.0,5234.39990234375,,18.809999465942383
2012-04-10,1358.5899658203125,6606.43017578125,9538.01953125,61738.0,5243.60009765625,20356.240234375,20.389999389648438
2012-04-11,1368.7099609375,6674.72998046875,9458.740234375,61293.0,5226.85009765625,20140.669921875,20.020000457763672
2012-04-12,1387.5699462890625,6743.240234375,9524.7900390625,63058.0,5276.85009765625,20327.3203125,17.200000762939453
2012-04-13,1370.260009765625,6583.89990234375,9637.990234375,62106.0,5207.4501953125,20701.0390625,19.549999237060547
2012-04-16,1369.5699462890625,6625.18994140625,9470.6396484375,61955.0,5226.2001953125,20610.640625,19.549999237060547
2012-04-17,1390.780029296875,6801.0,9464.7099609375,62699.0,5289.7001953125,20562.310546875,18.459999084472656
2012-04-18,1385.1400146484375,6732.02978515625,9667.259765625,63010.0,5300.0,20780.73046875,18.639999389648438
2012-04-19,1376.9200439453125,6671.22021484375,9588.3798828125,62618.0,5332.39990234375,20995.009765625,18.360000610351562
2012-04-20,1378.530029296875,6750.1201171875,9561.3603515625,62494.0,5290.85009765625,21010.640625,17.440000534057617
2012-04-23,1366.93994140625,6523.0,9542.169921875,61539.0,5200.60009765625,20624.390625,18.969999313354492
2012-04-24,1371.969970703125,6590.41015625,9468.0400390625,61971.0,5222.64990234375,20677.16015625,18.100000381469727
2012-04-25,1390.68994140625,6704.5,9561.009765625,61750.0,5202.0,20646.2890625,16.81999969482422
2012-04-26,1399.97998046875,6739.89990234375,9561.830078125,62198.0,5189.0,20809.7109375,16.239999771118164
2012-04-27,1403.3599853515625,6801.31982421875,9520.8896484375,61691.0,5190.60009765625,20741.44921875,16.31999969482422
2012-04-30,1397.9100341796875,6761.18994140625,,61820.0,5248.14990234375,21094.2109375,17.149999618530273
2012-05-01,1405.8199462890625,,9350.9501953125,,,,16.600000381469727
2012-05-02,1402.31005859375,6710.77001953125,9380.25,62424.0,5239.14990234375,21309.080078125,16.8799991607666
2012-05-03,1391.5699462890625,6694.43994140625,,62104.0,5188.39990234375,21249.529296875,17.559999465942383
2012-05-04,1369.0999755859375,6561.47021484375,,60821.0,5086.85009765625,21086.0,19.15999984741211
2012-05-07,1369.5799560546875,6569.47998046875,9119.1396484375,61220.0,5114.14990234375,20536.650390625,18.940000534057617
2012-05-08,1363.719970703125,6444.740234375,9181.650390625,60365.0,4999.9501953125,20484.75,19.049999237060547
2012-05-09,1354.5799560546875,6475.31005859375,9045.0595703125,59786.0,4974.7998046875,20330.640625,20.079999923706055
2012-05-10,1357.989990234375,6518.0,9009.650390625,59702.0,4965.7001953125,20227.279296875,18.829999923706055
2012-05-11,1353.3900146484375,6579.93017578125,8953.3095703125,59445.0,4928.89990234375,19964.630859375,19.889999389648438
2012-05-14,1338.3499755859375,6451.97021484375,8973.83984375,57540.0,4907.7998046875,19735.0390625,21.8700008392334
2012-05-15,1330.6600341796875,6401.06005859375,8900.740234375,56238.0,4942.7998046875,19894.310546875,21.969999313354492
2012-05-16,1324.800048828125,6384.259765625,8801.169921875,55888.0,4858.25,19259.830078125,22.270000457763672
2012-05-17,1304.8599853515625,6308.9599609375,8876.58984375,54038.0,4870.2001953125,19200.9296875,24.489999771118164
2012-05-18,1295.219970703125,6271.22021484375,8611.3095703125,54513.0,4891.4501953125,18951.849609375,25.100000381469727
2012-05-21,1315.989990234375,6331.0400390625,8633.8896484375,56590.0,,18922.3203125,22.010000228881836
2012-05-22,1316.6300048828125,6435.60009765625,8729.2900390625,55039.0,4860.5,19039.150390625,22.479999542236328
2012-05-23,1318.8599853515625,6285.75,8556.599609375,54619.0,4835.64990234375,18786.189453125,22.329999923706055
2012-05-24,1320.6800537109375,6315.89013671875,8563.3798828125,54063.0,4921.39990234375,18666.400390625,21.540000915527344
2012-05-25,1317.8199462890625,6339.93994140625,8580.3896484375,54463.0,4920.39990234375,18713.41015625,21.760000228881836
2012-05-28,,6323.18994140625,8593.150390625,55213.0,4985.64990234375,18800.990234375,
2012-05-29,1332.4200439453125,6396.83984375,8657.080078125,54633.0,4990.10009765625,19055.4609375,21.030000686645508
2012-05-30,1313.3199462890625,6280.7998046875,8633.1904296875,53798.0,4950.75,18690.220703125,24.139999389648438
2012-05-31,1310.3299560546875,6264.3798828125,8542.73046875,54490.0,4924.25,18629.51953125,24.059999465942383
2012-06-01,1278.0400390625,6050.2900390625,8440.25,53403.0,4841.60009765625,18558.33984375,26.65999984741211
2012-06-04,1278.1800537109375,5978.22998046875,8295.6298828125,53417.0,4848.14990234375,18185.58984375,26.1200008392334
2012-06-05,1285.5,5969.39990234375,8382.0,52481.0,4863.2998046875,18259.029296875,24.68000030517578
2012-06-06,1315.1300048828125,6093.990234375,8533.5302734375,54156.0,4997.10009765625,18520.529296875,22.15999984741211
2012-06-07,1314.989990234375,6144.22021484375,8639.7197265625,,5049.64990234375,18678.2890625,21.719999313354492
2012-06-08,1325.6600341796875,6130.81982421875,8459.259765625,54430.0,5068.35009765625,18502.33984375,21.229999542236328
2012-06-11,1308.9300537109375,6141.0498046875,8624.900390625,54001.0,5054.10009765625,18953.630859375,23.559999465942383
2012-06-12,1324.1800537109375,6161.240234375,8536.7197265625,55049.0,5115.89990234375,18872.560546875,22.09000015258789
2012-06-13,1314.8800048828125,6152.490234375,8587.83984375,55651.0,5121.4501953125,19026.51953125,24.270000457763672
2012-06-14,1329.0999755859375,6138.60986328125,8568.8896484375,55352.0,5054.75,18808.400390625,21.68000030517578
2012-06-15,1342.8399658203125,6229.41015625,8569.3203125,56105.0,5139.0498046875,19233.939453125,21.110000610351562
2012-06-18,1344.780029296875,6248.2001953125,8721.01953125,56195.0,5064.25,19427.810546875,18.31999969482422
2012-06-19,1357.97998046875,6363.35986328125,8655.8701171875,57195.0,5103.85009765625,19416.669921875,18.3799991607666
2012-06-20,1355.68994140625,6392.1298828125,8752.3095703125,57167.0,5120.5498046875,19518.849609375,17.239999771118164
2012-06-21,1325.510009765625,6343.1298828125,8824.0703125,55505.0,5165.0,19265.0703125,20.079999923706055
2012-06-22,1335.02001953125,6263.25,8798.349609375,55440.0,5146.0498046875,18995.130859375,18.110000610351562
2012-06-25,1313.719970703125,6132.39013671875,8734.6201171875,53805.0,5114.64990234375,18897.44921875,20.3799991607666
2012-06-26,1319.989990234375,6136.68994140625,8663.990234375,53837.0,5120.7998046875,18981.83984375,19.719999313354492
2012-06-27,1331.8499755859375,6228.990234375,8730.490234375,53109.0,5141.89990234375,19176.94921875,19.450000762939453
2012-06-28,1329.0400390625,6149.91015625,8874.1103515625,52652.0,5149.14990234375,19025.26953125,19.709999084472656
2012-06-29,1362.1600341796875,6416.27978515625,9006.7802734375,54355.0,5278.89990234375,19441.4609375,17.079999923706055
2012-07-02,1365.510009765625,6496.080078125,9003.48046875,54693.0,5278.60009765625,,16.799999237060547
2012-07-03,1374.02001953125,6578.2099609375,9066.58984375,55780.0,5287.9501953125,19735.529296875,16.65999984741211
2012-07-04,,6564.7998046875,9104.169921875,56077.0,5302.5498046875,19709.75,
2012-07-05,1367.5799560546875,6535.56005859375,9079.7998046875,56379.0,5327.2998046875,19809.130859375,17.5
2012-07-06,1354.6800537109375,6410.10986328125,9020.75,55394.0,5316.9501953125,19800.640625,17.100000381469727
2012-07-09,1352.4599609375,6387.56982421875,8896.8798828125,,5275.14990234375,19428.08984375,17.979999542236328
2012-07-10,1341.469970703125,6438.330078125,8857.73046875,53706.0,5345.35009765625,19396.359375,18.719999313354492
2012-07-11,1341.449951171875,6453.85009765625,8851.0,53569.0,5306.2998046875,19419.869140625,17.950000762939453
2012-07-12,1334.760009765625,6419.35009765625,8720.009765625,53421.0,5235.25,19025.109375,18.329999923706055
2012-07-13,1356.780029296875,6557.10009765625,8724.1201171875,54331.0,5227.25,19092.630859375,16.739999771118164
2012-07-16,1353.6400146484375,6565.72021484375,,53402.0,5197.25,19121.33984375,17.110000610351562
2012-07-17,1363.6700439453125,6577.64013671875,8755.0,53909.0,5192.85009765625,19455.330078125,16.479999542236328
2012-07-18,1372.780029296875,6684.419921875,8726.740234375,54583.0,5216.2998046875,19239.880859375,16.15999984741211
2012-07-19,1376.510009765625,6758.39013671875,8795.5498046875,55347.0,5242.7001953125,19559.05078125,15.449999809265137
2012-07-20,1362.6600341796875,6630.02001953125,8669.8701171875,54195.0,5205.10009765625,19640.80078125,16.270000457763672
2012-07-23,1350.52001953125,6419.330078125,8508.3203125,53034.0,5117.9501953125,19053.470703125,18.6200008392334
2012-07-24,1338.31005859375,6390.41015625,8488.08984375,52639.0,5128.2001953125,18903.19921875,20.469999313354492
2012-07-25,1337.8900146484375,6406.52001953125,8365.900390625,52608.0,5109.60009765625,18877.330078125,19.34000015258789
2012-07-26,1360.02001953125,6582.9599609375,8443.099609375,54003.0,5043.0,18892.7890625,17.530000686645508
2012-07-27,1385.969970703125,6689.39990234375,8566.6396484375,56553.0,5099.85009765625,19274.9609375,16.700000762939453
2012-07-30,1385.300048828125,6774.06005859375,8635.4404296875,57241.0,5199.7998046875,19585.400390625,18.030000686645508
2012-07-31,1379.3199462890625,6772.259765625,8695.0595703125,56097.0,5229.0,19796.810546875,18.93000030517578
2012-08-01,1375.3199462890625,6754.4599609375,8641.849609375,55623.0,5240.5,19820.380859375,18.959999084472656
2012-08-02,1365.0,6606.08984375,8653.1796875,55520.0,5227.75,19690.19921875,17.56999969482422
2012-08-03,1390.989990234375,6865.66015625,8555.1103515625,57255.0,5215.7001953125,19666.1796875,15.640000343322754
2012-08-06,1394.22998046875,6918.72021484375,8726.2900390625,58345.0,5282.5498046875,19998.720703125,15.949999809265137
2012-08-07,1401.3499755859375,6967.9501953125,8803.3095703125,57726.0,5336.7001953125,20072.55078125,15.989999771118164
2012-08-08,1402.219970703125,6966.14990234375,8881.16015625,58951.0,5338.0,20065.51953125,15.319999694824219
2012-08-09,1402.800048828125,6964.990234375,8978.599609375,58797.0,5322.9501953125,20269.470703125,15.279999732971191
2012-08-10,1405.8699951171875,6944.56005859375,8891.4404296875,59281.0,5320.39990234375,20136.119140625,14.739999771118164
2012-08-13,1404.1099853515625,6909.68017578125,8885.150390625,59123.0,5347.89990234375,20081.359375,13.699999809265137
2012-08-14,1403.9300537109375,6974.39013671875,8929.8798828125,58083.0,5380.35009765625,20291.6796875,14.850000381469727
2012-08-15,1405.530029296875,6946.7998046875,8925.0400390625,58189.0,,20052.2890625,14.630000114440918
2012-08-16,1415.510009765625,6996.2900390625,9092.759765625,59446.0,5362.9501953125,19962.94921875,14.289999961853027
2012-08-17,1418.1600341796875,7040.8798828125,9162.5,59082.0,5366.2998046875,20116.0703125,13.449999809265137
2012-08-20,1418.1300048828125,7033.68017578125,9171.16015625,59283.0,,20104.26953125,14.020000457763672
2012-08-21,1413.1700439453125,7089.31982421875,9156.919921875,58918.0,5421.0,20100.08984375,15.020000457763672
2012-08-22,1413.489990234375,7017.75,9131.740234375,59381.0,5412.85009765625,19887.779296875,15.109999656677246
2012-08-23,1402.0799560546875,6949.56982421875,9178.1201171875,58512.0,5415.35009765625,20132.240234375,15.960000038146973
2012-08-24,1411.1300048828125,6971.06982421875,9070.759765625,58426.0,5386.7001953125,19880.029296875,15.180000305175781
2012-08-27,1410.43994140625,7047.4501953125,9085.3896484375,58111.0,5350.25,19798.669921875,16.350000381469727
2012-08-28,1409.300048828125,7002.68017578125,9033.2900390625,58406.0,,19811.80078125,16.489999771118164
2012-08-29,1410.489990234375,7010.56982421875,9069.8095703125,57369.0,5287.7998046875,19788.509765625,17.059999465942383
2012-08-30,1399.47998046875,6895.490234375,8983.7802734375,57256.0,5315.0498046875,19552.91015625,17.829999923706055
2012-08-31,1406.5799560546875,6970.7900390625,8839.91015625,57061.0,5258.5,19482.5703125,17.469999313354492
2012-09-03,,7014.830078125,8783.8896484375,57281.0,5253.75,19559.2109375,
2012-09-04,1404.93994140625,6932.580078125,8775.509765625,56234.0,5274.0,19429.91015625,17.979999542236328
2012-09-05,1403.43994140625,6964.68994140625,8679.8203125,56864.0,5225.7001953125,19145.0703125,17.739999771118164
2012-09-06,1432.1199951171875,7167.330078125,8680.5703125,58321.0,5238.39990234375,19209.30078125,15.600000381469727
2012-09-07,1437.9200439453125,7214.5,8871.650390625,,5342.10009765625,19802.16015625,14.380000114440918
2012-09-10,1429.0799560546875,7213.7001953125,8869.3701171875,58404.0,5363.4501953125,19827.169921875,16.280000686645508
2012-09-11,1433.56005859375,7310.10986328125,8807.3798828125,59423.0,5390.0,19857.880859375,16.40999984741211
2012-09-12,1436.56005859375,7343.52978515625,8959.9599609375,59922.0,5431.0,20075.390625,15.800000190734863
2012-09-13,1459.989990234375,7310.31982421875,8995.150390625,61958.0,5435.35009765625,20047.630859375,14.050000190734863
2012-09-14,1465.77001953125,7412.1298828125,9159.3896484375,62105.0,5577.64990234375,20629.779296875,14.510000228881836
2012-09-17,1461.18994140625,7403.68994140625,,61806.0,5610.0,20658.109375,14.59000015258789
2012-09-18,1459.3199462890625,7347.68994140625,9123.76953125,61804.0,5600.0498046875,20601.9296875,14.180000305175781
2012-09-19,1461.050048828125,7390.759765625,9232.2099609375,61652.0,,20841.91015625,13.880000114440918
2012-09-20,1460.260009765625,7389.490234375,9086.98046875,61688.0,5554.25,20590.919921875,14.069999694824219
2012-09-21,1460.1500244140625,7451.6201171875,9110.0,61320.0,5691.14990234375,20734.939453125,13.979999542236328
2012-09-24,1456.8900146484375,7413.16015625,9069.2900390625,61910.0,5669.60009765625,20694.69921875,14.149999618530273
2012-09-25,1441.5899658203125,7425.10986328125,9091.5400390625,60501.0,5673.89990234375,20698.6796875,15.430000305175781
2012-09-26,1433.3199462890625,7276.509765625,8906.7001953125,60478.0,5663.4501953125,20527.73046875,16.809999465942383
2012-09-27,1447.1500244140625,7290.02001953125,8949.8701171875,60240.0,5649.5,20762.2890625,14.84000015258789
2012-09-28,1440.6700439453125,7216.14990234375,8870.16015625,59176.0,5703.2998046875,20840.380859375,15.729999542236328
2012-10-01,1444.489990234375,7326.72998046875,8796.509765625,59571.0,5718.7998046875,,16.31999969482422
2012-10-02,1445.75,7305.85986328125,8786.0498046875,59222.0,,,15.710000038146973
2012-10-03,1450.989990234375,,8746.8701171875,58627.0,5731.25,20888.279296875,15.430000305175781
2012-10-04,1461.4000244140625,7305.2099609375,8824.58984375,58458.0,5787.60009765625,20907.94921875,14.550000190734863
2012-10-05,1460.9300537109375,7397.8701171875,8863.2998046875,58572.0,5746.9501953125,21012.380859375,14.329999923706055
2012-10-08,1455.8800048828125,7291.2099609375,,59317.0,5676.0,20824.560546875,15.109999656677246
2012-10-09,1441.47998046875,7234.52978515625,8769.58984375,58939.0,5704.60009765625,20937.279296875,16.3700008392334
2012-10-10,1432.56005859375,7205.22998046875,8596.23046875,58456.0,5652.14990234375,20919.599609375,16.290000915527344
2012-10-11,1432.8399658203125,7281.7001953125,8546.7802734375,59162.0,5708.0498046875,20999.05078125,15.59000015258789
2012-10-12,1428.5899658203125,7232.490234375,8534.1201171875,,5676.0498046875,21136.4296875,16.139999389648438
2012-10-15,1440.1300048828125,7261.25,8577.9296875,59602.0,5687.25,21148.25,15.270000457763672
2012-10-16,1454.9200439453125,7376.27001953125,8701.3095703125,59744.0,5648.0,21207.0703125,15.220000267028809
2012-10-17,1460.9100341796875,7394.5498046875,8806.5498046875,60087.0,5660.25,21416.640625,15.069999694824219
2012-10-18,1457.3399658203125,7437.22998046875,8982.8603515625,59734.0,5718.7001953125,21518.7109375,15.029999732971191
2012-10-19,1433.18994140625,7380.64013671875,9002.6796875,58922.0,5684.25,21551.759765625,17.059999465942383
2012-10-22,1433.8199462890625,7328.0498046875,9010.7099609375,58700.0,5717.14990234375,21697.55078125,16.6200008392334
2012-10-23,1413.1099853515625,7173.68994140625,9014.25,57690.0,5691.39990234375,,18.829999923706055
2012-10-24,1408.75,7192.85009765625,8954.2998046875,57161.0,,21763.779296875,18.329999923706055
2012-10-25,1412.969970703125,7200.22998046875,9055.2001953125,57837.0,5705.2998046875,21810.23046875,18.1200008392334
2012-10-26,1411.93994140625,7231.85009765625,8933.0595703125,57277.0,,21545.5703125,17.809999465942383
2012-10-29,,7203.16015625,8929.33984375,57177.0,5665.60009765625,21511.05078125,
2012-10-30,,7284.39990234375,8841.98046875,57684.0,5597.89990234375,21428.580078125,
2012-10-31,1412.1600341796875,7260.6298828125,8928.2900390625,57068.0,5619.7001953125,21641.8203125,18.600000381469727
2012-11-01,1427.5899658203125,7335.669921875,8946.8701171875,58383.0,5645.0498046875,21821.869140625,16.690000534057617
2012-11-02,1414.199951171875,7363.85009765625,9051.2197265625,,5697.7001953125,22111.330078125,17.59000015258789
2012-11-05,1417.260009765625,7326.47021484375,9007.4404296875,58210.0,5704.2001953125,22006.400390625,18.420000076293945
2012-11-06,1428.3900146484375,7377.759765625,8975.150390625,59459.0,5724.39990234375,21944.4296875,17.579999923706055
2012-11-07,1394.530029296875,7232.830078125,8972.8896484375,58517.0,5760.10009765625,22099.849609375,19.079999923706055
2012-11-08,1377.510009765625,7204.9599609375,8837.150390625,57524.0,5738.75,21566.91015625,18.489999771118164
2012-11-09,1379.8499755859375,7163.5,8757.599609375,57358.0,5686.25,21384.380859375,18.610000610351562
2012-11-12,1380.030029296875,7168.759765625,8676.4404296875,57064.0,5683.7001953125,21430.30078125,16.68000030517578
2012-11-13,1374.530029296875,7169.1201171875,8661.0498046875,57486.0,,21188.650390625,16.649999618530273
2012-11-14,1355.489990234375,7101.919921875,8664.73046875,56279.0,,21441.990234375,17.920000076293945
2012-11-15,1353.3299560546875,7043.419921875,8829.7197265625,,5631.0,21108.9296875,17.989999771118164
2012-11-16,1359.8800048828125,6950.52978515625,9024.16015625,55402.0,5574.0498046875,21159.009765625,16.40999984741211
2012-11-19,1386.8900146484375,7123.83984375,9153.2001953125,56451.0,5571.39990234375,21262.060546875,15.239999771118164
2012-11-20,1387.81005859375,7172.990234375,9142.6396484375,,5571.5498046875,21228.279296875,15.079999923706055
2012-11-21,1391.030029296875,7184.7099609375,9222.51953125,56242.0,5614.7998046875,21524.359375,15.3100004196167
2012-11-22,,7244.990234375,9366.7998046875,56437.0,5627.75,21743.19921875,
2012-11-23,1409.1500244140625,7309.1298828125,,57574.0,5626.60009765625,21913.98046875,15.140000343322754
2012-11-26,1406.2900390625,7292.02978515625,9388.9404296875,56737.0,5635.89990234375,21861.810546875,15.5
2012-11-27,1398.93994140625,7332.330078125,9423.2998046875,56248.0,5727.4501953125,21844.029296875,15.920000076293945
2012-11-28,1409.9300537109375,7343.41015625,9308.349609375,56539.0,,21708.98046875,15.510000228881836
2012-11-29,1415.949951171875,7400.9599609375,9400.8798828125,57853.0,5825.0,21922.890625,15.0600004196167
2012-11-30,1416.1800537109375,7405.5,9446.009765625,57475.0,5879.85009765625,22030.390625,15.869999885559082
2012-12-03,1409.4599609375,7435.2099609375,9458.1796875,58202.0,5870.9501953125,21767.849609375,16.639999389648438
2012-12-04,1407.050048828125,7435.1201171875,9432.4599609375,57563.0,5889.25,21799.970703125,17.1200008392334
2012-12-05,1409.280029296875,7454.5498046875,9468.83984375,57679.0,5900.5,22270.91015625,16.459999084472656
2012-12-06,1413.93994140625,7534.5400390625,9545.16015625,57656.0,5930.89990234375,22249.810546875,16.579999923706055
2012-12-07,1418.0699462890625,7517.7998046875,9527.3896484375,58487.0,5907.39990234375,22191.169921875,15.899999618530273
2012-12-10,1418.550048828125,7530.919921875,9533.75,59248.0,5908.89990234375,22276.720703125,16.049999237060547
2012-12-11,1427.8399658203125,7589.75,9525.3203125,59623.0,5898.7998046875,22323.939453125,15.569999694824219
2012-12-12,1428.47998046875,7614.7900390625,9581.4599609375,59474.0,5888.0,22503.349609375,15.949999809265137
2012-12-13,1419.449951171875,7581.97998046875,9742.73046875,59317.0,5851.5,22445.580078125,16.559999465942383
2012-12-14,1413.5799560546875,7596.47021484375,9737.5595703125,59605.0,5879.60009765625,22605.98046875,17.0
2012-12-17,1430.3599853515625,7604.93994140625,9828.8798828125,59567.0,5857.89990234375,22513.609375,16.34000015258789
2012-12-18,1446.7900390625,7653.580078125,9923.009765625,60461.0,5896.7998046875,22494.73046875,15.569999694824219
2012-12-19,1435.81005859375,7668.5,10160.400390625,60998.0,5929.60009765625,22623.369140625,17.360000610351562
2012-12-20,1443.68994140625,7672.10009765625,10039.330078125,61276.0,5916.39990234375,22659.779296875,17.670000076293945
2012-12-21,1430.1500244140625,7636.22998046875,9940.0595703125,61007.0,5847.7001953125,22506.2890625,17.84000015258789
2012-12-24,1426.6600341796875,,,,5855.75,22541.1796875,17.84000015258789
2012-12-25,,,10080.1201171875,,,,
2012-12-26,1419.8299560546875,,10230.3603515625,60960.0,5905.60009765625,,19.479999542236328
2012-12-27,1418.0999755859375,7655.8798828125,10322.98046875,60416.0,5870.10009765625,22619.779296875,19.469999313354492
2012-12-28,1402.4300537109375,7612.39013671875,10395.1796875,60952.0,5908.35009765625,22666.58984375,22.719999313354492
2012-12-31,1426.18994140625,,,,5905.10009765625,22656.919921875,18.020000457763672
2013-01-02,1462.4200439453125,7778.77978515625,,62550.0,5993.25,23311.98046875,14.680000305175781
2013-01-03,1459.3699951171875,7756.43994140625,,63312.0,6009.5,23398.599609375,14.5600004196167
2013-01-04,1466.469970703125,7776.3701171875,10688.1103515625,62523.0,6016.14990234375,23331.08984375,13.829999923706055
2013-01-07,1461.8900146484375,7732.66015625,10599.009765625,61933.0,5988.39990234375,23329.75,13.789999961853027
2013-01-08,1457.1500244140625,7695.830078125,10508.0595703125,61128.0,6001.7001953125,23111.189453125,13.619999885559082
2013-01-09,1461.02001953125,7720.47021484375,10578.5703125,61579.0,5971.5,23218.470703125,13.8100004196167
2013-01-10,1472.1199951171875,7708.47021484375,10652.6396484375,61678.0,5968.64990234375,23354.310546875,13.489999771118164
2013-01-11,1472.050048828125,7715.52978515625,10801.5703125,61497.0,5951.2998046875,23264.0703125,13.359999656677246
2013-01-14,1470.6800537109375,7729.52001953125,,62081.0,6024.0498046875,23413.259765625,13.520000457763672
2013-01-15,1472.3399658203125,7675.91015625,10879.080078125,61728.0,6056.60009765625,23381.509765625,13.550000190734863
2013-01-16,1472.6300048828125,7691.1298828125,10600.4404296875,61787.0,6001.85009765625,23356.990234375,13.420000076293945
2013-01-17,1480.93994140625,7735.4599609375,10609.6396484375,62194.0,6039.2001953125,23339.759765625,13.569999694824219
2013-01-18,1485.97998046875,7702.22998046875,10913.2998046875,61956.0,6064.39990234375,23601.779296875,12.460000038146973
2013-01-21,,7748.85986328125,10747.740234375,61900.0,6082.2998046875,23590.91015625,
2013-01-22,1492.56005859375,7696.2099609375,10709.9296875,61692.0,6048.5,23658.990234375,12.430000305175781
2013-01-23,1494.81005859375,7707.5400390625,10486.990234375,61966.0,6054.2998046875,23635.099609375,12.460000038146973
2013-01-24,1494.8199462890625,7748.1298828125,10620.8701171875,61170.0,6019.35009765625,23598.900390625,12.6899995803833
2013-01-25,1502.9599609375,7857.97021484375,10926.650390625,,6074.64990234375,23580.4296875,12.890000343322754
2013-01-28,1500.1800537109375,7833.0,10824.3095703125,60027.0,6074.7998046875,23671.880859375,13.569999694824219
2013-01-29,1507.8399658203125,7848.56982421875,10866.7197265625,60406.0,6049.89990234375,23655.169921875,13.3100004196167
2013-01-30,1501.9599609375,7811.31005859375,11113.9501953125,59337.0,6055.75,23822.060546875,14.319999694824219
2013-01-31,1498.1099853515625,7776.0498046875,11138.66015625,59761.0,6034.75,23729.529296875,14.279999732971191
2013-02-01,1513.1700439453125,7833.39013671875,11191.33984375,60351.0,5998.89990234375,23721.83984375,12.899999618530273
2013-02-04,1495.7099609375,7638.22998046875,11260.349609375,59576.0,5987.25,23685.009765625,14.670000076293945
2013-02-05,1511.2900390625,7664.66015625,11046.919921875,59445.0,5956.89990234375,23148.529296875,13.720000267028809
2013-02-06,1512.1199951171875,7581.18017578125,11463.75,58951.0,5959.2001953125,23256.9296875,13.40999984741211
2013-02-07,1509.3900146484375,7590.85009765625,11357.0703125,58372.0,5938.7998046875,23177.0,13.5
2013-02-08,1517.9300537109375,7652.14013671875,11153.16015625,58498.0,5903.5,23215.16015625,13.020000457763672
2013-02-11,1517.010009765625,7633.740234375,,,5897.85009765625,,12.9399995803833
2013-02-12,1519.4300537109375,7660.18994140625,11369.1201171875,,5922.5,,12.640000343322754
2013-02-13,1520.3299560546875,7711.89013671875,11251.41015625,58406.0,5932.9501953125,,12.979999542236328
2013-02-14,1521.3800048828125,7631.18994140625,11307.2802734375,58077.0,5896.9501953125,23413.25,12.65999984741211
2013-02-15,1519.7900390625,7593.509765625,11173.830078125,57903.0,5887.39990234375,23444.560546875,12.460000038146973
2013-02-18,,7628.72998046875,11407.8701171875,57614.0,5898.2001953125,23381.939453125,
2013-02-19,1530.93994140625,7752.4501953125,11372.33984375,57314.0,5939.7001953125,23143.91015625,12.3100004196167
2013-02-20,1511.949951171875,7728.89990234375,11468.2802734375,56178.0,5943.0498046875,23307.41015625,14.680000305175781
2013-02-21,1502.4200439453125,7583.56982421875,11309.1298828125,56155.0,5852.25,22906.669921875,15.220000267028809
2013-02-22,1515.5999755859375,7661.91015625,11385.9404296875,56697.0,5850.2998046875,22782.439453125,14.170000076293945
2013-02-25,1487.8499755859375,7773.18994140625,11662.51953125,56618.0,5854.75,22820.080078125,18.989999771118164
2013-02-26,1496.93994140625,7597.10986328125,11398.8095703125,56949.0,5761.35009765625,22519.689453125,16.8700008392334
2013-02-27,1515.989990234375,7675.830078125,11253.9697265625,57274.0,5796.89990234375,22577.009765625,14.729999542236328
2013-02-28,1514.6800537109375,7741.7001953125,11559.3603515625,57424.0,5693.0498046875,23020.26953125,15.510000228881836
2013-03-01,1518.199951171875,7708.16015625,11606.3798828125,56884.0,5719.7001953125,22880.220703125,15.359999656677246
2013-03-04,1525.199951171875,7691.68017578125,11652.2900390625,56499.0,5698.5,22537.810546875,14.010000228881836
2013-03-05,1539.7900390625,7870.31005859375,11683.4501953125,55951.0,5784.25,22560.5,13.479999542236328
2013-03-06,1541.4599609375,7919.330078125,11932.26953125,57940.0,5818.60009765625,22777.83984375,13.529999732971191
2013-03-07,1544.260009765625,7939.77001953125,11968.080078125,58847.0,5863.2998046875,22771.439453125,13.0600004196167
2013-03-08,1551.1800537109375,7986.47021484375,12283.6201171875,58433.0,5945.7001953125,23091.94921875,12.59000015258789
2013-03-11,1556.219970703125,7984.2900390625,12349.0498046875,58545.0,5942.35009765625,23090.8203125,11.5600004196167
2013-03-12,1552.47998046875,7966.1201171875,12314.8095703125,58209.0,5914.10009765625,22890.599609375,12.270000457763672
2013-03-13,1554.52001953125,7970.91015625,12239.66015625,57386.0,5851.2001953125,22556.650390625,11.829999923706055
2013-03-14,1563.22998046875,8058.3701171875,12381.1904296875,57281.0,5908.9501953125,22619.1796875,11.300000190734863
2013-03-15,1560.699951171875,8042.85009765625,12560.9501953125,56869.0,5872.60009765625,22533.109375,11.300000190734863
2013-03-18,1552.0999755859375,8010.7001953125,12220.6298828125,56973.0,5835.25,22083.359375,13.359999656677246
2013-03-19,1548.3399658203125,7947.7900390625,12468.23046875,56361.0,5745.9501953125,22041.859375,14.390000343322754
2013-03-20,1558.7099609375,8001.97021484375,,56030.0,5694.39990234375,22256.439453125,12.670000076293945
2013-03-21,1545.800048828125,7932.509765625,12635.6904296875,55577.0,5658.75,22225.880859375,13.989999771118164
2013-03-22,1556.8900146484375,7911.35009765625,12338.5302734375,55243.0,5651.35009765625,22115.30078125,13.569999694824219
2013-03-25,1551.68994140625,7870.89990234375,12546.4599609375,54873.0,5633.85009765625,22251.150390625,13.739999771118164
2013-03-26,1563.77001953125,7879.669921875,12471.6201171875,55671.0,5641.60009765625,22311.080078125,12.770000457763672
2013-03-27,1562.8499755859375,7789.08984375,12493.7900390625,56034.0,,22464.8203125,13.149999618530273
2013-03-28,1569.18994140625,7795.31005859375,12335.9599609375,56352.0,5682.5498046875,22299.630859375,12.699999809265137
2013-03-29,,,12397.91015625,,,,
2013-04-01,1562.1700439453125,,12135.01953125,55902.0,5704.39990234375,,13.579999923706055
2013-04-02,1570.25,7943.8701171875,12003.4296875,54889.0,5748.10009765625,22367.8203125,12.779999732971191
2013-04-03,1553.68994140625,7874.75,12362.2001953125,55563.0,5672.89990234375,22337.490234375,14.210000038146973
2013-04-04,1559.97998046875,7817.39013671875,12634.5400390625,54648.0,5574.75,,13.890000343322754
2013-04-05,1553.280029296875,7658.75,12833.6396484375,55051.0,5553.25,21726.900390625,13.920000076293945
2013-04-08,1563.0699462890625,7662.64013671875,13192.58984375,55092.0,5542.9501953125,21718.05078125,13.1899995803833
2013-04-09,1568.6099853515625,7637.509765625,13192.349609375,55912.0,5495.10009765625,21870.33984375,12.84000015258789
2013-04-10,1587.72998046875,7810.6298828125,13288.1298828125,56187.0,5558.7001953125,22034.560546875,12.359999656677246
2013-04-11,1593.3699951171875,7871.6298828125,13549.16015625,55401.0,5594.0,22101.26953125,12.239999771118164
2013-04-12,1588.8499755859375,7744.77001953125,13485.1396484375,54963.0,5528.5498046875,22089.05078125,12.0600004196167
2013-04-15,1552.3599853515625,7712.6298828125,13275.66015625,52950.0,5568.39990234375,21772.669921875,17.270000457763672
2013-04-16,1574.5699462890625,7682.580078125,13221.4404296875,53991.0,5688.9501953125,21672.029296875,13.960000038146973
2013-04-17,1552.010009765625,7503.02978515625,13382.8896484375,52882.0,5688.7001953125,21569.669921875,16.510000228881836
2013-04-18,1541.6099853515625,7473.72998046875,13220.0703125,53166.0,5783.10009765625,21512.51953125,17.559999465942383
2013-04-19,1555.25,7459.9599609375,13316.48046875,53929.0,,22013.5703125,14.970000267028809
2013-04-22,1562.5,7478.10986328125,13568.3701171875,54298.0,5834.39990234375,22044.369140625,14.390000343322754
2013-04-23,1578.780029296875,7658.2099609375,13529.650390625,54885.0,5836.89990234375,21806.609375,13.479999542236328
2013-04-24,1578.7900390625,7759.02978515625,13843.4599609375,54984.0,,22183.05078125,13.609999656677246
2013-04-25,1585.1600341796875,7832.85986328125,13926.080078125,54963.0,5916.2998046875,22401.240234375,13.619999885559082
2013-04-26,1582.239990234375,7814.759765625,13884.1298828125,54252.0,5871.4501953125,22547.7109375,13.609999656677246
2013-04-29,1593.6099853515625,7873.5,,54887.0,5904.10009765625,22580.76953125,13.710000038146973
2013-04-30,1597.5699462890625,7913.7099609375,13860.8603515625,55910.0,5930.2001953125,22737.009765625,13.520000457763672
2013-05-01,1582.699951171875,,13799.349609375,,,,14.489999771118164
2013-05-02,1597.5899658203125,7961.7099609375,13694.0400390625,55322.0,5999.35009765625,22668.30078125,13.59000015258789
2013-05-03,1614.4200439453125,8122.2900390625,,55488.0,5944.0,22689.9609375,12.850000381469727
2013-05-06,1617.5,8112.080078125,,55430.0,5971.0498046875,22915.08984375,12.65999984741211
2013-05-07,1625.9599609375,8181.77978515625,14180.240234375,56275.0,6043.5498046875,23047.08984375,12.829999923706055
2013-05-08,1632.68994140625,8249.7099609375,14285.6904296875,55805.0,6069.2998046875,23244.349609375,12.65999984741211
2013-05-09,1626.6700439453125,8262.5498046875,14191.48046875,55448.0,6050.14990234375,23211.48046875,13.130000114440918
2013-05-10,1633.699951171875,8278.58984375,14607.5400390625,55108.0,6094.75,23321.220703125,12.59000015258789
2013-05-13,1633.77001953125,8279.2900390625,14782.2099609375,54448.0,5980.4501953125,22989.810546875,12.550000190734863
2013-05-14,1650.3399658203125,8339.1103515625,14758.419921875,54667.0,5995.39990234375,22930.279296875,12.770000457763672
2013-05-15,1658.780029296875,8362.419921875,15096.0302734375,54936.0,6146.75,23044.240234375,12.8100004196167
2013-05-16,1650.469970703125,8369.8701171875,15037.240234375,54773.0,6169.89990234375,23082.6796875,13.069999694824219
2013-05-17,1667.469970703125,8398.0,15138.1201171875,55164.0,6187.2998046875,,12.449999809265137
2013-05-20,1666.2900390625,8455.830078125,15360.8095703125,55701.0,6156.89990234375,23493.029296875,13.020000457763672
2013-05-21,1669.1600341796875,8472.2001953125,15381.01953125,56265.0,6114.10009765625,23366.369140625,13.369999885559082
2013-05-22,1655.3499755859375,8530.8896484375,15627.259765625,56429.0,6094.5,23261.080078125,13.819999694824219
2013-05-23,1650.510009765625,8351.98046875,14483.98046875,56350.0,5967.0498046875,22669.6796875,14.069999694824219
2013-05-24,1649.5999755859375,8305.3203125,14612.4501953125,56406.0,5983.5498046875,22618.669921875,13.989999771118164
2013-05-27,,8383.2998046875,14142.650390625,56396.0,6083.14990234375,22686.05078125,
2013-05-28,1660.06005859375,8480.8701171875,14311.98046875,56036.0,6111.25,22924.25,14.479999542236328
2013-05-29,1648.3599853515625,8336.580078125,14326.4599609375,54635.0,6104.2998046875,22554.9296875,14.829999923706055
2013-05-30,1654.4100341796875,8400.2001953125,13589.0302734375,,6124.0498046875,22484.310546875,14.529999732971191
2013-05-31,1630.739990234375,8348.83984375,13774.5400390625,53506.0,5985.9501953125,22392.16015625,16.299999237060547
2013-06-03,1640.4200439453125,8285.7998046875,13261.8203125,53944.0,5939.2998046875,22282.189453125,16.280000686645508
2013-06-04,1631.3800048828125,8295.9599609375,13533.759765625,54018.0,5919.4501953125,22285.51953125,16.270000457763672
2013-06-05,1608.9000244140625,8196.1796875,13014.8701171875,52799.0,5923.85009765625,22069.240234375,17.5
2013-06-06,1622.56005859375,8098.81005859375,12904.01953125,52885.0,5921.39990234375,21838.4296875,16.6299991607666
2013-06-07,1643.3800048828125,8254.6796875,12877.5302734375,51619.0,5881.0,21575.259765625,15.140000343322754
2013-06-10,1642.81005859375,8307.6904296875,13514.2001953125,51317.0,5878.0,21615.08984375,15.4399995803833
2013-06-11,1626.1300048828125,8222.4599609375,13317.6201171875,49770.0,5788.7998046875,21354.66015625,17.06999969482422
2013-06-12,1612.52001953125,8143.27001953125,13289.3203125,49181.0,5760.2001953125,,18.59000015258789
2013-06-13,1636.3599853515625,8095.39013671875,12445.3798828125,50415.0,5699.10009765625,20887.0390625,16.40999984741211
2013-06-14,1626.72998046875,8127.9599609375,12686.51953125,49332.0,5808.39990234375,20969.140625,17.149999618530273
2013-06-17,1639.0400390625,8215.73046875,13033.1201171875,49089.0,5850.0498046875,21225.900390625,16.799999237060547
2013-06-18,1651.81005859375,8229.509765625,13007.2802734375,49465.0,5813.60009765625,21225.880859375,16.610000610351562
2013-06-19,1628.9300537109375,8197.080078125,13245.2197265625,47893.0,5822.25,20986.890625,16.639999389648438
2013-06-20,1588.18994140625,7928.47998046875,13014.580078125,48214.0,5655.89990234375,20382.869140625,20.489999771118164
2013-06-21,1592.4300537109375,7789.240234375,13230.1298828125,47056.0,5667.64990234375,20263.310546875,18.899999618530273
2013-06-24,1573.0899658203125,7692.4501953125,13062.7802734375,45965.0,5590.25,19813.98046875,20.110000610351562
2013-06-25,1588.030029296875,7811.2998046875,12969.33984375,46893.0,5609.10009765625,19855.720703125,18.469999313354492
2013-06-26,1603.260009765625,7940.990234375,12834.009765625,47172.0,5588.7001953125,20338.55078125,17.209999084472656
2013-06-27,1613.199951171875,7990.75,13213.5498046875,47609.0,5682.35009765625,20440.080078125,16.860000610351562
2013-06-28,1606.280029296875,7959.22021484375,13677.3203125,47457.0,5842.2001953125,20803.2890625,16.860000610351562
2013-07-01,1614.9599609375,7983.919921875,13852.5,47230.0,5898.85009765625,,16.3700008392334
2013-07-02,1614.0799560546875,7910.77001953125,14098.740234375,45229.0,5857.5498046875,20658.650390625,16.440000534057617
2013-07-03,1615.4100341796875,7829.31982421875,14055.5595703125,45044.0,5770.89990234375,20147.310546875,16.200000762939453
2013-07-04,,7994.31005859375,14018.9296875,45763.0,5836.9501953125,20468.669921875,
2013-07-05,1631.8900146484375,7806.0,14309.9697265625,45210.0,5867.89990234375,20854.669921875,14.890000343322754
2013-07-08,1640.4599609375,7968.5400390625,14109.33984375,45076.0,5811.5498046875,20582.189453125,14.779999732971191
2013-07-09,1652.3199462890625,8057.75,14472.900390625,,5859.0,20683.009765625,14.350000381469727
2013-07-10,1652.6199951171875,8066.47998046875,14416.599609375,45483.0,5816.7001953125,20904.560546875,14.210000038146973
2013-07-11,1675.02001953125,8158.7998046875,14472.580078125,46626.0,5935.10009765625,21437.490234375,14.010000228881836
2013-07-12,1680.18994140625,8212.76953125,14506.25,45533.0,6009.0,21277.279296875,13.84000015258789
2013-07-15,1682.5,8234.8095703125,,46739.0,6030.7998046875,21303.310546875,13.789999961853027
2013-07-16,1676.260009765625,8201.0498046875,14599.1201171875,46869.0,5955.25,21312.380859375,14.420000076293945
2013-07-17,1680.9100341796875,8254.7197265625,14615.0400390625,47407.0,5973.2998046875,21371.869140625,13.779999732971191
2013-07-18,1689.3699951171875,8337.08984375,14808.5,47657.0,6038.0498046875,21345.220703125,13.770000457763672
2013-07-19,1692.0899658203125,8331.5703125,14589.91015625,47400.0,6029.2001953125,21362.419921875,12.539999961853027
2013-07-22,1695.530029296875,8331.0595703125,14658.0400390625,48574.0,6031.7998046875,21416.5,12.289999961853027
2013-07-23,1692.3900146484375,8314.23046875,14778.509765625,48820.0,6077.7998046875,21915.419921875,12.65999984741211
2013-07-24,1685.93994140625,8379.1103515625,14731.2802734375,48374.0,5990.5,21968.9296875,13.180000305175781
2013-07-25,1690.25,8298.98046875,14562.9296875,49067.0,5907.5,21900.9609375,12.970000267028809
2013-07-26,1691.6500244140625,8244.91015625,14129.98046875,49422.0,5886.2001953125,21968.94921875,12.720000267028809
2013-07-29,1685.3299560546875,8259.0302734375,13661.1298828125,49212.0,5831.64990234375,21850.150390625,13.390000343322754
2013-07-30,1685.9599609375,8271.01953125,13869.8203125,48562.0,5755.0498046875,21953.9609375,13.390000343322754
2013-07-31,1685.72998046875,8275.9697265625,13668.3203125,48234.0,5742.0,21883.66015625,13.449999809265137
2013-08-01,1706.8699951171875,8410.73046875,14005.76953125,49141.0,5727.85009765625,22088.7890625,12.9399995803833
2013-08-02,1709.6700439453125,8406.9404296875,14466.16015625,48474.0,5677.89990234375,22190.970703125,11.979999542236328
2013-08-05,1707.1400146484375,8398.3798828125,14258.0400390625,48436.0,5685.39990234375,22222.009765625,11.84000015258789
2013-08-06,1697.3699951171875,8299.73046875,14401.0595703125,47422.0,5542.25,21923.69921875,12.720000267028809
2013-08-07,1690.9100341796875,8260.48046875,13824.9404296875,47447.0,5519.10009765625,21588.83984375,12.979999542236328
2013-08-08,1697.47998046875,8318.3203125,13605.5595703125,48929.0,5565.64990234375,21655.880859375,12.729999542236328
2013-08-09,1691.4200439453125,8338.3095703125,13615.1904296875,49875.0,,21807.560546875,13.40999984741211
2013-08-12,1689.469970703125,8359.25,13519.4296875,50299.0,5612.39990234375,22271.279296875,12.8100004196167
2013-08-13,1694.1600341796875,8415.759765625,13867.0,50601.0,5699.2998046875,22541.130859375,12.3100004196167
2013-08-14,1685.3900146484375,8438.1201171875,14050.16015625,50896.0,5742.2998046875,,13.039999961853027
2013-08-15,1661.3199462890625,8376.2900390625,13752.9404296875,50908.0,,22539.25,14.729999542236328
2013-08-16,1655.8299560546875,8391.9404296875,13650.1103515625,51539.0,5507.85009765625,22517.810546875,14.369999885559082
2013-08-19,1646.06005859375,8366.2900390625,13758.1298828125,51574.0,5414.75,22463.69921875,15.100000381469727
2013-08-20,1652.3499755859375,8300.0302734375,13396.3798828125,50507.0,5401.4501953125,21970.2890625,14.90999984741211
2013-08-21,1642.800048828125,8285.41015625,13424.330078125,50405.0,5302.5498046875,21817.73046875,15.9399995803833
2013-08-22,1656.9599609375,8397.8896484375,13365.169921875,51398.0,5408.4501953125,21895.400390625,14.760000228881836
2013-08-23,1663.5,8416.990234375,13660.5498046875,52197.0,5471.75,21863.509765625,13.979999542236328
2013-08-26,1656.780029296875,8435.150390625,13636.2802734375,51429.0,5476.5,22005.3203125,14.989999771118164
2013-08-27,1630.47998046875,8242.5595703125,13542.3701171875,50092.0,5287.4501953125,21874.76953125,16.770000457763672
2013-08-28,1634.9599609375,8157.89990234375,13338.4599609375,49867.0,5285.0,21524.650390625,16.489999771118164
2013-08-29,1638.1700439453125,8194.5498046875,13459.7099609375,49922.0,5409.0498046875,21704.779296875,16.809999465942383
2013-08-30,1632.969970703125,8103.14990234375,13388.8603515625,50008.0,5471.7998046875,21731.369140625,17.010000228881836
2013-09-02,,8243.8701171875,13572.919921875,51835.0,5550.75,22175.33984375,
2013-09-03,1639.77001953125,8180.7099609375,13978.4404296875,51626.0,5341.4501953125,22394.580078125,16.610000610351562
2013-09-04,1653.0799560546875,8195.919921875,14053.8701171875,51716.0,5448.10009765625,22326.220703125,15.880000114440918
2013-09-05,1655.0799560546875,8234.98046875,14064.8203125,52352.0,5592.9501953125,22597.970703125,15.770000457763672
2013-09-06,1655.1700439453125,8275.669921875,13860.8095703125,53749.0,5680.39990234375,22621.220703125,15.850000381469727
2013-09-09,1671.7099609375,8276.3203125,14205.23046875,54252.0,,22750.650390625,15.630000114440918
2013-09-10,1683.989990234375,8446.5400390625,14423.3603515625,53979.0,5896.75,22976.650390625,14.529999732971191
2013-09-11,1689.1300048828125,8495.73046875,14425.0703125,53570.0,5913.14990234375,22937.140625,13.819999694824219
2013-09-12,1683.4200439453125,8494.0,14387.26953125,53307.0,5850.7001953125,22953.720703125,14.289999961853027
2013-09-13,1687.989990234375,8509.419921875,14404.669921875,53798.0,5850.60009765625,22915.279296875,14.15999984741211
2013-09-16,1697.5999755859375,8613.0,,53822.0,5840.5498046875,23252.41015625,14.380000114440918
2013-09-17,1704.760009765625,8596.9501953125,14311.669921875,54271.0,5850.2001953125,23180.51953125,14.529999732971191
2013-09-18,1725.52001953125,8636.0595703125,14505.3603515625,55703.0,5899.4501953125,23117.44921875,13.59000015258789
2013-09-19,1722.3399658203125,8694.1796875,14766.1796875,55096.0,6115.5498046875,23502.509765625,13.15999984741211
2013-09-20,1709.9100341796875,8675.73046875,14742.419921875,54110.0,6012.10009765625,,13.119999885559082
2013-09-23,1701.8399658203125,8635.2900390625,,54602.0,5889.75,23371.5390625,14.3100004196167
2013-09-24,1697.4200439453125,8664.599609375,14732.6103515625,54431.0,5892.4501953125,23179.0390625,14.079999923706055
2013-09-25,1692.77001953125,8665.6298828125,14620.5302734375,54261.0,5873.85009765625,23209.630859375,14.010000228881836
2013-09-26,1698.6700439453125,8664.099609375,14799.1201171875,53783.0,5882.25,23125.029296875,14.0600004196167
2013-09-27,1691.75,8661.509765625,14760.0703125,53739.0,5833.2001953125,23207.0390625,15.460000038146973
2013-09-30,1681.550048828125,8594.400390625,14455.7998046875,52338.0,5735.2998046875,22859.859375,16.600000381469727
2013-10-01,1695.0,8689.1396484375,14484.7197265625,53179.0,5780.0498046875,,15.539999961853027
2013-10-02,1693.8699951171875,8629.419921875,14170.490234375,53100.0,,22984.48046875,16.600000381469727
2013-10-03,1678.6600341796875,,14157.25,52490.0,5909.7001953125,23214.400390625,17.670000076293945
2013-10-04,1690.5,8622.9697265625,14024.3095703125,52849.0,5907.2998046875,23138.5390625,16.739999771118164
2013-10-07,1676.1199951171875,8591.580078125,13853.3203125,52417.0,5906.14990234375,22973.94921875,19.40999984741211
2013-10-08,1655.449951171875,8555.8896484375,13894.6103515625,52312.0,5928.39990234375,23178.849609375,20.34000015258789
2013-10-09,1656.4000244140625,8516.6904296875,14037.83984375,52548.0,6007.4501953125,23033.970703125,19.600000381469727
2013-10-10,1692.56005859375,8685.76953125,14194.7099609375,52997.0,6020.9501953125,22951.30078125,16.479999542236328
2013-10-11,1703.199951171875,8724.830078125,14404.740234375,53150.0,6096.2001953125,23218.3203125,15.720000267028809
2013-10-14,1710.1400146484375,8723.8095703125,,54171.0,6112.7001953125,,16.06999969482422
2013-10-15,1698.06005859375,8804.4404296875,14441.5400390625,54981.0,6089.0498046875,23336.51953125,18.65999984741211
2013-10-16,1721.5400390625,8846.0,14467.1396484375,55973.0,,23228.330078125,14.710000038146973
2013-10-17,1733.1500244140625,8811.98046875,14586.509765625,55358.0,6045.85009765625,23094.880859375,13.479999542236328
2013-10-18,1744.5,8865.099609375,14561.5400390625,55378.0,6189.35009765625,23340.099609375,13.039999961853027
2013-10-21,1744.6600341796875,8867.2197265625,14693.5703125,56077.0,6204.9501953125,23438.150390625,13.15999984741211
2013-10-22,1754.6700439453125,8947.4599609375,14713.25,56460.0,6202.7998046875,23315.990234375,13.329999923706055
2013-10-23,1746.3800048828125,8919.8603515625,14426.0498046875,55440.0,6178.35009765625,22999.94921875,13.420000076293945
2013-10-24,1752.0699462890625,8980.6298828125,14486.41015625,54877.0,6164.35009765625,22835.8203125,13.199999809265137
2013-10-25,1759.77001953125,8985.740234375,14088.1904296875,54154.0,6144.89990234375,22698.33984375,13.09000015258789
2013-10-28,1762.1099853515625,8978.650390625,14396.0400390625,55073.0,6101.10009765625,22806.580078125,13.3100004196167
2013-10-29,1771.949951171875,9022.0400390625,14325.98046875,54539.0,6220.89990234375,22846.5390625,13.40999984741211
2013-10-30,1763.31005859375,9010.26953125,14502.349609375,54173.0,6251.7001953125,23304.01953125,13.649999618530273
2013-10-31,1756.5400390625,9033.919921875,14327.9404296875,54256.0,6299.14990234375,23206.369140625,13.75
2013-11-01,1761.6400146484375,9007.830078125,14201.5703125,54013.0,6307.2001953125,23249.7890625,13.279999732971191
2013-11-04,1767.9300537109375,9037.23046875,,54437.0,,23189.619140625,12.930000305175781
2013-11-05,1762.969970703125,9009.1103515625,14225.3701171875,53832.0,6253.14990234375,23038.94921875,13.270000457763672
2013-11-06,1770.489990234375,9040.8701171875,14337.3095703125,53385.0,6215.14990234375,23036.939453125,12.670000076293945
2013-11-07,1747.1500244140625,9081.0302734375,14228.4404296875,52741.0,6187.25,22881.029296875,13.90999984741211
2013-11-08,1770.6099853515625,9078.2802734375,14086.7998046875,52249.0,6140.75,22744.390625,12.899999618530273
2013-11-11,1771.8900146484375,9107.8603515625,14269.83984375,52624.0,6078.7998046875,23069.849609375,12.529999732971191
2013-11-12,1767.68994140625,9076.48046875,14588.6796875,51804.0,6018.0498046875,22901.41015625,12.819999694824219
2013-11-13,1782.0,9054.830078125,14567.16015625,52230.0,5989.60009765625,22463.830078125,12.520000457763672
2013-11-14,1790.6199951171875,9149.66015625,14876.41015625,53452.0,6056.14990234375,22649.150390625,12.369999885559082
2013-11-15,1798.1800537109375,9168.6904296875,15165.919921875,,,23032.150390625,12.1899995803833
2013-11-18,1791.530029296875,9225.4296875,15164.2998046875,54307.0,6189.0,23660.060546875,13.100000381469727
2013-11-19,1787.8699951171875,9193.2900390625,15126.5595703125,53033.0,6203.35009765625,23657.810546875,13.390000343322754
2013-11-20,1781.3699951171875,9202.0703125,15076.080078125,,6122.89990234375,23700.859375,13.399999618530273
2013-11-21,1795.8499755859375,9196.080078125,15365.599609375,52688.0,5999.0498046875,23580.2890625,12.65999984741211
2013-11-22,1804.760009765625,9219.0400390625,15381.7197265625,52801.0,5995.4501953125,23696.279296875,12.260000228881836
2013-11-25,1802.47998046875,9299.9501953125,15619.1298828125,52264.0,6115.35009765625,23684.44921875,12.789999961853027
2013-11-26,1802.75,9290.0703125,15515.240234375,51447.0,6059.10009765625,23681.279296875,12.8100004196167
2013-11-27,1807.22998046875,9351.1298828125,15449.6298828125,51861.0,6057.10009765625,23806.349609375,12.979999542236328
2013-11-28,,9387.3701171875,15727.1201171875,51847.0,6091.85009765625,23789.08984375,
2013-11-29,1805.81005859375,9405.2998046875,15661.8701171875,52482.0,6176.10009765625,23881.2890625,13.699999809265137
2013-12-02,1800.9000244140625,9401.9599609375,15655.0703125,51245.0,6217.85009765625,24038.55078125,14.229999542236328
2013-12-03,1795.1500244140625,9223.400390625,15749.66015625,50349.0,6201.85009765625,23910.470703125,14.550000190734863
2013-12-04,1792.81005859375,9140.6298828125,15407.9404296875,50216.0,6160.9501953125,23728.69921875,14.699999809265137
2013-12-05,1785.030029296875,9084.9501953125,15177.490234375,50788.0,6241.10009765625,23712.5703125,15.079999923706055
2013-12-06,1805.0899658203125,9172.41015625,15299.8603515625,50944.0,6259.89990234375,23743.099609375,13.789999961853027
2013-12-09,1808.3699951171875,9195.169921875,15650.2099609375,51165.0,6363.89990234375,23811.169921875,13.489999771118164
2013-12-10,1802.6199951171875,9114.4404296875,15611.3095703125,50993.0,6332.85009765625,23744.189453125,13.90999984741211
2013-12-11,1782.219970703125,9077.1103515625,15515.0595703125,50068.0,6307.89990234375,23338.240234375,15.420000076293945
2013-12-12,1775.5,9017.0,15341.8203125,50122.0,6237.0498046875,23218.119140625,15.539999961853027
2013-12-13,1775.3199462890625,9006.4599609375,15403.1103515625,50051.0,6168.39990234375,23245.9609375,15.760000228881836
2013-12-16,1786.5400390625,9163.5595703125,15152.91015625,50280.0,6154.7001953125,23114.66015625,16.030000686645508
2013-12-17,1781.0,9085.1201171875,15278.6298828125,50090.0,6139.0498046875,23069.23046875,16.209999084472656
2013-12-18,1810.6500244140625,9181.75,15587.7998046875,50563.0,6217.14990234375,23143.8203125,13.800000190734863
2013-12-19,1809.5999755859373,9335.740234375,15859.2197265625,50819.0,6166.64990234375,22888.75,14.149999618530273
2013-12-20,1818.3199462890625,9400.1796875,15870.419921875,51186.0,6274.25,22812.1796875,13.789999961853027
2013-12-23,1827.989990234375,9488.8203125,,51356.0,6284.5,22921.560546875,13.039999961853027
2013-12-24,1833.3199462890625,,15889.330078125,,6268.39990234375,23179.55078125,12.479999542236328
2013-12-25,,,16009.990234375,,,,
2013-12-26,1842.02001953125,,16174.4404296875,51221.0,6278.89990234375,,12.329999923706055
2013-12-27,1841.4000244140625,9589.3896484375,16178.9404296875,51267.0,6313.7998046875,23243.240234375,12.460000038146973
2013-12-30,1841.0699462890625,9552.16015625,16291.3095703125,51507.0,6291.10009765625,23244.869140625,13.5600004196167
2013-12-31,1848.3599853515625,,,,6304.0,23306.390625,13.720000267028809
2014-01-02,1831.97998046875,9400.0400390625,,50341.0,6221.14990234375,23340.05078125,14.229999542236328
2014-01-03,1831.3699951171875,9435.150390625,,50981.0,6211.14990234375,22817.279296875,13.760000228881836
2014-01-06,1826.77001953125,9428.0,15908.8798828125,50974.0,6191.4501953125,22684.150390625,13.550000190734863
2014-01-07,1837.8800048828125,9506.2001953125,15814.3701171875,50430.0,6162.25,22712.779296875,12.920000076293945
2014-01-08,1837.489990234375,9497.83984375,16121.4501953125,50577.0,6174.60009765625,22996.58984375,12.869999885559082
2014-01-09,1838.1300048828125,9421.6103515625,15880.330078125,49322.0,6168.35009765625,22787.330078125,12.890000343322754
2014-01-10,1842.3699951171875,9473.240234375,15912.0595703125,49696.0,6171.4501953125,22846.25,12.140000343322754
2014-01-13,1819.199951171875,9510.169921875,,49427.0,6272.75,22888.759765625,13.279999732971191
2014-01-14,1838.8800048828125,9540.509765625,15422.400390625,49703.0,6241.85009765625,22791.279296875,12.279999732971191
2014-01-15,1848.3800048828125,9733.8095703125,15808.73046875,50105.0,6320.89990234375,22902.0,12.279999732971191
2014-01-16,1845.8900146484373,9717.7099609375,15747.2001953125,49696.0,6318.89990234375,22986.41015625,12.529999732971191
2014-01-17,1838.699951171875,9742.9599609375,15734.4599609375,49182.0,6261.64990234375,23133.349609375,12.4399995803833
2014-01-20,,9715.900390625,15641.6796875,48708.0,6303.9501953125,22928.94921875,
2014-01-21,1843.800048828125,9730.1201171875,15795.9599609375,48542.0,6313.7998046875,23033.119140625,12.869999885559082
2014-01-22,1844.8599853515625,9720.1103515625,15820.9599609375,49300.0,6338.9501953125,23082.25,12.84000015258789
2014-01-23,1828.4599609375,9631.0400390625,15695.8896484375,48321.0,6345.64990234375,22733.900390625,13.770000457763672
2014-01-24,1790.2900390625,9392.01953125,15391.5595703125,47787.0,6266.75,22450.060546875,18.139999389648438
2014-01-27,1781.56005859375,9349.2197265625,15005.73046875,47701.0,6135.85009765625,21976.099609375,17.420000076293945
2014-01-28,1792.5,9406.91015625,14980.16015625,47841.0,6126.25,21960.640625,15.800000190734863
2014-01-29,1774.199951171875,9336.73046875,15383.91015625,47557.0,6120.25,22141.609375,17.350000381469727
2014-01-30,1794.18994140625,9373.48046875,15007.0595703125,47244.0,6073.7001953125,22035.419921875,17.290000915527344
2014-01-31,1782.5899658203125,9306.48046875,14914.5302734375,47639.0,6089.5,,18.40999984741211
2014-02-03,1741.8900146484375,9186.51953125,14619.1298828125,46148.0,6001.7998046875,,21.440000534057617
2014-02-04,1755.199951171875,9127.91015625,14008.4697265625,46964.0,6000.89990234375,21397.76953125,19.110000610351562
2014-02-05,1751.6400146484375,9116.3203125,14180.3798828125,46624.0,6022.39990234375,21269.380859375,19.950000762939453
2014-02-06,1773.4300537109375,9256.580078125,14155.1201171875,47738.0,6036.2998046875,21423.130859375,17.229999542236328
2014-02-07,1797.02001953125,9301.919921875,14462.41015625,48074.0,6063.2001953125,21636.849609375,15.289999961853027
2014-02-10,1799.8399658203125,9289.8603515625,14718.33984375,47711.0,6053.4501953125,21579.259765625,15.260000228881836
2014-02-11,1819.75,9478.76953125,,48463.0,6062.7001953125,21962.98046875,14.510000228881836
2014-02-12,1819.260009765625,9540.0,14800.0595703125,48217.0,6084.0,22285.7890625,14.300000190734863
2014-02-13,1829.8299560546875,9596.76953125,14534.740234375,47813.0,6001.10009765625,22165.529296875,14.140000343322754
2014-02-14,1838.6300048828125,9662.400390625,14313.0302734375,48201.0,6048.35009765625,22298.41015625,13.569999694824219
2014-02-17,,9656.759765625,14393.1103515625,47576.0,,22535.939453125,
2014-02-18,1840.760009765625,9659.7802734375,14843.240234375,46600.0,6127.10009765625,22587.720703125,13.869999885559082
2014-02-19,1828.75,9660.0498046875,14766.5302734375,47151.0,6152.75,22664.51953125,15.5
2014-02-20,1839.780029296875,9618.849609375,14449.1796875,47289.0,6091.4501953125,22394.080078125,14.789999961853027
2014-02-21,1836.25,9656.9501953125,14865.669921875,47380.0,6155.4501953125,22568.240234375,14.680000305175781
2014-02-24,1847.6099853515625,9708.9404296875,14837.6796875,47393.0,6186.10009765625,22388.560546875,14.229999542236328
2014-02-25,1845.1199951171875,9699.349609375,15051.599609375,46716.0,6200.0498046875,22317.19921875,13.670000076293945
2014-02-26,1845.1600341796875,9661.73046875,14970.9697265625,46599.0,6238.7998046875,22437.439453125,14.350000381469727
2014-02-27,1854.2900390625,9588.330078125,14923.1103515625,47607.0,,22828.1796875,14.039999961853027
2014-02-28,1859.449951171875,9692.080078125,14841.0703125,47094.0,6276.9501953125,22836.9609375,14.0
2014-03-03,1845.72998046875,9358.8896484375,14652.23046875,,6221.4501953125,22500.669921875,16.0
2014-03-04,1873.9100341796875,9589.150390625,14721.48046875,,6297.9501953125,22657.630859375,14.100000381469727
2014-03-05,1873.81005859375,9542.01953125,14897.6298828125,46589.0,6328.64990234375,22579.779296875,13.890000343322754
2014-03-06,1877.030029296875,9542.8701171875,15134.75,47093.0,6401.14990234375,22702.970703125,14.210000038146973
2014-03-07,1878.0400390625,9350.75,15274.0703125,46244.0,6526.64990234375,22660.490234375,14.109999656677246
2014-03-10,1877.1700439453125,9265.5,15120.1396484375,45533.0,6537.25,22264.9296875,14.199999809265137
2014-03-11,1867.6300048828125,9307.7900390625,15224.1103515625,45698.0,6511.89990234375,22269.609375,14.800000190734863
2014-03-12,1868.199951171875,9188.6904296875,14830.3896484375,45862.0,6516.89990234375,21901.94921875,14.470000267028809
2014-03-13,1846.3399658203125,9017.7900390625,14815.98046875,45444.0,6493.10009765625,21756.080078125,16.219999313354492
2014-03-14,1841.1300048828125,9056.41015625,14327.66015625,44966.0,6504.2001953125,21539.490234375,17.81999969482422
2014-03-17,1858.8299560546875,9180.8896484375,14277.669921875,45118.0,,21473.94921875,15.640000343322754
2014-03-18,1872.25,9242.5498046875,14411.26953125,46150.0,6516.64990234375,21583.5,14.520000457763672
2014-03-19,1860.77001953125,9277.0498046875,14462.51953125,46567.0,6524.0498046875,21568.689453125,15.119999885559082
2014-03-20,1872.010009765625,9296.1201171875,14224.23046875,47278.0,6483.10009765625,21182.16015625,14.520000457763672
2014-03-21,1866.52001953125,9342.9404296875,,47381.0,6493.2001953125,21436.69921875,15.0
2014-03-24,1857.43994140625,9188.76953125,14475.2998046875,47993.0,6583.5,21846.44921875,15.09000015258789
2014-03-25,1865.6199951171875,9338.400390625,14423.1904296875,48180.0,6589.75,21732.3203125,14.020000457763672
2014-03-26,1852.56005859375,9448.580078125,14477.16015625,47966.0,6601.39990234375,21887.75,14.930000305175781
2014-03-27,1849.0400390625,9451.2099609375,14622.8896484375,49647.0,6641.75,21834.44921875,14.619999885559082
2014-03-28,1857.6199951171875,9587.1904296875,14696.0302734375,49768.0,6695.89990234375,22065.529296875,14.40999984741211
2014-03-31,1872.3399658203125,9555.91015625,14827.830078125,50415.0,6704.2001953125,22151.060546875,13.880000114440918
2014-04-01,1885.52001953125,9603.7099609375,14791.990234375,50270.0,6721.0498046875,22448.5390625,13.100000381469727
2014-04-02,1890.9000244140625,9623.3603515625,14946.3203125,51701.0,6752.5498046875,22523.939453125,13.09000015258789
2014-04-03,1888.77001953125,9628.8203125,15071.8798828125,51408.0,6736.10009765625,22565.080078125,13.369999885559082
2014-04-04,1865.0899658203125,9695.76953125,15063.76953125,51082.0,6694.35009765625,22510.080078125,13.960000038146973
2014-04-07,1845.0400390625,9510.849609375,14808.849609375,52155.0,6695.0498046875,22377.150390625,15.569999694824219
2014-04-08,1851.9599609375,9490.7900390625,14606.8798828125,51629.0,,22596.970703125,14.890000343322754
2014-04-09,1872.1800537109373,9506.349609375,14299.6904296875,51185.0,6796.2001953125,22843.169921875,13.819999694824219
2014-04-10,1833.0799560546875,9454.5400390625,14300.1201171875,51127.0,6796.39990234375,23186.9609375,15.890000343322754
2014-04-11,1815.68994140625,9315.2900390625,13960.0498046875,51867.0,6776.2998046875,23003.640625,17.030000686645508
2014-04-14,1830.6099853515625,9339.169921875,13910.16015625,51596.0,,23038.80078125,16.110000610351562
2014-04-15,1842.97998046875,9173.7099609375,13996.8095703125,50454.0,6733.10009765625,22671.259765625,15.609999656677246
2014-04-16,1862.31005859375,9317.8203125,14417.6796875,51201.0,6675.2998046875,22696.009765625,14.180000305175781
2014-04-17,1864.8499755859373,9409.7099609375,14417.5302734375,52112.0,6779.39990234375,22760.240234375,13.359999656677246
2014-04-18,,,14516.26953125,,,,
2014-04-21,1871.8900146484373,,14512.3798828125,,6817.64990234375,,13.25
2014-04-22,1879.550048828125,9600.08984375,14388.76953125,51977.0,6815.35009765625,22730.6796875,13.1899995803833
2014-04-23,1875.3900146484373,9544.1904296875,14546.26953125,51570.0,6840.7998046875,22509.640625,13.270000457763672
2014-04-24,1878.6099853515625,9548.6796875,14404.990234375,51817.0,,22562.80078125,13.319999694824219
2014-04-25,1863.4000244140625,9401.5498046875,14429.259765625,51399.0,6782.75,22223.529296875,14.0600004196167
2014-04-28,1869.4300537109373,9446.3603515625,14288.23046875,51384.0,6761.25,22132.529296875,13.970000267028809
2014-04-29,1878.3299560546875,9584.1201171875,,51839.0,6715.25,22453.890625,13.710000038146973
2014-04-30,1883.949951171875,9603.23046875,14304.1103515625,51626.0,6696.39990234375,22133.970703125,13.40999984741211
2014-05-01,1883.6800537109373,,14485.1298828125,,,,13.25
2014-05-02,1881.1400146484373,9556.01953125,14457.509765625,52980.0,6694.7998046875,22260.669921875,12.90999984741211
2014-05-05,1884.6600341796875,9529.5,,53446.0,6699.35009765625,21976.330078125,13.289999961853027
2014-05-06,1867.719970703125,9467.5302734375,,53780.0,6715.2998046875,,13.800000190734863
2014-05-07,1878.2099609375,9521.2998046875,14033.4501953125,54053.0,6652.5498046875,21746.259765625,13.399999618530273
2014-05-08,1875.6300048828125,9607.400390625,14163.7802734375,53422.0,6659.85009765625,21837.119140625,13.430000305175781
2014-05-09,1878.47998046875,9581.4501953125,14199.58984375,53100.0,6858.7998046875,21862.990234375,12.920000076293945
2014-05-12,1896.6500244140625,9702.4599609375,14149.51953125,54053.0,7014.25,22261.609375,12.229999542236328
2014-05-13,1897.449951171875,9754.4296875,14425.4404296875,53907.0,7108.75,22352.380859375,12.130000114440918
2014-05-14,1888.530029296875,9754.3896484375,14405.759765625,54413.0,7108.75,22582.76953125,12.170000076293945
2014-05-15,1870.8499755859373,9656.0498046875,14298.2099609375,53856.0,7123.14990234375,22730.859375,13.170000076293945
2014-05-16,1877.8599853515625,9629.099609375,14096.58984375,53976.0,7203.0,22712.91015625,12.4399995803833
2014-05-19,1885.0799560546875,9659.3896484375,14006.4404296875,53353.0,7263.5498046875,22704.5,12.420000076293945
2014-05-20,1872.8299560546875,9639.080078125,14075.25,52366.0,7275.5,22834.6796875,12.960000038146973
2014-05-21,1888.030029296875,9697.8701171875,14042.169921875,52203.0,7252.89990234375,22836.51953125,11.90999984741211
2014-05-22,1892.489990234375,9720.91015625,14337.7900390625,52806.0,7276.39990234375,22953.759765625,12.029999732971191
2014-05-23,1900.530029296875,9768.009765625,14462.169921875,52626.0,7367.10009765625,22965.859375,11.359999656677246
2014-05-26,,9892.8203125,14602.51953125,52932.0,7359.0498046875,22963.1796875,
2014-05-27,1911.9100341796875,9940.8203125,14636.51953125,52172.0,7318.0,22944.30078125,11.510000228881836
2014-05-28,1909.780029296875,9939.169921875,14670.9501953125,52640.0,7329.64990234375,23080.029296875,11.680000305175781
2014-05-29,1920.030029296875,9938.900390625,14681.7197265625,52239.0,7235.64990234375,23010.140625,11.569999694824219
2014-05-30,1923.5699462890625,9943.26953125,14632.3798828125,51239.0,7229.9501953125,23081.650390625,11.399999618530273
2014-06-02,1924.969970703125,9950.1201171875,14935.919921875,51606.0,7362.5,,11.579999923706055
2014-06-03,1924.239990234375,9919.740234375,15034.25,52032.0,7415.85009765625,23291.0390625,11.869999885559082
2014-06-04,1927.8800048828125,9926.669921875,15067.9599609375,51833.0,7402.25,23151.7109375,12.079999923706055
2014-06-05,1940.4599609375,9947.830078125,15079.3701171875,51559.0,7474.10009765625,23109.66015625,11.680000305175781
2014-06-06,1949.43994140625,9987.1904296875,15077.240234375,53129.0,7583.39990234375,22951.0,10.729999542236328
2014-06-09,1951.27001953125,10008.6298828125,15124.0,54273.0,7654.60009765625,23117.470703125,11.149999618530273
2014-06-10,1950.7900390625,10028.7998046875,14994.7998046875,54604.0,7656.39990234375,23315.740234375,10.989999771118164
2014-06-11,1943.8900146484373,9949.8095703125,15069.48046875,55102.0,7626.85009765625,23257.2890625,11.600000381469727
2014-06-12,1930.1099853515625,9938.7001953125,14973.5302734375,,7649.89990234375,23175.01953125,12.5600004196167
2014-06-13,1936.1600341796875,9912.8701171875,15097.83984375,54807.0,7542.10009765625,23319.169921875,12.180000305175781
2014-06-16,1937.780029296875,9883.98046875,14933.2900390625,54630.0,7533.5498046875,23300.669921875,12.649999618530273
2014-06-17,1941.989990234375,9920.3203125,14975.9697265625,54300.0,7631.7001953125,23203.58984375,12.0600004196167
2014-06-18,1956.97998046875,9930.330078125,15115.7998046875,55203.0,7558.2001953125,23181.720703125,10.609999656677246
2014-06-19,1959.47998046875,10004.0,15361.16015625,,7540.7001953125,23167.73046875,10.619999885559082
2014-06-20,1962.8699951171875,9987.240234375,15349.419921875,54638.0,7511.4501953125,23194.060546875,10.850000381469727
2014-06-23,1962.6099853515625,9920.919921875,15369.2802734375,54210.0,7493.35009765625,22804.810546875,10.979999542236328
2014-06-24,1949.97998046875,9938.080078125,15376.240234375,54281.0,7580.2001953125,22880.640625,12.130000114440918
2014-06-25,1959.530029296875,9867.75,15266.6103515625,53426.0,7569.25,22866.69921875,11.59000015258789
2014-06-26,1957.219970703125,9804.900390625,15308.490234375,53506.0,7493.2001953125,23197.830078125,11.630000114440918
2014-06-27,1960.9599609375,9815.169921875,15095.0,53157.0,7508.7998046875,23221.51953125,11.260000228881836
2014-06-30,1960.22998046875,9833.0703125,15162.099609375,53168.0,7611.35009765625,23190.720703125,11.569999694824219
2014-07-01,1973.3199462890625,9902.41015625,15326.2001953125,53171.0,7634.7001953125,,11.149999618530273
2014-07-02,1974.6199951171875,9911.26953125,15369.9697265625,53029.0,7725.14990234375,23549.619140625,10.819999694824219
2014-07-03,1985.43994140625,10029.4296875,15348.2900390625,53875.0,7714.7998046875,23531.439453125,10.319999694824219
2014-07-04,,10009.080078125,15437.1298828125,54055.0,7751.60009765625,23546.359375,
2014-07-07,1977.6500244140625,9906.0703125,15379.4404296875,53802.0,7787.14990234375,23540.919921875,11.329999923706055
2014-07-08,1963.7099609375,9772.669921875,15314.41015625,53635.0,7623.2001953125,23541.380859375,11.979999542236328
2014-07-09,1972.8299560546875,9808.2001953125,15302.650390625,,7585.0,23176.0703125,11.649999618530273
2014-07-10,1964.6800537109373,9659.1298828125,15216.4697265625,54593.0,7567.75,23238.990234375,12.59000015258789
2014-07-11,1967.5699462890625,9666.33984375,15164.0400390625,54786.0,7459.60009765625,23233.44921875,12.079999923706055
2014-07-14,1977.0999755859373,9783.009765625,15296.8203125,55744.0,7454.14990234375,23346.669921875,11.819999694824219
2014-07-15,1973.280029296875,9719.41015625,15395.16015625,55974.0,7526.64990234375,23459.9609375,11.960000038146973
2014-07-16,1981.5699462890625,9859.26953125,15379.2998046875,55717.0,7624.39990234375,23523.279296875,11.0
2014-07-17,1958.1199951171875,9753.8798828125,15370.259765625,55638.0,7640.4501953125,23520.869140625,14.539999961853027
2014-07-18,1978.219970703125,9720.01953125,15215.7099609375,57013.0,7663.89990234375,23454.7890625,12.0600004196167
2014-07-21,1973.6300048828125,9612.0498046875,,57634.0,7684.2001953125,23387.140625,12.8100004196167
2014-07-22,1983.530029296875,9734.330078125,15343.2802734375,57983.0,7767.85009765625,23782.109375,12.239999771118164
2014-07-23,1987.010009765625,9753.5595703125,15328.5595703125,57420.0,7795.75,23971.869140625,11.520000457763672
2014-07-24,1987.97998046875,9794.0595703125,15284.419921875,57978.0,7830.60009765625,24141.5,11.84000015258789
2014-07-25,1978.3399658203125,9644.009765625,15457.8701171875,57821.0,7790.4501953125,24216.009765625,12.6899995803833
2014-07-28,1978.9100341796875,9598.169921875,15529.400390625,57696.0,7748.7001953125,24428.630859375,12.5600004196167
2014-07-29,1969.949951171875,9653.6298828125,15618.0703125,57119.0,,24640.529296875,13.279999732971191
2014-07-30,1970.0699462890625,9593.6796875,15646.23046875,56878.0,7791.39990234375,24732.2109375,13.329999923706055
2014-07-31,1930.6700439453125,9407.48046875,15620.76953125,55829.0,7721.2998046875,24756.849609375,16.950000762939453
2014-08-01,1925.1500244140625,9210.080078125,15523.1103515625,55903.0,7602.60009765625,24532.4296875,17.030000686645508
2014-08-04,1938.989990234375,9154.1396484375,15474.5,56616.0,7683.64990234375,24600.080078125,15.119999885559082
2014-08-05,1920.2099609375,9189.740234375,15320.3095703125,56202.0,7746.5498046875,24648.259765625,16.8700008392334
2014-08-06,1920.239990234375,9130.0400390625,15159.7900390625,56487.0,7672.0498046875,24584.130859375,16.3700008392334
2014-08-07,1909.5699462890625,9038.9697265625,15232.3701171875,56188.0,7649.25,24387.560546875,16.65999984741211
2014-08-08,1931.5899658203125,9009.3203125,14778.3701171875,55573.0,7568.5498046875,24331.41015625,15.770000457763672
2014-08-11,1936.9200439453125,9180.740234375,15130.51953125,56613.0,7625.9501953125,24646.01953125,14.229999542236328
2014-08-12,1933.75,9069.4697265625,15161.3095703125,56442.0,7727.0498046875,24689.41015625,14.130000114440918
2014-08-13,1946.719970703125,9198.8798828125,15213.6298828125,55581.0,7739.5498046875,24890.33984375,12.899999618530273
2014-08-14,1955.1800537109373,9225.099609375,15314.5703125,55780.0,7791.7001953125,24801.359375,12.420000076293945
2014-08-15,1955.06005859375,9092.599609375,15318.33984375,56964.0,,24954.939453125,13.149999618530273
2014-08-18,1971.739990234375,9245.330078125,15322.599609375,57561.0,7874.25,24955.4609375,12.319999694824219
2014-08-19,1981.5999755859373,9334.2802734375,15449.7900390625,58449.0,7897.5,25122.94921875,12.210000038146973
2014-08-20,1986.510009765625,9314.5703125,15454.4501953125,58878.0,7875.2998046875,25159.759765625,11.779999732971191
2014-08-21,1992.3699951171875,9401.5302734375,15586.2001953125,58992.0,7891.10009765625,24994.099609375,11.760000228881836
2014-08-22,1988.4000244140625,9339.169921875,15539.1904296875,58407.0,7913.2001953125,25112.23046875,11.470000267028809
2014-08-25,1997.9200439453125,9510.1396484375,15613.25,59735.0,7906.2998046875,25166.91015625,11.699999809265137
2014-08-26,2000.02001953125,9588.150390625,15521.2197265625,59821.0,7904.75,25074.5,11.630000114440918
2014-08-27,2000.1199951171875,9569.7099609375,15534.8203125,60951.0,7936.0498046875,24918.75,11.779999732971191
2014-08-28,1996.739990234375,9462.5595703125,15459.8603515625,60291.0,7954.35009765625,24741.0,12.050000190734863
2014-08-29,2003.3699951171875,9470.169921875,15424.58984375,61288.0,,24742.060546875,12.09000015258789
2014-09-01,,9479.0302734375,15476.599609375,61141.0,8027.7001953125,24752.08984375,
2014-09-02,2002.280029296875,9507.01953125,15668.599609375,61896.0,8083.0498046875,24749.01953125,12.25
2014-09-03,2000.719970703125,9626.490234375,15728.349609375,61837.0,8114.60009765625,25317.94921875,12.359999656677246
2014-09-04,1997.6500244140625,9724.259765625,15676.1796875,60800.0,8095.9501953125,25297.919921875,12.640000343322754
2014-09-05,2007.7099609375,9747.01953125,15668.6796875,60681.0,8086.85009765625,25240.150390625,12.09000015258789
2014-09-08,2001.5400390625,9758.0302734375,15705.1103515625,59193.0,8173.89990234375,25190.44921875,12.65999984741211
2014-09-09,1988.43994140625,9710.7001953125,15749.150390625,58676.0,8152.9501953125,,13.5
2014-09-10,1995.68994140625,9700.169921875,15788.7802734375,58199.0,8094.10009765625,24705.359375,12.880000114440918
2014-09-11,1997.449951171875,9691.2802734375,15909.2001953125,58337.0,8085.7001953125,24662.640625,12.800000190734863
2014-09-12,1985.5400390625,9651.1298828125,15948.2900390625,56928.0,8105.5,24595.3203125,13.3100004196167
2014-09-15,1984.1300048828125,9659.6298828125,,57949.0,8042.0,24356.990234375,14.119999885559082
2014-09-16,1998.97998046875,9632.9296875,15911.5302734375,59115.0,7932.89990234375,24136.009765625,12.729999542236328
2014-09-17,2001.5699462890625,9661.5,15888.669921875,59108.0,7975.5,24376.41015625,12.649999618530273
2014-09-18,2011.3599853515625,9798.1298828125,16067.5703125,58374.0,8114.75,24168.720703125,12.029999732971191
2014-09-19,2010.4000244140625,9799.259765625,16321.169921875,57789.0,8121.4501953125,24306.16015625,12.109999656677246
2014-09-22,1994.2900390625,9749.5400390625,16205.900390625,56818.0,8146.2998046875,23955.490234375,13.6899995803833
2014-09-23,1982.77001953125,9595.0302734375,,56541.0,8017.5498046875,23837.0703125,14.930000305175781
2014-09-24,1998.300048828125,9661.9697265625,16167.4501953125,56824.0,8002.39990234375,23921.609375,13.270000457763672
2014-09-25,1965.989990234375,9510.009765625,16374.1396484375,55962.0,7911.85009765625,23768.130859375,15.640000343322754
2014-09-26,1982.8499755859373,9490.5498046875,16229.8603515625,57212.0,7968.85009765625,23678.41015625,14.850000381469727
2014-09-29,1977.800048828125,9422.91015625,16310.6396484375,54625.0,7958.89990234375,23229.2109375,15.979999542236328
2014-09-30,1972.2900390625,9474.2998046875,16173.51953125,54116.0,7964.7998046875,22932.98046875,16.309999465942383
2014-10-01,1946.1600341796875,9382.0302734375,16082.25,52858.0,7945.5498046875,,16.709999084472656
2014-10-02,1946.1700439453125,9195.6796875,15661.990234375,53519.0,,,16.15999984741211
2014-10-03,1967.9000244140625,,15708.650390625,54540.0,,23064.560546875,14.550000190734863
2014-10-06,1964.8199462890625,9209.509765625,15890.9501953125,57116.0,,23315.0390625,15.460000038146973
2014-10-07,1935.0999755859373,9086.2099609375,15783.830078125,57436.0,7852.39990234375,23422.51953125,17.200000762939453
2014-10-08,1968.8900146484373,8995.330078125,15595.98046875,57058.0,7842.7001953125,23263.330078125,15.109999656677246
2014-10-09,1928.2099609375,9005.01953125,15478.9296875,57268.0,7960.5498046875,23534.529296875,18.760000228881836
2014-10-10,1906.1300048828125,8788.8095703125,15300.5498046875,55312.0,7859.9501953125,23088.5390625,21.239999771118164
2014-10-13,1874.739990234375,8812.4296875,,57957.0,7884.25,23143.380859375,24.639999389648438
2014-10-14,1877.699951171875,8825.2099609375,14936.509765625,58015.0,7864.0,23047.970703125,22.790000915527344
2014-10-15,1862.489990234375,8571.9501953125,15073.51953125,56135.0,,23140.05078125,25.270000457763672
2014-10-16,1862.760009765625,8582.900390625,14738.3798828125,54298.0,7748.2001953125,22900.939453125,25.200000762939453
2014-10-17,1886.760009765625,8850.26953125,14532.509765625,55724.0,7779.7001953125,23023.2109375,21.989999771118164
2014-10-20,1904.010009765625,8717.759765625,15111.23046875,54303.0,7879.39990234375,23070.259765625,18.56999969482422
2014-10-21,1941.280029296875,8886.9599609375,14804.2802734375,52432.0,7927.75,23088.580078125,16.079999923706055
2014-10-22,1927.1099853515625,8940.1396484375,15195.76953125,52411.0,7995.89990234375,23403.970703125,17.8700008392334
2014-10-23,1950.8199462890625,9047.3095703125,15138.9599609375,50713.0,,23333.1796875,16.530000686645508
2014-10-24,1964.5799560546875,8987.7998046875,15291.6396484375,51941.0,,23302.19921875,16.110000610351562
2014-10-27,1961.6300048828125,8902.6103515625,15388.7197265625,50504.0,7991.7001953125,23143.23046875,16.040000915527344
2014-10-28,1985.050048828125,9068.1904296875,15329.91015625,52330.0,8027.60009765625,23520.359375,14.390000343322754
2014-10-29,1982.300048828125,9082.8095703125,15553.91015625,51049.0,8090.4501953125,23819.869140625,15.149999618530273
2014-10-30,1994.6500244140625,9114.83984375,15658.2001953125,52337.0,8169.2001953125,23702.0390625,14.520000457763672
2014-10-31,2018.050048828125,9326.8701171875,16413.759765625,54629.0,8322.2001953125,23998.060546875,14.029999732971191
2014-11-03,2017.81005859375,9251.7001953125,,53947.0,8324.150390625,23915.970703125,14.729999542236328
2014-11-04,2012.0999755859373,9166.4697265625,16862.470703125,54384.0,,23845.66015625,14.890000343322754
2014-11-05,2023.5699462890625,9315.48046875,16937.3203125,53698.0,8338.2998046875,23695.619140625,14.170000076293945
2014-11-06,2031.2099609375,9377.41015625,16792.48046875,52637.0,,23649.310546875,13.670000076293945
2014-11-07,2031.9200439453125,9291.830078125,16880.380859375,53223.0,8337.0,23550.240234375,13.119999885559082
2014-11-10,2038.260009765625,9351.8701171875,16780.529296875,52725.0,8344.25,23744.69921875,12.670000076293945
2014-11-11,2039.6800537109373,9369.0302734375,17124.109375,52474.0,8362.650390625,23808.279296875,12.920000076293945
2014-11-12,2038.25,9210.9599609375,17197.05078125,52979.0,8383.2998046875,23938.1796875,13.020000457763672
2014-11-13,2039.3299560546875,9248.509765625,17392.7890625,51846.0,8357.849609375,24019.939453125,13.789999961853027
2014-11-14,2039.8199462890625,9252.9404296875,17490.830078125,51772.0,8389.900390625,24087.380859375,13.3100004196167
2014-11-17,2041.3199462890625,9306.349609375,16973.80078125,51257.0,8430.75,23797.080078125,13.989999771118164
2014-11-18,2051.800048828125,9456.5302734375,17344.060546875,52062.0,8425.900390625,23529.169921875,13.859999656677246
2014-11-19,2048.719970703125,9472.7998046875,17288.75,53403.0,8382.2998046875,23373.310546875,13.960000038146973
2014-11-20,2052.75,9483.9697265625,17300.859375,,8401.900390625,23349.640625,13.579999923706055
2014-11-21,2063.5,9732.5498046875,17357.509765625,56084.0,8477.349609375,23437.119140625,12.899999618530273
2014-11-24,2069.409912109375,9785.5400390625,,55407.0,8530.150390625,23893.140625,12.619999885559082
2014-11-25,2067.030029296875,9861.2099609375,17407.619140625,55561.0,8463.099609375,23843.91015625,12.25
2014-11-26,2072.830078125,9915.5595703125,17383.580078125,55098.0,8475.75,24111.98046875,12.069999694824219
2014-11-27,,9974.8701171875,17248.5,54721.0,8494.2001953125,24004.279296875,
2014-11-28,2067.56005859375,9980.849609375,17459.849609375,54664.0,8588.25,23987.44921875,13.329999923706055
2014-12-01,2053.43994140625,9963.509765625,17590.099609375,52276.0,8555.900390625,23367.44921875,14.15999984741211
2014-12-02,2066.550048828125,9934.080078125,17663.220703125,51612.0,8524.7001953125,23654.30078125,12.850000381469727
2014-12-03,2074.330078125,9971.7900390625,17720.4296875,52320.0,8537.650390625,23428.619140625,12.5
2014-12-04,2071.919921875,9851.349609375,17887.2109375,51427.0,8564.400390625,23832.560546875,12.380000114440918
2014-12-05,2075.3701171875,10087.1201171875,17920.44921875,51992.0,8538.2998046875,24002.640625,11.890000343322754
2014-12-08,2060.31005859375,10014.990234375,17935.640625,50274.0,8438.25,24047.669921875,14.210000038146973
2014-12-09,2059.820068359375,9793.7099609375,17813.380859375,50193.0,8340.7001953125,23485.830078125,15.350000381469727
2014-12-10,2026.1400146484373,9799.73046875,17412.580078125,49548.0,8355.650390625,23524.51953125,18.530000686645508
2014-12-11,2035.3299560546875,9862.5302734375,17257.400390625,49861.0,8292.900390625,23312.5390625,20.079999923706055
2014-12-12,2002.3299560546875,9594.73046875,17371.580078125,48002.0,8224.099609375,23249.19921875,21.079999923706055
2014-12-15,1989.6300048828125,9334.009765625,17099.400390625,47019.0,8219.599609375,23027.849609375,20.420000076293945
2014-12-16,1972.739990234375,9563.8896484375,16755.3203125,47008.0,8067.60009765625,22670.5,23.56999969482422
2014-12-17,2012.8900146484373,9544.4296875,16819.73046875,48714.0,8029.7998046875,22585.83984375,19.440000534057617
2014-12-18,2061.22998046875,9811.0595703125,17210.05078125,48496.0,8159.2998046875,22832.2109375,16.809999465942383
2014-12-19,2070.64990234375,9786.9599609375,17621.400390625,49651.0,8225.2001953125,23116.630859375,16.489999771118164
2014-12-22,2078.5400390625,9865.759765625,17635.140625,50121.0,8324.0,23408.5703125,15.25
2014-12-23,2082.169921875,9922.1103515625,,50890.0,8267.0,23333.689453125,14.800000190734863
2014-12-24,2081.8798828125,,17854.23046875,,8174.10009765625,23349.33984375,14.369999885559082
2014-12-25,,,17808.75,,,,
2014-12-26,2088.77001953125,,17818.9609375,50145.0,8200.7001953125,,14.5
2014-12-29,2090.570068359375,9927.1298828125,17729.83984375,50594.0,8246.2998046875,23773.1796875,15.0600004196167
2014-12-30,2080.35009765625,9805.5498046875,17450.76953125,50007.0,8248.25,23501.099609375,15.920000076293945
2014-12-31,2058.89990234375,,,,8282.7001953125,23605.0390625,19.200000762939453
2015-01-02,2058.199951171875,9764.73046875,,48512.0,8395.4501953125,23721.30078125,17.790000915527344
2015-01-05,2020.5799560546875,9473.16015625,17408.7109375,47517.0,8378.400390625,23721.3203125,19.920000076293945
2015-01-06,2002.6099853515625,9469.66015625,16883.189453125,48001.0,8127.35009765625,23485.41015625,21.1200008392334
2015-01-07,2025.9000244140625,9518.1796875,16885.330078125,49463.0,8102.10009765625,23681.259765625,19.309999465942383
2015-01-08,2062.139892578125,9837.6103515625,17167.099609375,49943.0,8234.599609375,23835.529296875,17.010000228881836
2015-01-09,2044.81005859375,9648.5,17197.73046875,48840.0,8284.5,23919.94921875,17.549999237060547
2015-01-12,2028.260009765625,9781.900390625,,48140.0,8323.0,24026.4609375,19.600000381469727
2015-01-13,2023.030029296875,9941.0,17087.7109375,48042.0,8299.400390625,24215.970703125,20.559999465942383
2015-01-14,2011.27001953125,9817.080078125,16795.9609375,47646.0,8277.5498046875,24112.599609375,21.479999542236328
2015-01-15,1992.6700439453125,10032.6103515625,17108.69921875,48026.0,8494.150390625,24350.91015625,22.389999389648438
2015-01-16,2019.4200439453125,10167.76953125,16864.16015625,49017.0,8513.7998046875,24103.51953125,20.950000762939453
2015-01-19,,10242.349609375,17014.2890625,47758.0,8550.7001953125,23738.490234375,
2015-01-20,2022.550048828125,10257.1298828125,17366.30078125,47877.0,8695.599609375,23951.16015625,19.889999389648438
2015-01-21,2032.1199951171875,10299.23046875,17280.48046875,49224.0,8729.5,24352.580078125,18.850000381469727
2015-01-22,2063.14990234375,10435.6201171875,17329.01953125,49443.0,8761.400390625,24522.630859375,16.399999618530273
2015-01-23,2051.820068359375,10649.580078125,17511.75,48775.0,8835.599609375,24850.44921875,16.65999984741211
2015-01-26,2057.090087890625,10798.330078125,17468.51953125,48577.0,,24909.900390625,15.520000457763672
2015-01-27,2029.550048828125,10628.580078125,17768.30078125,48591.0,8910.5,24807.279296875,17.219999313354492
2015-01-28,2002.1600341796875,10710.9697265625,17795.73046875,47695.0,8914.2998046875,24861.810546875,20.440000534057617
2015-01-29,2021.25,10737.8701171875,17606.220703125,47762.0,8952.349609375,24595.849609375,18.760000228881836
2015-01-30,1994.989990234375,10694.3203125,17674.390625,46908.0,8808.900390625,24507.05078125,20.969999313354492
2015-02-02,2020.8499755859373,10828.009765625,17558.0390625,47651.0,8797.400390625,24484.740234375,19.43000030517578
2015-02-03,2050.030029296875,10890.9501953125,17335.849609375,48964.0,8756.5498046875,24554.779296875,17.329999923706055
2015-02-04,2041.510009765625,10911.3203125,17678.740234375,49301.0,8723.7001953125,24679.759765625,18.329999923706055
2015-02-05,2062.52001953125,10905.41015625,17504.619140625,49234.0,8711.7001953125,24765.490234375,16.850000381469727
2015-02-06,2055.469970703125,10846.3896484375,17648.5,48792.0,8661.0498046875,24679.390625,17.290000915527344
2015-02-09,2046.739990234375,10663.509765625,17711.9296875,49383.0,8526.349609375,24521.0,18.549999237060547
2015-02-10,2068.590087890625,10753.830078125,17652.6796875,48510.0,8565.5498046875,24528.099609375,17.229999542236328
2015-02-11,2068.530029296875,10752.1103515625,,48240.0,8627.400390625,24315.01953125,16.959999084472656
2015-02-12,2088.47998046875,10919.650390625,17979.720703125,49533.0,8711.5498046875,24422.150390625,15.34000015258789
2015-02-13,2096.989990234375,10963.400390625,17913.359375,50636.0,8805.5,24682.5390625,14.6899995803833
2015-02-16,,10923.23046875,18004.76953125,,8809.349609375,24726.529296875,
2015-02-17,2100.340087890625,10895.6201171875,17987.08984375,,,24784.880859375,15.800000190734863
2015-02-18,2099.679931640625,10961.0,18199.169921875,51280.0,8869.099609375,24832.080078125,15.449999809265137
2015-02-19,2097.449951171875,11001.9404296875,18264.7890625,51294.0,8895.2998046875,,15.289999961853027
2015-02-20,2110.300048828125,11050.6396484375,18332.30078125,51238.0,8833.599609375,,14.300000190734863
2015-02-23,2109.659912109375,11130.919921875,18466.919921875,51281.0,8754.9501953125,24836.759765625,14.5600004196167
2015-02-24,2115.47998046875,11205.740234375,18603.48046875,51874.0,8762.099609375,24750.0703125,13.6899995803833
2015-02-25,2113.860107421875,11210.26953125,18585.19921875,51811.0,8767.25,24778.279296875,13.84000015258789
2015-02-26,2110.739990234375,11327.1904296875,18785.7890625,51761.0,8683.849609375,24902.060546875,13.90999984741211
2015-02-27,2104.5,11401.66015625,18797.939453125,51583.0,8844.599609375,24823.2890625,13.34000015258789
2015-03-02,2117.389892578125,11410.3603515625,18826.880859375,51021.0,8956.75,24887.439453125,13.039999961853027
2015-03-03,2107.780029296875,11280.3603515625,18815.16015625,51304.0,8996.25,24702.779296875,13.859999656677246
2015-03-04,2098.530029296875,11390.3798828125,18703.599609375,50468.0,8922.650390625,24465.380859375,14.229999542236328
2015-03-05,2101.0400390625,11504.009765625,18751.83984375,50365.0,8937.75,24193.0390625,14.039999961853027
2015-03-06,2071.260009765625,11550.9697265625,18971.0,49981.0,,24164.0,15.199999809265137
2015-03-09,2079.429931640625,11582.1103515625,18790.55078125,49181.0,8756.75,24123.05078125,15.0600004196167
2015-03-10,2044.1600341796875,11500.3798828125,18665.109375,48293.0,8712.0498046875,23896.98046875,16.690000534057617
2015-03-11,2040.239990234375,11805.990234375,18723.51953125,48906.0,8699.9501953125,23717.970703125,16.8700008392334
2015-03-12,2065.949951171875,11799.3896484375,18991.109375,48880.0,8776.0,23797.9609375,15.420000076293945
2015-03-13,2053.39990234375,11901.6103515625,19254.25,48596.0,8647.75,23823.2109375,16.0
2015-03-16,2081.18994140625,12167.7197265625,19246.060546875,48848.0,8633.150390625,23949.55078125,15.609999656677246
2015-03-17,2074.280029296875,11980.849609375,19437.0,50285.0,8723.2998046875,23901.490234375,15.65999984741211
2015-03-18,2099.5,11922.76953125,19544.48046875,51526.0,8685.900390625,24120.080078125,13.970000267028809
2015-03-19,2089.27001953125,11899.400390625,19476.560546875,50954.0,8634.650390625,24468.890625,14.069999694824219
2015-03-20,2108.10009765625,12039.3701171875,19560.220703125,51967.0,8570.900390625,24375.240234375,13.020000457763672
2015-03-23,2104.419921875,11895.83984375,19754.359375,51908.0,8550.900390625,24494.509765625,13.40999984741211
2015-03-24,2091.5,12005.6904296875,19713.44921875,51506.0,8542.9501953125,24399.599609375,13.619999885559082
2015-03-25,2061.050048828125,11865.3203125,19746.19921875,51858.0,8530.7998046875,24528.23046875,15.4399995803833
2015-03-26,2056.14990234375,11843.6796875,19471.119140625,50580.0,8342.150390625,24497.080078125,15.800000190734863
2015-03-27,2061.02001953125,11868.330078125,19285.630859375,50095.0,8341.400390625,24486.19921875,15.069999694824219
2015-03-30,2086.239990234375,12086.009765625,19411.400390625,51243.0,8492.2998046875,24855.119140625,14.510000228881836
2015-03-31,2067.889892578125,11966.169921875,19206.990234375,51150.0,8491.0,24900.890625,15.289999961853027
2015-04-01,2059.68994140625,12001.3798828125,19034.83984375,52322.0,8586.25,25082.75,15.109999656677246
2015-04-02,2066.9599609375,11967.3896484375,19312.7890625,53123.0,,25275.640625,14.670000076293945
2015-04-03,,,19435.080078125,,,,
2015-04-06,2080.6201171875,,19397.98046875,53737.0,8659.900390625,,14.739999771118164
2015-04-07,2076.330078125,12123.51953125,19640.5390625,53729.0,8660.2998046875,,14.779999732971191
2015-04-08,2081.89990234375,12035.8603515625,19789.810546875,53661.0,8714.400390625,26236.859375,13.979999542236328
2015-04-09,2091.179931640625,12166.4404296875,19937.720703125,53803.0,8778.2998046875,26944.390625,13.09000015258789
2015-04-10,2102.06005859375,12374.73046875,19907.630859375,54214.0,8780.349609375,27272.390625,12.579999923706055
2015-04-13,2092.429931640625,12338.73046875,19905.4609375,54240.0,8834.0,28016.33984375,13.9399995803833
2015-04-14,2095.840087890625,12227.599609375,19908.6796875,53982.0,,27561.490234375,13.670000076293945
2015-04-15,2106.6298828125,12231.33984375,19869.759765625,54919.0,,27618.8203125,12.84000015258789
2015-04-16,2104.989990234375,11998.8603515625,19885.76953125,54674.0,8706.7001953125,27739.7109375,12.600000381469727
2015-04-17,2081.179931640625,11688.7001953125,19652.880859375,53955.0,8606.0,27653.119140625,13.890000343322754
2015-04-20,2100.39990234375,11891.91015625,19634.490234375,53761.0,8448.099609375,27094.9296875,13.300000190734863
2015-04-21,2097.2900390625,11939.580078125,19909.08984375,,8377.75,27850.490234375,13.25
2015-04-22,2107.9599609375,11867.3701171875,20133.900390625,54617.0,8429.7001953125,27933.849609375,12.710000038146973
2015-04-23,2112.929931640625,11723.580078125,20187.650390625,55685.0,8398.2998046875,27827.69921875,12.479999542236328
2015-04-24,2117.68994140625,11810.849609375,20020.0390625,56594.0,8305.25,28060.98046875,12.289999961853027
2015-04-27,2108.919921875,12039.16015625,19983.3203125,55535.0,8213.7998046875,28433.58984375,13.119999885559082
2015-04-28,2114.760009765625,11811.66015625,20058.94921875,55812.0,8285.599609375,28442.75,12.40999984741211
2015-04-29,2106.85009765625,11432.7197265625,,55325.0,8239.75,28400.33984375,13.390000343322754
2015-04-30,2085.510009765625,11454.3798828125,19520.009765625,56229.0,8181.5,28133.0,14.550000190734863
2015-05-01,2108.2900390625,,19531.630859375,,,,12.699999809265137
2015-05-04,2114.489990234375,11619.849609375,,57354.0,8331.9501953125,28123.8203125,12.850000381469727
2015-05-05,2089.4599609375,11327.6796875,,58052.0,8324.7998046875,27755.5390625,14.3100004196167
2015-05-06,2080.14990234375,11350.150390625,,57103.0,8097.0,27640.91015625,15.149999618530273
2015-05-07,2088.0,11407.9697265625,19291.990234375,56921.0,8057.2998046875,27289.970703125,15.130000114440918
2015-05-08,2116.10009765625,11709.73046875,19379.189453125,57149.0,8191.5,27577.33984375,12.859999656677246
2015-05-11,2105.330078125,11673.349609375,19620.91015625,57197.0,8325.25,27718.19921875,13.850000381469727
2015-05-12,2099.1201171875,11472.41015625,19624.83984375,56792.0,8126.9501953125,27407.1796875,13.859999656677246
2015-05-13,2098.47998046875,11351.4599609375,19764.720703125,56372.0,8235.4501953125,27249.279296875,13.760000228881836
2015-05-14,2121.10009765625,11559.8203125,19570.240234375,56657.0,8224.2001953125,27286.55078125,12.739999771118164
2015-05-15,2122.72998046875,11447.0302734375,19732.919921875,57249.0,8262.349609375,27822.279296875,12.380000114440918
2015-05-18,2129.199951171875,11594.2802734375,19890.26953125,56204.0,8373.650390625,27591.25,12.729999542236328
2015-05-19,2127.830078125,11853.330078125,20026.380859375,55499.0,8365.650390625,27693.5390625,12.850000381469727
2015-05-20,2125.85009765625,11848.4697265625,20196.560546875,54901.0,8423.25,27585.05078125,12.880000114440918
2015-05-21,2130.820068359375,11864.58984375,20202.869140625,55112.0,8421.0,27523.720703125,12.109999656677246
2015-05-22,2126.06005859375,11815.009765625,20264.41015625,54377.0,8458.9501953125,27992.830078125,12.130000114440918
2015-05-25,,,20413.76953125,54609.0,8370.25,,
2015-05-26,2104.199951171875,11625.1298828125,20437.48046875,53630.0,8339.349609375,28249.859375,14.0600004196167
2015-05-27,2123.47998046875,11771.1298828125,20472.580078125,54236.0,8334.599609375,28081.2109375,13.270000457763672
2015-05-28,2120.7900390625,11677.5703125,20551.4609375,53976.0,8319.0,27454.310546875,13.3100004196167
2015-05-29,2107.389892578125,11413.8203125,20563.150390625,52760.0,8433.650390625,27424.189453125,13.84000015258789
2015-06-01,2111.72998046875,11436.0498046875,20569.869140625,53031.0,8433.400390625,27597.16015625,13.970000267028809
2015-06-02,2109.60009765625,11328.7998046875,20543.189453125,54236.0,8236.4501953125,27466.720703125,14.239999771118164
2015-06-03,2114.070068359375,11419.6201171875,20473.509765625,53523.0,8135.10009765625,27657.470703125,13.65999984741211
2015-06-04,2095.840087890625,11340.599609375,20488.189453125,,8130.64990234375,27551.890625,14.710000038146973
2015-06-05,2092.830078125,11197.150390625,20460.900390625,52973.0,8114.7001953125,27260.16015625,14.210000038146973
2015-06-08,2079.280029296875,11064.919921875,20457.189453125,52810.0,8044.14990234375,27316.279296875,15.289999961853027
2015-06-09,2080.14990234375,11001.2900390625,20096.30078125,52816.0,8022.39990234375,26989.51953125,14.470000267028809
2015-06-10,2105.199951171875,11265.3896484375,20046.359375,53876.0,8124.4501953125,26687.640625,13.220000267028809
2015-06-11,2108.860107421875,11332.7802734375,20382.970703125,53689.0,7965.35009765625,26907.849609375,12.850000381469727
2015-06-12,2094.110107421875,11196.490234375,20407.080078125,53348.0,7982.89990234375,27280.5390625,13.779999732971191
2015-06-15,2084.429931640625,10984.9697265625,20387.7890625,53138.0,8013.89990234375,26861.810546875,15.390000343322754
2015-06-16,2096.2900390625,11044.009765625,20257.939453125,53702.0,8047.2998046875,26566.69921875,14.8100004196167
2015-06-17,2100.43994140625,10978.009765625,20219.26953125,53249.0,8091.5498046875,26753.7890625,14.5
2015-06-18,2121.239990234375,11100.2998046875,19990.8203125,54239.0,8174.60009765625,26694.66015625,13.1899995803833
2015-06-19,2109.989990234375,11040.099609375,20174.240234375,53749.0,8224.9501953125,26760.529296875,13.960000038146973
2015-06-22,2122.85009765625,11460.5,20428.189453125,53864.0,8353.099609375,27080.849609375,12.739999771118164
2015-06-23,2124.199951171875,11542.5400390625,20809.419921875,53772.0,8381.5498046875,27333.4609375,12.109999656677246
2015-06-24,2108.580078125,11471.259765625,20868.029296875,53843.0,8360.849609375,27404.970703125,13.260000228881836
2015-06-25,2102.31005859375,11473.1298828125,20771.400390625,53176.0,8398.0,27145.75,14.010000228881836
2015-06-26,2101.489990234375,11492.4296875,20706.150390625,54017.0,8381.099609375,26663.869140625,14.020000457763672
2015-06-29,2057.639892578125,11083.2001953125,20109.94921875,53014.0,8318.400390625,25966.98046875,18.850000381469727
2015-06-30,2063.110107421875,10944.9697265625,20235.73046875,53081.0,8368.5,26250.029296875,18.229999542236328
2015-07-01,2077.419921875,11180.5,20329.3203125,52758.0,8453.0498046875,,16.09000015258789
2015-07-02,2076.780029296875,11099.349609375,20522.5,53106.0,8444.900390625,26282.3203125,16.790000915527344
2015-07-03,,11058.3896484375,20539.7890625,52519.0,8484.900390625,26064.109375,
2015-07-06,2068.760009765625,10890.6298828125,20112.119140625,52149.0,8522.150390625,25236.279296875,17.010000228881836
2015-07-07,2081.340087890625,10676.7802734375,20376.58984375,52344.0,8510.7998046875,24975.310546875,16.09000015258789
2015-07-08,2046.6800537109373,10747.2998046875,19737.640625,51782.0,8363.0498046875,23516.560546875,19.65999984741211
2015-07-09,2051.31005859375,10996.41015625,19855.5,,8328.5498046875,24392.7890625,19.969999313354492
2015-07-10,2076.6201171875,11315.6298828125,19779.830078125,52591.0,8360.5498046875,24901.279296875,16.829999923706055
2015-07-13,2099.60009765625,11484.3798828125,20089.76953125,53119.0,8459.650390625,25224.009765625,13.899999618530273
2015-07-14,2108.949951171875,11516.900390625,20385.330078125,53239.0,8454.099609375,25120.91015625,13.369999885559082
2015-07-15,2107.39990234375,11539.66015625,20463.330078125,52902.0,8523.7998046875,25055.759765625,13.229999542236328
2015-07-16,2124.2900390625,11716.759765625,20600.119140625,53070.0,8608.0498046875,25162.779296875,12.109999656677246
2015-07-17,2126.639892578125,11673.419921875,20650.919921875,52342.0,8609.849609375,25415.26953125,11.949999809265137
2015-07-20,2128.280029296875,11735.7197265625,,51600.0,8603.4501953125,25404.810546875,12.25
2015-07-21,2119.2099609375,11604.7998046875,20841.970703125,51474.0,8529.4501953125,25536.4296875,12.220000267028809
2015-07-22,2114.14990234375,11520.669921875,20593.669921875,50916.0,8633.5,25282.619140625,12.119999885559082
2015-07-23,2102.14990234375,11512.1103515625,20683.94921875,49807.0,8589.7998046875,25398.849609375,12.640000343322754
2015-07-24,2079.64990234375,11347.4501953125,20544.529296875,49246.0,8521.5498046875,25128.509765625,13.739999771118164
2015-07-27,2067.639892578125,11056.400390625,20350.099609375,48736.0,8361.0,24351.9609375,15.600000381469727
2015-07-28,2093.25,11173.91015625,20328.890625,49602.0,8337.0,24503.939453125,13.4399995803833
2015-07-29,2108.570068359375,11211.849609375,20302.91015625,50245.0,8375.0498046875,24619.44921875,12.5
2015-07-30,2108.6298828125,11257.150390625,20522.830078125,49897.0,8421.7998046875,24497.98046875,12.130000114440918
2015-07-31,2103.840087890625,11308.990234375,20585.240234375,50865.0,8532.849609375,24636.279296875,12.119999885559082
2015-08-03,2098.0400390625,11443.7197265625,20548.109375,50138.0,8543.0498046875,24411.419921875,12.5600004196167
2015-08-04,2093.320068359375,11456.0703125,20520.359375,50058.0,8516.900390625,24406.119140625,13.0
2015-08-05,2099.840087890625,11636.2998046875,20614.060546875,50287.0,8567.9501953125,24514.16015625,12.510000228881836
2015-08-06,2083.56005859375,11585.099609375,20664.439453125,50011.0,8588.650390625,24375.279296875,13.770000457763672
2015-08-07,2077.570068359375,11490.830078125,20724.560546875,48577.0,8564.599609375,24552.470703125,13.390000343322754
2015-08-10,2104.179931640625,11604.7802734375,20808.689453125,49353.0,8525.599609375,24521.119140625,12.229999542236328
2015-08-11,2084.070068359375,11293.650390625,20720.75,49072.0,8462.349609375,24498.2109375,13.710000038146973
2015-08-12,2086.050048828125,10924.6103515625,20392.76953125,48388.0,8349.4501953125,23916.01953125,13.609999656677246
2015-08-13,2083.389892578125,11014.6298828125,20595.55078125,48010.0,8355.849609375,24018.80078125,13.489999771118164
2015-08-14,2091.5400390625,10985.1396484375,20519.44921875,47508.0,8518.5498046875,23991.029296875,12.829999923706055
2015-08-17,2102.43994140625,10940.330078125,20620.259765625,47217.0,8477.2998046875,23814.650390625,13.020000457763672
2015-08-18,2096.919921875,10915.919921875,20554.470703125,47451.0,8466.5498046875,23474.970703125,13.789999961853027
2015-08-19,2079.610107421875,10682.150390625,20222.630859375,46588.0,8495.150390625,23167.849609375,15.25
2015-08-20,2035.72998046875,10432.1904296875,20033.51953125,46649.0,8372.75,22757.470703125,19.139999389648438
2015-08-21,1970.8900146484373,10124.51953125,19435.830078125,45720.0,8299.9501953125,22409.619140625,28.030000686645508
2015-08-24,1893.2099609375,9648.4296875,18540.6796875,44336.0,7809.0,21251.5703125,40.7400016784668
2015-08-25,1867.6099853515625,10128.1201171875,17806.69921875,44545.0,7880.7001953125,21404.9609375,36.02000045776367
2015-08-26,1940.510009765625,9997.4296875,18376.830078125,46038.0,7791.85009765625,21080.390625,30.31999969482422
2015-08-27,1987.6600341796875,10315.6201171875,18574.439453125,47715.0,7948.9501953125,21838.5390625,26.100000381469727
2015-08-28,1988.8699951171875,10298.5302734375,19136.3203125,47154.0,8001.9501953125,21612.390625,26.049999237060547
2015-08-31,1972.1800537109373,10259.4599609375,18890.48046875,46626.0,7971.2998046875,21670.580078125,28.43000030517578
2015-09-01,1913.8499755859373,10015.5703125,18165.689453125,45477.0,7785.85009765625,21185.4296875,31.399999618530273
2015-09-02,1948.8599853515625,10048.0498046875,18095.400390625,46464.0,7717.0,20934.939453125,26.09000015258789
2015-09-03,1951.1300048828125,10317.83984375,18182.390625,47366.0,7823.0,,25.610000610351562
2015-09-04,1921.219970703125,10038.0400390625,17792.16015625,46498.0,7655.0498046875,20840.609375,27.799999237060547
2015-09-07,,10108.6103515625,17860.470703125,,7558.7998046875,20583.51953125,
2015-09-08,1969.4100341796875,10271.3603515625,17427.080078125,46762.0,7688.25,21259.0390625,24.899999618530273
2015-09-09,1942.0400390625,10303.1201171875,18770.509765625,46657.0,7818.60009765625,22131.310546875,26.229999542236328
2015-09-10,1952.2900390625,10210.4404296875,18299.619140625,46504.0,7788.10009765625,21562.5,24.3700008392334
2015-09-11,1961.050048828125,10123.5595703125,18264.220703125,46401.0,7789.2998046875,21504.369140625,23.200000762939453
2015-09-14,1953.030029296875,10131.740234375,17965.69921875,47282.0,7872.25,21561.900390625,24.25
2015-09-15,1978.0899658203125,10188.1298828125,18026.48046875,47364.0,7829.10009765625,21455.23046875,22.540000915527344
2015-09-16,1995.31005859375,10227.2099609375,18171.599609375,48553.0,7899.14990234375,21966.66015625,21.350000381469727
2015-09-17,1990.199951171875,10229.580078125,18432.26953125,48551.0,,21854.630859375,21.139999389648438
2015-09-18,1958.030029296875,9916.16015625,18070.2109375,47264.0,7981.89990234375,21920.830078125,22.280000686645508
2015-09-21,1966.969970703125,9948.509765625,,46590.0,7977.10009765625,21756.9296875,20.139999389648438
2015-09-22,1942.739990234375,9570.66015625,,46265.0,7812.0,21796.580078125,22.440000534057617
2015-09-23,1938.760009765625,9612.6201171875,,45340.0,7845.9501953125,21302.91015625,22.1299991607666
2015-09-24,1932.239990234375,9427.6396484375,17571.830078125,45292.0,7868.5,21095.98046875,23.469999313354492
2015-09-25,1931.3399658203125,9688.5302734375,17880.509765625,44831.0,,21186.3203125,23.6200008392334
2015-09-28,1881.77001953125,9483.5498046875,17645.109375,43957.0,7795.7001953125,,27.6299991607666
2015-09-29,1884.0899658203125,9450.400390625,16930.83984375,44132.0,7843.2998046875,20556.599609375,26.829999923706055
2015-09-30,1920.030029296875,9660.4404296875,17388.150390625,45059.0,7948.89990234375,20846.30078125,24.5
2015-10-01,1923.8199462890625,9509.25,17722.419921875,45313.0,7950.89990234375,,22.549999237060547
2015-10-02,1951.3599853515625,9553.0703125,17725.130859375,47033.0,,21506.08984375,20.940000534057617
2015-10-05,1987.050048828125,9814.7900390625,18005.490234375,47598.0,8119.2998046875,21854.5,19.540000915527344
2015-10-06,1979.9200439453125,9902.830078125,18186.099609375,47735.0,8152.89990234375,21831.619140625,19.399999618530273
2015-10-07,1995.8299560546875,9970.400390625,18322.98046875,48914.0,8177.39990234375,22515.759765625,18.399999618530273
2015-10-08,2013.4300537109373,9993.0703125,18141.169921875,49107.0,8129.35009765625,22354.91015625,17.420000076293945
2015-10-09,2014.8900146484373,10096.599609375,18438.669921875,49338.0,8189.7001953125,22458.80078125,17.079999923706055
2015-10-12,2017.4599609375,10119.830078125,,,8143.60009765625,22730.9296875,16.170000076293945
2015-10-13,2003.68994140625,10032.8203125,18234.740234375,47363.0,8131.7001953125,22600.4609375,17.670000076293945
2015-10-14,1994.239990234375,9915.849609375,17891.0,46710.0,8107.89990234375,22439.91015625,18.030000686645508
2015-10-15,2023.8599853515625,10064.7998046875,18096.900390625,47161.0,8179.5,22888.169921875,16.049999237060547
2015-10-16,2033.1099853515625,10104.4296875,18291.80078125,47236.0,8238.150390625,23067.369140625,15.050000190734863
2015-10-19,2033.6600341796875,10164.3095703125,18131.23046875,47447.0,8275.0498046875,23075.609375,14.979999542236328
2015-10-20,2030.77001953125,10147.6796875,18207.150390625,47077.0,8261.650390625,22989.220703125,15.75
2015-10-21,2018.93994140625,10238.099609375,18554.279296875,47026.0,8251.7001953125,,16.700000762939453
2015-10-22,2052.510009765625,10491.9697265625,18435.869140625,47772.0,,22845.369140625,14.449999809265137
2015-10-23,2075.14990234375,10794.5400390625,18825.30078125,47597.0,8295.4501953125,23151.939453125,14.460000038146973
2015-10-26,2071.179931640625,10801.33984375,18947.119140625,47209.0,8260.5498046875,23116.25,15.289999961853027
2015-10-27,2065.889892578125,10692.1904296875,18777.0390625,47043.0,8232.900390625,23142.73046875,15.430000305175781
2015-10-28,2090.35009765625,10831.9599609375,18903.01953125,46741.0,8171.2001953125,22956.5703125,14.329999923706055
2015-10-29,2089.409912109375,10800.83984375,18935.7109375,45628.0,8111.75,22819.939453125,14.609999656677246
2015-10-30,2079.360107421875,10850.1396484375,19083.099609375,45869.0,8065.7998046875,22640.0390625,15.069999694824219
2015-11-02,2104.050048828125,10950.669921875,18683.240234375,,8050.7998046875,22370.0390625,14.149999618530273
2015-11-03,2109.7900390625,10951.150390625,,48054.0,8060.7001953125,22568.4296875,14.539999961853027
2015-11-04,2102.31005859375,10845.240234375,18926.91015625,47710.0,8040.2001953125,23053.5703125,15.510000228881836
2015-11-05,2099.929931640625,10887.740234375,19116.41015625,48047.0,7955.4501953125,23051.0390625,15.050000190734863
2015-11-06,2099.199951171875,10988.0302734375,19265.599609375,46919.0,7954.2998046875,22867.330078125,14.329999923706055
2015-11-09,2078.580078125,10815.4501953125,19642.740234375,46195.0,7915.2001953125,22726.76953125,16.520000457763672
2015-11-10,2081.719970703125,10832.51953125,19671.259765625,46179.0,7783.35009765625,22401.69921875,15.289999961853027
2015-11-11,2075.0,10907.8701171875,19691.390625,47065.0,,22352.169921875,16.059999465942383
2015-11-12,2045.969970703125,10782.6298828125,19697.76953125,46884.0,,22888.919921875,18.3700008392334
2015-11-13,2023.0400390625,10708.400390625,19596.91015625,46517.0,7762.25,22396.140625,20.079999923706055
2015-11-16,2053.18994140625,10713.23046875,19393.689453125,46847.0,7806.60009765625,22010.8203125,18.15999984741211
2015-11-17,2050.43994140625,10971.0400390625,19630.630859375,47248.0,7837.5498046875,22264.25,18.84000015258789
2015-11-18,2083.580078125,10959.9501953125,19649.1796875,47436.0,7731.7998046875,22188.259765625,16.850000381469727
2015-11-19,2081.239990234375,11085.4404296875,19859.810546875,48139.0,7842.75,22500.220703125,16.989999771118164
2015-11-20,2089.169921875,11119.830078125,19879.810546875,,7856.5498046875,22754.720703125,15.470000267028809
2015-11-23,2086.590087890625,11092.3095703125,,48150.0,7849.25,22665.900390625,15.619999885559082
2015-11-24,2089.139892578125,10933.990234375,19924.890625,48284.0,7831.60009765625,22587.630859375,15.930000305175781
2015-11-25,2088.8701171875,11169.5400390625,19847.580078125,46867.0,,22498.0,15.1899995803833
2015-11-26,,11320.76953125,19944.41015625,47146.0,7883.7998046875,22488.939453125,
2015-11-27,2090.110107421875,11293.759765625,19883.939453125,45873.0,7942.7001953125,22068.3203125,15.119999885559082
2015-11-30,2080.409912109375,11382.23046875,19747.470703125,45120.0,7935.25,21996.419921875,16.1299991607666
2015-12-01,2102.6298828125,11261.240234375,20012.400390625,45047.0,7954.89990234375,22381.349609375,14.670000076293945
2015-12-02,2079.510009765625,11190.01953125,19938.130859375,44915.0,7931.35009765625,22479.689453125,15.90999984741211
2015-12-03,2049.6201171875,10789.240234375,19939.900390625,46393.0,7864.14990234375,22417.009765625,18.110000610351562
2015-12-04,2091.68994140625,10752.099609375,19504.48046875,45361.0,7781.89990234375,22235.890625,14.8100004196167
2015-12-07,2077.070068359375,10886.08984375,19698.150390625,45223.0,7765.39990234375,22203.220703125,15.84000015258789
2015-12-08,2063.590087890625,10673.599609375,19492.599609375,44443.0,7701.7001953125,21905.130859375,17.600000381469727
2015-12-09,2047.6199951171875,10592.490234375,19301.0703125,46108.0,7612.5,21803.759765625,19.610000610351562
2015-12-10,2052.22998046875,10598.9296875,19046.55078125,45631.0,7683.2998046875,21704.609375,19.34000015258789
2015-12-11,2012.3699951171875,10340.0595703125,19230.48046875,45263.0,7610.4501953125,21464.05078125,24.389999389648438
2015-12-14,2021.93994140625,10139.33984375,18883.419921875,44747.0,7650.0498046875,21309.849609375,22.729999542236328
2015-12-15,2043.4100341796875,10450.3798828125,18565.900390625,44872.0,7700.89990234375,21274.369140625,20.950000762939453
2015-12-16,2073.070068359375,10469.259765625,19049.91015625,45016.0,7750.89990234375,21701.2109375,17.860000610351562
2015-12-17,2041.8900146484373,10738.1201171875,19353.560546875,45261.0,7844.35009765625,21872.060546875,18.940000534057617
2015-12-18,2005.550048828125,10608.1904296875,18986.80078125,43911.0,7761.9501953125,21755.560546875,20.700000762939453
2015-12-21,2021.1500244140625,10497.76953125,18916.01953125,43200.0,7834.4501953125,21791.6796875,18.700000762939453
2015-12-22,2038.969970703125,10488.75,18886.69921875,43470.0,7786.10009765625,21830.01953125,16.600000381469727
2015-12-23,2064.2900390625,10727.6396484375,,44015.0,7865.9501953125,22040.58984375,15.569999694824219
2015-12-24,2060.989990234375,,18789.689453125,,7861.0498046875,22138.130859375,15.739999771118164
2015-12-25,,,18769.060546875,,,,
2015-12-28,2056.5,10653.91015625,18873.349609375,43764.0,7925.14990234375,21919.619140625,16.90999984741211
2015-12-29,2078.360107421875,10860.1396484375,18982.23046875,43654.0,7928.9501953125,21999.619140625,16.079999923706055
2015-12-30,2063.360107421875,10743.009765625,19033.7109375,43350.0,7896.25,21882.150390625,17.290000915527344
2015-12-31,2043.93994140625,,,,7946.35009765625,21914.400390625,18.209999084472656
2016-01-04,2012.6600341796875,10283.4404296875,18450.98046875,42141.0,7791.2998046875,21327.119140625,20.700000762939453
2016-01-05,2016.7099609375,10310.099609375,18374.0,42419.0,7784.64990234375,21188.720703125,19.34000015258789
2016-01-06,1990.260009765625,10214.01953125,18191.3203125,41773.0,7741.0,20980.810546875,20.59000015258789
2016-01-07,1943.0899658203125,9979.849609375,17767.33984375,40695.0,7568.2998046875,20333.33984375,24.989999771118164
2016-01-08,1922.030029296875,9849.33984375,17697.9609375,40612.0,7601.35009765625,20453.7109375,27.010000228881836
2016-01-11,1923.6700439453125,9825.0703125,,39950.0,7563.85009765625,19888.5,24.299999237060547
2016-01-12,1938.6800537109373,9985.4296875,17218.9609375,39514.0,7510.2998046875,19711.759765625,22.469999313354492
2016-01-13,1890.280029296875,9960.9599609375,17715.630859375,38944.0,7562.39990234375,19934.880859375,25.219999313354492
2016-01-14,1921.8399658203125,9794.2001953125,17240.94921875,39500.0,7536.7998046875,19817.41015625,23.950000762939453
2016-01-15,1880.3299560546875,9545.26953125,17147.109375,38569.0,7437.7998046875,19520.76953125,27.020000457763672
2016-01-18,,9521.849609375,16955.5703125,37937.0,7351.0,19237.44921875,
2016-01-19,1881.3299560546875,9664.2099609375,17048.369140625,38057.0,7435.10009765625,19635.810546875,26.049999237060547
2016-01-20,1859.3299560546875,9391.6396484375,16416.189453125,37645.0,7309.2998046875,18886.30078125,27.59000015258789
2016-01-21,1868.989990234375,9574.16015625,16017.259765625,37717.0,7276.7998046875,18542.150390625,26.690000534057617
2016-01-22,1906.9000244140625,9764.8798828125,16958.529296875,38031.0,7422.4501953125,19080.509765625,22.34000015258789
2016-01-25,1877.0799560546875,9736.150390625,17110.91015625,,7436.14990234375,19340.140625,24.149999618530273
2016-01-26,1903.6300048828125,9822.75,16708.900390625,37497.0,,18860.80078125,22.5
2016-01-27,1882.949951171875,9880.8203125,17163.919921875,38376.0,7437.75,19052.44921875,23.110000610351562
2016-01-28,1893.3599853515625,9639.58984375,17041.44921875,38630.0,7424.64990234375,19195.830078125,22.420000076293945
2016-01-29,1940.239990234375,9798.1103515625,17518.30078125,40406.0,7563.5498046875,19683.109375,20.200000762939453
2016-02-01,1939.3800048828125,9757.8798828125,17865.23046875,40570.0,7555.9501953125,19595.5,19.979999542236328
2016-02-02,1903.030029296875,9581.0400390625,17750.6796875,38596.0,7455.5498046875,19446.83984375,21.979999542236328
2016-02-03,1912.530029296875,9434.8203125,17191.25,39589.0,7361.7998046875,18991.58984375,21.649999618530273
2016-02-04,1915.449951171875,9393.3603515625,17044.990234375,40822.0,7404.0,19183.08984375,21.84000015258789
2016-02-05,1880.050048828125,9286.23046875,16819.58984375,40592.0,7489.10009765625,19288.169921875,23.3799991607666
2016-02-08,1853.43994140625,8979.3603515625,17004.30078125,,7387.25,,26.0
2016-02-09,1852.2099609375,8879.400390625,16085.4404296875,,7298.2001953125,,26.540000915527344
2016-02-10,1851.8599853515625,9017.2900390625,15713.3896484375,40377.0,7215.7001953125,,26.290000915527344
2016-02-11,1829.0799560546875,8752.8701171875,,39318.0,6976.35009765625,18545.80078125,28.139999389648438
2016-02-12,1864.780029296875,8967.509765625,14952.6103515625,39808.0,6980.9501953125,18319.580078125,25.399999618530273
2016-02-15,,9206.83984375,16022.580078125,40093.0,7162.9501953125,18918.140625,
2016-02-16,1895.5799560546875,9135.1103515625,16054.4296875,40948.0,7048.25,19122.080078125,24.110000610351562
2016-02-17,1926.8199462890625,9377.2099609375,15836.3603515625,41631.0,7108.4501953125,18924.5703125,22.309999465942383
2016-02-18,1917.8299560546875,9463.6396484375,16196.7998046875,41478.0,7191.75,19363.080078125,21.639999389648438
2016-02-19,1917.780029296875,9388.0498046875,15967.169921875,41543.0,7210.75,19285.5,20.530000686645508
2016-02-22,1945.5,9573.58984375,16111.0498046875,43235.0,7234.5498046875,19464.08984375,19.3799991607666
2016-02-23,1921.27001953125,9416.76953125,16052.0498046875,42521.0,7109.5498046875,19414.779296875,20.979999542236328
2016-02-24,1929.800048828125,9167.7998046875,15915.7900390625,42085.0,7018.7001953125,19192.44921875,20.719999313354492
2016-02-25,1951.699951171875,9331.48046875,16140.33984375,41888.0,6970.60009765625,18888.75,19.110000610351562
2016-02-26,1948.050048828125,9513.2998046875,16188.41015625,41593.0,7029.75,19364.150390625,19.809999465942383
2016-02-29,1932.22998046875,9495.400390625,16026.759765625,42794.0,6987.0498046875,19111.9296875,20.549999237060547
2016-03-01,1978.3499755859373,9717.16015625,16085.509765625,44122.0,7222.2998046875,19407.4609375,17.700000762939453
2016-03-02,1986.449951171875,9776.6201171875,16746.55078125,44893.0,7368.85009765625,20003.490234375,17.09000015258789
2016-03-03,1993.4000244140625,9751.919921875,16960.16015625,47193.0,7475.60009765625,19941.759765625,16.700000762939453
2016-03-04,1999.989990234375,9824.169921875,17014.779296875,49085.0,7485.35009765625,20176.69921875,16.860000610351562
2016-03-07,2001.760009765625,9778.9296875,16911.3203125,49246.0,,20159.720703125,17.350000381469727
2016-03-08,1979.260009765625,9692.8203125,16783.150390625,49102.0,7485.2998046875,20011.580078125,18.670000076293945
2016-03-09,1989.260009765625,9723.08984375,16642.19921875,48665.0,7531.7998046875,19996.259765625,18.34000015258789
2016-03-10,1989.5699462890625,9498.150390625,16852.349609375,49571.0,7486.14990234375,19984.419921875,18.049999237060547
2016-03-11,2022.18994140625,9831.1298828125,16938.869140625,49639.0,7510.2001953125,20199.599609375,16.5
2016-03-14,2019.6400146484373,9990.259765625,17233.75,48867.0,7538.75,20435.33984375,16.920000076293945
2016-03-15,2015.9300537109373,9933.849609375,17117.0703125,47130.0,7460.60009765625,20288.76953125,16.84000015258789
2016-03-16,2027.219970703125,9983.41015625,16974.44921875,47763.0,7498.75,20257.69921875,14.989999771118164
2016-03-17,2040.5899658203125,9892.2001953125,16936.380859375,50914.0,7512.5498046875,20503.810546875,14.4399995803833
2016-03-18,2049.580078125,9950.7998046875,16724.810546875,50815.0,7604.35009765625,20671.630859375,14.020000457763672
2016-03-21,2051.60009765625,9948.6396484375,,51172.0,7704.25,20684.150390625,13.789999961853027
2016-03-22,2049.800048828125,9990.0,17048.55078125,51010.0,7714.89990234375,20666.75,14.170000076293945
2016-03-23,2036.7099609375,10022.9296875,17000.98046875,49690.0,7716.5,20615.23046875,14.9399995803833
2016-03-24,2035.93994140625,9851.349609375,16892.330078125,49657.0,,20345.609375,14.739999771118164
2016-03-25,,,17002.75,,,,
2016-03-28,2037.050048828125,,17134.369140625,50838.0,7615.10009765625,,15.239999771118164
2016-03-29,2055.010009765625,9887.9404296875,17103.529296875,51155.0,7597.0,20366.30078125,13.819999694824219
2016-03-30,2063.949951171875,10046.6103515625,16878.9609375,51249.0,7735.2001953125,20803.390625,13.5600004196167
2016-03-31,2059.739990234375,9965.509765625,16758.669921875,50055.0,7738.39990234375,20776.69921875,13.949999809265137
2016-04-01,2072.780029296875,9794.6396484375,16164.16015625,50562.0,7713.0498046875,20498.919921875,13.100000381469727
2016-04-04,2066.1298828125,9822.080078125,16123.26953125,48780.0,7758.7998046875,,14.119999885559082
2016-04-05,2045.1700439453125,9563.3603515625,15732.8203125,49054.0,7603.2001953125,20177.0,15.420000076293945
2016-04-06,2066.659912109375,9624.509765625,15715.3603515625,48096.0,7614.35009765625,20206.669921875,14.09000015258789
2016-04-07,2041.9100341796875,9530.6201171875,15749.83984375,48513.0,7546.4501953125,20266.05078125,16.15999984741211
2016-04-08,2047.5999755859373,9622.259765625,15821.51953125,50293.0,7555.2001953125,20370.400390625,15.359999656677246
2016-04-11,2041.989990234375,9682.990234375,15751.1298828125,50165.0,7671.39990234375,20440.810546875,16.260000228881836
2016-04-12,2061.719970703125,9761.4697265625,15928.7900390625,52002.0,7708.9501953125,20504.439453125,14.850000381469727
2016-04-13,2082.419921875,10026.099609375,16381.2197265625,53150.0,7850.4501953125,21158.7109375,13.84000015258789
2016-04-14,2082.780029296875,10093.650390625,16911.05078125,52411.0,,21337.810546875,13.720000267028809
2016-04-15,2080.72998046875,10051.5703125,16848.029296875,53228.0,,21316.470703125,13.619999885559082
2016-04-18,2094.340087890625,10120.3095703125,16275.9501953125,52894.0,7914.7001953125,21161.5,13.350000381469727
2016-04-19,2100.800048828125,10349.58984375,16874.439453125,53710.0,,21436.2109375,13.239999771118164
2016-04-20,2102.39990234375,10421.2900390625,16906.5390625,53631.0,7914.75,21236.310546875,13.279999732971191
2016-04-21,2091.47998046875,10435.73046875,17363.619140625,,7912.0498046875,21622.25,13.949999809265137
2016-04-22,2091.580078125,10373.490234375,17572.490234375,52908.0,7899.2998046875,21467.0390625,13.220000267028809
2016-04-25,2087.7900390625,10294.349609375,17439.30078125,51862.0,7855.0498046875,21304.439453125,14.079999923706055
2016-04-26,2091.699951171875,10259.58984375,17353.279296875,53083.0,7962.64990234375,21407.26953125,13.960000038146973
2016-04-27,2095.14990234375,10299.830078125,17290.490234375,54478.0,7979.89990234375,21361.599609375,13.770000457763672
2016-04-28,2075.81005859375,10321.150390625,16666.05078125,54312.0,7847.25,21388.029296875,15.220000267028809
2016-04-29,2065.300048828125,10038.9697265625,,53911.0,7849.7998046875,21067.05078125,15.699999809265137
2016-05-02,2081.429931640625,10123.26953125,16147.3798828125,53562.0,7805.89990234375,,14.680000305175781
2016-05-03,2063.3701171875,9926.76953125,,52260.0,7747.0,20676.939453125,15.600000381469727
2016-05-04,2051.1201171875,9828.25,,52553.0,7706.5498046875,20525.830078125,16.049999237060547
2016-05-05,2050.6298828125,9851.8603515625,,51671.0,7735.5,20449.8203125,15.90999984741211
2016-05-06,2057.139892578125,9869.9501953125,16106.7197265625,51718.0,7733.4501953125,20109.869140625,14.720000267028809
2016-05-09,2058.68994140625,9980.490234375,16216.0302734375,50990.0,7866.0498046875,20156.810546875,14.569999694824219
2016-05-10,2084.389892578125,10045.4404296875,16565.189453125,53071.0,7887.7998046875,20242.6796875,13.630000114440918
2016-05-11,2064.4599609375,9975.3203125,16579.009765625,52764.0,7848.85009765625,20055.2890625,14.6899995803833
2016-05-12,2064.110107421875,9862.1201171875,16646.33984375,53241.0,7900.39990234375,19915.4609375,14.40999984741211
2016-05-13,2046.6099853515625,9952.900390625,16412.2109375,51804.0,7814.89990234375,19719.2890625,15.039999961853027
2016-05-16,2066.659912109375,,16466.400390625,51803.0,7860.75,19883.94921875,14.680000305175781
2016-05-17,2047.2099609375,9890.1904296875,16652.80078125,50839.0,7890.75,20118.80078125,15.569999694824219
2016-05-18,2047.6300048828125,9943.23046875,16644.689453125,50562.0,7870.14990234375,19826.41015625,15.949999809265137
2016-05-19,2040.0400390625,9795.8896484375,16646.66015625,50133.0,7783.39990234375,19694.330078125,16.329999923706055
2016-05-20,2052.320068359375,9916.01953125,16736.349609375,49723.0,7749.7001953125,19852.19921875,15.199999809265137
2016-05-23,2048.0400390625,9842.2900390625,16654.599609375,49330.0,7731.0498046875,19809.029296875,15.819999694824219
2016-05-24,2076.06005859375,10057.3095703125,16498.759765625,49345.0,7748.85009765625,19830.4296875,14.420000076293945
2016-05-25,2090.5400390625,10205.2099609375,16757.349609375,49483.0,7934.89990234375,20368.05078125,13.899999618530273
2016-05-26,2090.10009765625,10272.7099609375,16772.4609375,,8069.64990234375,20397.109375,13.430000305175781
2016-05-27,2099.06005859375,10286.3095703125,16834.83984375,49051.0,8156.64990234375,20576.76953125,13.119999885559082
2016-05-30,,10333.23046875,17068.01953125,48964.0,8178.5,20629.390625,
2016-05-31,2096.949951171875,10262.740234375,17234.98046875,48472.0,8160.10009765625,20815.08984375,14.1899995803833
2016-06-01,2099.330078125,10204.4404296875,16955.73046875,49013.0,8179.9501953125,20760.98046875,14.199999809265137
2016-06-02,2105.260009765625,10208.0,16562.55078125,49887.0,8218.9501953125,20859.220703125,13.630000114440918
2016-06-03,2099.1298828125,10103.259765625,16642.23046875,50619.0,8220.7998046875,20947.240234375,13.470000267028809
2016-06-06,2109.409912109375,10121.080078125,16580.029296875,50432.0,8201.0498046875,21030.220703125,13.649999618530273
2016-06-07,2112.1298828125,10287.6796875,16675.44921875,50488.0,8266.4501953125,21328.240234375,14.050000190734863
2016-06-08,2119.1201171875,10217.0302734375,16830.919921875,51629.0,8273.0498046875,21297.880859375,14.079999923706055
2016-06-09,2115.47998046875,10088.8701171875,16668.41015625,51118.0,8203.599609375,,14.640000343322754
2016-06-10,2096.070068359375,9834.6201171875,16601.359375,49422.0,8170.0498046875,21042.640625,17.030000686645508
2016-06-13,2079.06005859375,9657.4404296875,16019.1796875,49661.0,8110.60009765625,20512.990234375,20.969999313354492
2016-06-14,2075.320068359375,9519.2001953125,15859.0,48648.0,8108.85009765625,20387.529296875,20.5
2016-06-15,2071.5,9606.7099609375,15919.580078125,48915.0,8206.599609375,20467.51953125,20.139999389648438
2016-06-16,2077.989990234375,9550.4697265625,15434.1396484375,49412.0,8140.75,20038.419921875,19.3700008392334
2016-06-17,2071.219970703125,9631.3603515625,15599.66015625,49534.0,8170.2001953125,20169.98046875,19.40999984741211
2016-06-20,2083.25,9962.01953125,15965.2998046875,50329.0,8238.5,20510.19921875,18.3700008392334
2016-06-21,2088.89990234375,10015.5400390625,16169.1103515625,50838.0,8219.900390625,20668.439453125,18.479999542236328
2016-06-22,2085.449951171875,10071.0595703125,16065.7197265625,50156.0,8203.7001953125,20795.119140625,21.170000076293945
2016-06-23,2113.320068359375,10257.0302734375,16238.349609375,51560.0,8270.4501953125,20868.33984375,17.25
2016-06-24,2037.4100341796875,9557.16015625,14952.01953125,50105.0,8088.60009765625,20259.130859375,25.760000228881836
2016-06-27,2000.5400390625,9268.66015625,15309.2099609375,49246.0,8094.7001953125,20227.30078125,23.850000381469727
2016-06-28,2036.0899658203125,9447.2802734375,15323.1396484375,50007.0,8127.85009765625,20172.4609375,18.75
2016-06-29,2070.77001953125,9612.26953125,15566.830078125,51002.0,8204.0,20436.119140625,16.639999389648438
2016-06-30,2098.860107421875,9680.08984375,15575.919921875,51527.0,8287.75,20794.369140625,15.630000114440918
2016-07-01,2102.949951171875,9776.1201171875,15682.48046875,52233.0,8328.349609375,,14.770000457763672
2016-07-04,,9709.08984375,15775.7998046875,52569.0,8370.7001953125,21059.19921875,
2016-07-05,2088.550048828125,9532.6103515625,15669.330078125,51842.0,8335.9501953125,20750.720703125,15.579999923706055
2016-07-06,2099.72998046875,9373.259765625,15378.990234375,51902.0,,20495.2890625,14.960000038146973
2016-07-07,2097.89990234375,9418.7802734375,15276.240234375,52015.0,8337.900390625,20706.919921875,14.760000228881836
2016-07-08,2129.89990234375,9629.66015625,15106.98046875,53141.0,8323.2001953125,20564.169921875,13.199999809265137
2016-07-11,2137.159912109375,9833.41015625,15708.8203125,53960.0,8467.900390625,20880.5,13.539999961853027
2016-07-12,2152.139892578125,9964.0703125,16095.650390625,54256.0,8521.0498046875,21224.740234375,13.550000190734863
2016-07-13,2152.429931640625,9930.7099609375,16231.4296875,54598.0,8519.5,21322.369140625,13.039999961853027
2016-07-14,2163.75,10068.2998046875,16385.890625,55481.0,8565.0,21561.060546875,12.819999694824219
2016-07-15,2161.739990234375,10066.900390625,16497.849609375,55578.0,8541.400390625,21659.25,12.670000076293945
2016-07-18,2166.889892578125,10063.1298828125,,56484.0,8508.7001953125,21803.1796875,12.4399995803833
2016-07-19,2163.780029296875,9981.240234375,16723.310546875,56698.0,8528.5498046875,21673.19921875,11.970000267028809
2016-07-20,2173.02001953125,10142.009765625,16681.890625,56578.0,8565.849609375,21882.48046875,11.770000457763672
2016-07-21,2165.169921875,10156.2099609375,16810.220703125,56641.0,8510.099609375,22000.490234375,12.739999771118164
2016-07-22,2175.030029296875,10147.4599609375,16627.25,57002.0,8541.2001953125,21964.26953125,12.020000457763672
2016-07-25,2168.47998046875,10198.240234375,16620.2890625,56873.0,8635.650390625,21993.439453125,12.869999885559082
2016-07-26,2169.179931640625,10247.759765625,16383.0400390625,56783.0,8590.650390625,22129.73046875,13.050000190734863
2016-07-27,2166.580078125,10319.5498046875,16664.8203125,56853.0,8615.7998046875,22218.990234375,12.829999923706055
2016-07-28,2170.06005859375,10274.9296875,16476.83984375,56667.0,8666.2998046875,22174.33984375,12.720000267028809
2016-07-29,2173.60009765625,10337.5,16569.26953125,57308.0,8638.5,21891.369140625,11.869999885559082
2016-08-01,2170.840087890625,10330.51953125,16635.76953125,56756.0,8636.5498046875,22129.140625,12.4399995803833
2016-08-02,2157.030029296875,10144.33984375,16391.44921875,56162.0,8622.900390625,,13.369999885559082
2016-08-03,2163.7900390625,10170.2099609375,16083.1103515625,57077.0,8544.849609375,21739.119140625,12.859999656677246
2016-08-04,2164.25,10227.8603515625,16254.8896484375,57594.0,8551.099609375,21832.23046875,12.420000076293945
2016-08-05,2182.8701171875,10367.2099609375,16254.4501953125,57661.0,8683.150390625,22146.08984375,11.390000343322754
2016-08-08,2180.889892578125,10432.3603515625,16650.5703125,57635.0,8711.349609375,22494.759765625,11.5
2016-08-09,2181.739990234375,10692.900390625,16764.970703125,57689.0,8678.25,22465.609375,11.65999984741211
2016-08-10,2175.489990234375,10650.8896484375,16735.119140625,56920.0,8575.2998046875,22492.4296875,12.050000190734863
2016-08-11,2185.7900390625,10742.83984375,,58300.0,8592.150390625,22580.55078125,11.680000305175781
2016-08-12,2184.050048828125,10713.4296875,16919.919921875,58298.0,,22766.91015625,11.550000190734863
2016-08-15,2190.14990234375,10739.2099609375,16869.560546875,59146.0,,22932.509765625,11.8100004196167
2016-08-16,2178.14990234375,10676.650390625,16596.509765625,58855.0,8642.5498046875,22910.83984375,12.640000343322754
2016-08-17,2182.219970703125,10537.669921875,16745.640625,59324.0,8624.0498046875,22799.779296875,12.1899995803833
2016-08-18,2187.02001953125,10603.0302734375,16486.009765625,59166.0,8673.25,23023.16015625,11.430000305175781
2016-08-19,2183.8701171875,10544.3603515625,16545.8203125,59099.0,8666.900390625,22937.220703125,11.34000015258789
2016-08-22,2182.639892578125,10494.349609375,16598.189453125,57781.0,8629.150390625,22997.91015625,12.270000457763672
2016-08-23,2186.89990234375,10592.8798828125,16497.359375,58020.0,8632.599609375,22998.9296875,12.380000114440918
2016-08-24,2175.43994140625,10622.9697265625,16597.30078125,57718.0,8650.2998046875,22820.779296875,13.449999809265137
2016-08-25,2172.469970703125,10529.58984375,16555.94921875,57722.0,8592.2001953125,22814.94921875,13.630000114440918
2016-08-26,2169.0400390625,10587.76953125,16360.7099609375,57716.0,8572.5498046875,22909.5390625,13.649999618530273
2016-08-29,2180.3798828125,10544.4404296875,16737.490234375,58610.0,8607.4501953125,22821.33984375,12.9399995803833
2016-08-30,2176.1201171875,10657.6396484375,16725.359375,58575.0,8744.349609375,23016.109375,13.119999885559082
2016-08-31,2170.949951171875,10592.6904296875,16887.400390625,57901.0,8786.2001953125,22976.880859375,13.420000076293945
2016-09-01,2170.860107421875,10534.3095703125,16926.83984375,58236.0,8774.650390625,23162.33984375,13.479999542236328
2016-09-02,2179.97998046875,10683.8203125,16925.6796875,59616.0,8809.650390625,23266.69921875,11.979999542236328
2016-09-05,,10672.2197265625,17037.630859375,59566.0,,23649.55078125,
2016-09-06,2186.47998046875,10687.1396484375,17081.98046875,60129.0,8943.0,23787.6796875,12.020000457763672
2016-09-07,2186.159912109375,10752.98046875,17012.439453125,,8917.9501953125,23741.810546875,11.9399995803833
2016-09-08,2181.300048828125,10675.2900390625,16958.76953125,60232.0,8952.5,23919.33984375,12.510000228881836
2016-09-09,2127.81005859375,10573.4404296875,16965.759765625,58000.0,8866.7001953125,24099.69921875,17.5
2016-09-12,2159.0400390625,10431.76953125,16672.919921875,58586.0,8715.599609375,23290.599609375,15.15999984741211
2016-09-13,2127.02001953125,10386.599609375,16729.0390625,56821.0,,23215.759765625,17.850000381469727
2016-09-14,2125.77001953125,10378.400390625,16614.240234375,57059.0,8726.599609375,23190.640625,18.139999389648438
2016-09-15,2147.260009765625,10431.2001953125,16405.009765625,57909.0,8742.5498046875,23335.58984375,16.299999237060547
2016-09-16,2139.159912109375,10276.169921875,16519.2890625,57080.0,8779.849609375,,15.369999885559082
2016-09-19,2139.1201171875,10373.8701171875,,57350.0,8808.400390625,23550.44921875,15.529999732971191
2016-09-20,2139.760009765625,10393.8603515625,16492.150390625,57736.0,8775.900390625,23530.859375,15.920000076293945
2016-09-21,2163.1201171875,10436.490234375,16807.619140625,58394.0,8777.150390625,23669.900390625,13.300000190734863
2016-09-22,2177.179931640625,10674.1796875,,58994.0,8867.4501953125,23759.80078125,12.020000457763672
2016-09-23,2164.68994140625,10626.9697265625,16754.01953125,58697.0,8831.5498046875,23686.48046875,12.289999961853027
2016-09-26,2146.10009765625,10393.7099609375,16544.560546875,58054.0,8723.0498046875,23317.919921875,14.5
2016-09-27,2159.929931640625,10361.48046875,16683.9296875,58382.0,8706.400390625,23571.900390625,13.100000381469727
2016-09-28,2171.3701171875,10438.33984375,16465.400390625,59356.0,8745.150390625,23619.650390625,12.390000343322754
2016-09-29,2151.1298828125,10405.5400390625,16693.7109375,58351.0,8591.25,23739.470703125,14.020000457763672
2016-09-30,2168.27001953125,10511.01953125,16449.83984375,58367.0,8611.150390625,23297.150390625,13.289999961853027
2016-10-03,2161.199951171875,,16598.669921875,59461.0,8738.099609375,23584.4296875,13.569999694824219
2016-10-04,2150.489990234375,10619.6103515625,16735.650390625,59339.0,8769.150390625,23689.439453125,13.630000114440918
2016-10-05,2159.72998046875,10585.7802734375,16819.240234375,60254.0,8743.9501953125,23788.310546875,12.989999771118164
2016-10-06,2160.77001953125,10568.7998046875,16899.099609375,60644.0,8709.5498046875,23952.5,12.84000015258789
2016-10-07,2153.739990234375,10490.8603515625,16860.08984375,61109.0,8697.599609375,23851.8203125,13.479999542236328
2016-10-10,2163.659912109375,10624.080078125,,61668.0,8708.7998046875,,13.380000114440918
2016-10-11,2136.72998046875,10577.16015625,17024.759765625,61022.0,,23549.51953125,15.359999656677246
2016-10-12,2139.179931640625,10523.0703125,16840.0,,,23407.05078125,15.90999984741211
2016-10-13,2132.550048828125,10414.0703125,16774.240234375,61119.0,8573.349609375,23031.30078125,16.690000534057617
2016-10-14,2132.97998046875,10580.3798828125,16856.369140625,61767.0,8583.400390625,23233.310546875,16.1200008392334
2016-10-17,2126.5,10503.5703125,16900.119140625,62696.0,8520.400390625,23037.5390625,16.209999084472656
2016-10-18,2139.60009765625,10631.5498046875,16963.609375,63782.0,8677.900390625,23394.390625,15.279999732971191
2016-10-19,2144.2900390625,10645.6796875,16998.91015625,63506.0,8659.099609375,23304.970703125,14.40999984741211
2016-10-20,2141.340087890625,10701.3896484375,17235.5,63838.0,8699.400390625,23374.400390625,13.75
2016-10-21,2141.159912109375,10710.73046875,17184.58984375,64108.0,8693.0498046875,,13.34000015258789
2016-10-24,2151.330078125,10761.169921875,17234.419921875,64060.0,8708.9501953125,23604.080078125,13.020000457763672
2016-10-25,2143.159912109375,10757.3095703125,17365.25,63866.0,8691.2998046875,23565.109375,13.460000038146973
2016-10-26,2139.429931640625,10709.6796875,17391.83984375,63826.0,8615.25,23325.4296875,14.239999771118164
2016-10-27,2133.0400390625,10717.080078125,17336.419921875,64250.0,8615.25,23132.349609375,15.359999656677246
2016-10-28,2126.409912109375,10696.1904296875,17446.41015625,64308.0,8638.0,22954.810546875,16.190000534057617
2016-10-31,2126.14990234375,10665.009765625,17425.01953125,64925.0,,22934.5390625,17.059999465942383
2016-11-01,2111.719970703125,10526.16015625,17442.400390625,63326.0,8626.25,23147.0703125,18.559999465942383
2016-11-02,2097.93994140625,10370.9296875,17134.6796875,,8514.0,22810.5,19.31999969482422
2016-11-03,2088.659912109375,10325.8798828125,,61750.0,8484.9501953125,22683.509765625,22.079999923706055
2016-11-04,2085.179931640625,10259.1298828125,16905.359375,61598.0,8433.75,22642.619140625,22.510000228881836
2016-11-07,2131.52001953125,10456.9501953125,17177.2109375,64052.0,8497.0498046875,22801.400390625,18.709999084472656
2016-11-08,2139.56005859375,10482.3203125,17171.380859375,64158.0,8543.5498046875,22909.470703125,18.739999771118164
2016-11-09,2163.260009765625,10646.009765625,16251.5400390625,63258.0,8432.0,22415.189453125,14.380000114440918
2016-11-10,2167.47998046875,10630.1201171875,17344.419921875,61201.0,8525.75,22839.109375,14.739999771118164
2016-11-11,2164.449951171875,10667.9501953125,17374.7890625,59184.0,8296.2998046875,22531.08984375,14.170000076293945
2016-11-14,2164.199951171875,10693.6904296875,17672.619140625,59657.0,,22222.220703125,14.479999542236328
2016-11-15,2180.389892578125,10735.1396484375,17668.150390625,,8108.4501953125,22323.91015625,13.369999885559082
2016-11-16,2176.93994140625,10663.8701171875,17862.2109375,60759.0,8111.60009765625,22280.529296875,13.720000267028809
2016-11-17,2187.1201171875,10685.5400390625,17862.630859375,59770.0,8079.9501953125,22262.880859375,13.350000381469727
2016-11-18,2181.89990234375,10664.5595703125,17967.41015625,59962.0,8074.10009765625,22344.2109375,12.850000381469727
2016-11-21,2198.179931640625,10685.1298828125,18106.01953125,61070.0,7929.10009765625,22357.779296875,12.420000076293945
2016-11-22,2202.93994140625,10713.849609375,18162.939453125,61954.0,8002.2998046875,22678.0703125,12.40999984741211
2016-11-23,2204.719970703125,10662.4404296875,,61986.0,8033.2998046875,22676.689453125,12.430000305175781
2016-11-24,,10689.259765625,18333.41015625,61396.0,7965.5,22608.490234375,
2016-11-25,2213.35009765625,10699.26953125,18381.220703125,61559.0,8114.2998046875,22723.44921875,12.34000015258789
2016-11-28,2201.719970703125,10582.669921875,18356.890625,62855.0,8126.89990234375,22830.5703125,13.149999618530273
2016-11-29,2204.659912109375,10620.490234375,18307.0390625,60987.0,8142.14990234375,22737.0703125,12.899999618530273
2016-11-30,2198.81005859375,10640.2998046875,18308.48046875,61906.0,8224.5,22789.76953125,13.329999923706055
2016-12-01,2191.080078125,10534.0498046875,18513.119140625,59507.0,8192.900390625,22878.23046875,14.069999694824219
2016-12-02,2191.949951171875,10513.349609375,18426.080078125,60316.0,8086.7998046875,22564.8203125,14.119999885559082
2016-12-05,2204.7099609375,10684.830078125,18274.990234375,59832.0,8128.75,22505.55078125,12.140000343322754
2016-12-06,2212.22998046875,10775.3203125,18360.5390625,61088.0,8143.14990234375,22675.150390625,11.789999961853027
2016-12-07,2241.35009765625,10986.6904296875,18496.689453125,61414.0,8102.0498046875,22800.919921875,12.220000267028809
2016-12-08,2246.18994140625,11179.419921875,18765.470703125,60677.0,8246.849609375,22861.83984375,12.640000343322754
2016-12-09,2259.530029296875,11203.6298828125,18996.369140625,60501.0,8261.75,22760.98046875,11.75
2016-12-12,2256.9599609375,11190.2099609375,19155.029296875,59179.0,8170.7998046875,22433.01953125,12.640000343322754
2016-12-13,2271.719970703125,11284.650390625,19250.51953125,59281.0,8221.7998046875,22446.69921875,12.720000267028809
2016-12-14,2253.280029296875,11244.83984375,19253.609375,58212.0,8182.4501953125,22456.619140625,13.1899995803833
2016-12-15,2262.030029296875,11366.400390625,19273.7890625,58396.0,8153.60009765625,22059.400390625,12.789999961853027
2016-12-16,2258.070068359375,11404.009765625,19401.150390625,58389.0,8139.4501953125,22020.75,12.199999809265137
2016-12-19,2262.530029296875,11426.7001953125,19391.599609375,57111.0,8104.35009765625,21832.6796875,11.710000038146973
2016-12-20,2270.760009765625,11464.740234375,19494.529296875,57583.0,8082.39990234375,21729.060546875,11.449999809265137
2016-12-21,2265.179931640625,11468.6396484375,19444.490234375,57647.0,8061.2998046875,21809.80078125,11.270000457763672
2016-12-22,2260.9599609375,11456.099609375,19427.669921875,57255.0,7979.10009765625,21636.19921875,11.430000305175781
2016-12-23,2263.7900390625,11449.9296875,,57937.0,7985.75,21574.759765625,11.4399995803833
2016-12-26,,,19396.640625,58620.0,7908.25,,
2016-12-27,2268.8798828125,11472.240234375,19403.060546875,58697.0,8032.85009765625,,11.989999771118164
2016-12-28,2249.919921875,11474.990234375,19401.720703125,59782.0,8034.85009765625,21754.740234375,12.949999809265137
2016-12-29,2249.260009765625,11451.0498046875,19145.140625,60227.0,8103.60009765625,21790.91015625,13.369999885559082
2016-12-30,2238.830078125,11481.0595703125,19114.369140625,,8185.7998046875,22000.560546875,14.039999961853027
2017-01-02,,11598.330078125,,59589.0,8179.5,,
2017-01-03,2257.830078125,11584.240234375,,61814.0,8192.25,22150.400390625,12.850000381469727
2017-01-04,2270.75,11584.3095703125,19594.16015625,61589.0,8190.5,22134.470703125,11.850000381469727
2017-01-05,2269.0,11584.9404296875,19520.689453125,62071.0,8273.7998046875,22456.689453125,11.670000076293945
2017-01-06,2276.97998046875,11599.009765625,19454.330078125,61665.0,8243.7998046875,22503.009765625,11.319999694824219
2017-01-09,2268.89990234375,11563.990234375,,61700.0,8236.0498046875,22558.689453125,11.5600004196167
2017-01-10,2268.89990234375,11583.2998046875,19301.439453125,62132.0,8288.599609375,22744.849609375,11.489999771118164
2017-01-11,2275.320068359375,11646.169921875,19364.669921875,62446.0,8380.650390625,22935.349609375,11.260000228881836
2017-01-12,2270.43994140625,11521.0400390625,19134.69921875,63954.0,8407.2001953125,22829.01953125,11.539999961853027
2017-01-13,2274.639892578125,11629.1796875,19287.279296875,63652.0,8400.349609375,22937.380859375,11.229999542236328
2017-01-16,,11554.7099609375,19095.240234375,63831.0,8412.7998046875,22718.150390625,
2017-01-17,2267.889892578125,11540.0,18813.529296875,64354.0,8398.0,22840.970703125,11.869999885559082
2017-01-18,2271.889892578125,11599.3896484375,18894.369140625,64150.0,8417.0,23098.259765625,12.479999542236328
2017-01-19,2263.68994140625,11596.8896484375,19072.25,63951.0,8435.099609375,23049.9609375,12.779999732971191
2017-01-20,2271.31005859375,11630.1298828125,19137.91015625,64521.0,8349.349609375,22885.91015625,11.539999961853027
2017-01-23,2265.199951171875,11545.75,18891.029296875,65749.0,8391.5,22898.51953125,11.770000457763672
2017-01-24,2280.070068359375,11594.9404296875,18787.990234375,65840.0,8475.7998046875,22949.859375,11.069999694824219
2017-01-25,2298.3701171875,11806.0498046875,19057.5,,8602.75,23049.119140625,10.8100004196167
2017-01-26,2296.679931640625,11848.6298828125,19402.390625,66191.0,,23374.169921875,10.630000114440918
2017-01-27,2294.68994140625,11814.26953125,19467.400390625,66034.0,8641.25,23360.779296875,10.579999923706055
2017-01-30,2280.89990234375,11681.8896484375,19368.849609375,64302.0,8632.75,,11.880000114440918
2017-01-31,2278.8701171875,11535.3095703125,19041.33984375,64671.0,8561.2998046875,,11.989999771118164
2017-02-01,2279.550048828125,11659.5,19148.080078125,64836.0,8716.400390625,23318.390625,11.8100004196167
2017-02-02,2280.85009765625,11627.9501953125,18914.580078125,64578.0,8734.25,23184.51953125,11.930000305175781
2017-02-03,2297.419921875,11651.490234375,18918.19921875,64954.0,8740.9501953125,23129.2109375,10.970000267028809
2017-02-06,2292.56005859375,11509.83984375,18976.7109375,63993.0,8801.0498046875,23348.240234375,11.369999885559082
2017-02-07,2293.080078125,11549.4404296875,18910.779296875,64199.0,8768.2998046875,23331.5703125,11.289999961853027
2017-02-08,2294.669921875,11543.3798828125,19007.599609375,64835.0,8769.0498046875,23485.130859375,11.449999809265137
2017-02-09,2307.8701171875,11642.8603515625,18907.669921875,64965.0,8778.400390625,23525.140625,10.880000114440918
2017-02-10,2316.10009765625,11666.9697265625,19378.9296875,66125.0,8793.5498046875,23574.98046875,10.850000381469727
2017-02-13,2328.25,11774.4296875,19459.150390625,66968.0,8805.0498046875,23710.98046875,11.069999694824219
2017-02-14,2337.580078125,11771.8095703125,19238.98046875,66713.0,8792.2998046875,23703.009765625,10.739999771118164
2017-02-15,2349.25,11793.9296875,19437.98046875,67976.0,8724.7001953125,23994.869140625,11.970000267028809
2017-02-16,2347.219970703125,11757.240234375,19347.529296875,67814.0,8778.0,24107.69921875,11.760000228881836
2017-02-17,2351.159912109375,11757.01953125,19234.619140625,67748.0,8821.7001953125,24033.740234375,11.489999771118164
2017-02-20,,11827.6201171875,19251.080078125,68533.0,8879.2001953125,24146.080078125,
2017-02-21,2365.3798828125,11967.490234375,19381.439453125,69052.0,8907.849609375,23963.630859375,11.569999694824219
2017-02-22,2362.820068359375,11998.58984375,19379.869140625,68590.0,8926.900390625,24201.9609375,11.739999771118164
2017-02-23,2363.81005859375,11947.830078125,19371.4609375,67461.0,8939.5,24114.859375,11.710000038146973
2017-02-24,2367.340087890625,11804.0302734375,19283.5390625,66662.0,,23965.69921875,11.470000267028809
2017-02-27,2369.75,11822.669921875,19107.470703125,,8896.7001953125,23925.05078125,12.09000015258789
2017-02-28,2363.639892578125,11834.41015625,19118.990234375,,8879.599609375,23740.73046875,12.920000076293945
2017-03-01,2395.9599609375,12067.1904296875,19393.5390625,66989.0,8945.7998046875,23776.490234375,12.539999961853027
2017-03-02,2381.919921875,12059.5703125,19564.80078125,65855.0,8899.75,23728.0703125,11.8100004196167
2017-03-03,2383.1201171875,12027.3603515625,19469.169921875,66786.0,8897.5498046875,23552.720703125,10.960000038146973
2017-03-06,2375.31005859375,11958.400390625,19379.140625,66341.0,8963.4501953125,23596.279296875,11.239999771118164
2017-03-07,2368.389892578125,11966.1396484375,19344.150390625,65742.0,8946.900390625,23681.0703125,11.449999809265137
2017-03-08,2362.97998046875,11967.3095703125,19254.029296875,64718.0,8924.2998046875,23782.26953125,11.859999656677246
2017-03-09,2364.8701171875,11978.3896484375,19318.580078125,64585.0,8927.0,23501.560546875,12.300000190734863
2017-03-10,2372.60009765625,11963.1796875,19604.609375,64675.0,8934.5498046875,23568.669921875,11.65999984741211
2017-03-13,2373.469970703125,11990.0302734375,19633.75,65534.0,,23829.669921875,11.350000381469727
2017-03-14,2365.449951171875,11988.7900390625,19609.5,64699.0,9087.0,23827.94921875,12.300000190734863
2017-03-15,2385.260009765625,12009.8701171875,19577.380859375,66235.0,9084.7998046875,23792.849609375,11.630000114440918
2017-03-16,2381.3798828125,12083.1796875,19590.140625,65783.0,9153.7001953125,24288.279296875,11.210000038146973
2017-03-17,2378.25,12095.240234375,19521.58984375,64210.0,9160.0498046875,24309.9296875,11.279999732971191
2017-03-20,2373.469970703125,12052.900390625,,64884.0,9126.849609375,24501.990234375,11.34000015258789
2017-03-21,2344.02001953125,11962.1298828125,19455.880859375,62980.0,9121.5,24593.119140625,12.470000267028809
2017-03-22,2348.449951171875,11904.1201171875,19041.380859375,63521.0,9030.4501953125,24320.41015625,12.8100004196167
2017-03-23,2345.9599609375,12039.6796875,19085.310546875,63531.0,9086.2998046875,24327.69921875,13.119999885559082
2017-03-24,2343.97998046875,12064.26953125,19262.529296875,63854.0,9108.0,24358.26953125,12.960000038146973
2017-03-27,2341.590087890625,11996.0703125,18985.58984375,64308.0,9045.2001953125,24193.69921875,12.5
2017-03-28,2358.570068359375,12149.419921875,19202.869140625,64640.0,9100.7998046875,24345.869140625,11.529999732971191
2017-03-29,2361.1298828125,12203.0,19217.48046875,65528.0,9143.7998046875,24392.05078125,11.420000076293945
2017-03-30,2368.06005859375,12256.4296875,19063.220703125,65266.0,9173.75,24301.08984375,11.539999961853027
2017-03-31,2362.719970703125,12312.8701171875,18909.259765625,64984.0,9173.75,24111.58984375,12.369999885559082
2017-04-03,2358.840087890625,12257.2001953125,18983.23046875,65211.0,9237.849609375,24261.48046875,12.380000114440918
2017-04-04,2360.159912109375,12282.33984375,18810.25,65769.0,,,11.789999961853027
2017-04-05,2352.949951171875,12217.5400390625,18861.26953125,64775.0,9265.150390625,24400.80078125,12.890000343322754
2017-04-06,2357.489990234375,12230.8896484375,18597.060546875,64223.0,9261.9501953125,24273.720703125,12.390000343322754
2017-04-07,2355.5400390625,12225.0595703125,18664.630859375,64593.0,9198.2998046875,24267.30078125,12.869999885559082
2017-04-10,2357.159912109375,12200.51953125,18797.880859375,64650.0,9181.4501953125,24262.1796875,14.050000190734863
2017-04-11,2353.780029296875,12139.349609375,18747.869140625,64360.0,9237.0,24088.4609375,15.069999694824219
2017-04-12,2344.929931640625,12154.7001953125,18552.609375,63892.0,9203.4501953125,24313.5,15.770000457763672
2017-04-13,2328.949951171875,12109.0,18426.83984375,62826.0,9150.7998046875,24261.66015625,15.960000038146973
2017-04-14,,,18335.630859375,,,,
2017-04-17,2349.010009765625,,18355.259765625,64335.0,9139.2998046875,,14.65999984741211
2017-04-18,2342.18994140625,12000.4404296875,18418.58984375,64159.0,9105.150390625,23924.5390625,14.420000076293945
2017-04-19,2338.169921875,12016.4501953125,18432.19921875,63407.0,9103.5,23825.880859375,14.930000305175781
2017-04-20,2355.840087890625,12027.3203125,18430.490234375,63761.0,9136.400390625,24056.98046875,14.149999618530273
2017-04-21,2348.68994140625,12048.5703125,18620.75,,9119.400390625,24042.01953125,14.630000114440918
2017-04-24,2374.14990234375,12454.98046875,18875.880859375,64389.0,9217.9501953125,24139.48046875,10.84000015258789
2017-04-25,2388.610107421875,12467.0400390625,19079.330078125,65148.0,9306.599609375,24455.939453125,10.760000228881836
2017-04-26,2387.449951171875,12472.7998046875,19289.4296875,64862.0,9351.849609375,24578.4296875,10.850000381469727
2017-04-27,2388.77001953125,12443.7900390625,19251.869140625,64677.0,9342.150390625,24698.48046875,10.359999656677246
2017-04-28,2384.199951171875,12438.009765625,19196.740234375,65403.0,9304.0498046875,24615.130859375,10.819999694824219
2017-05-01,2388.330078125,,19310.51953125,,,,10.109999656677246
2017-05-02,2391.169921875,12507.900390625,19445.69921875,66722.0,9313.7998046875,24696.130859375,10.59000015258789
2017-05-03,2388.1298828125,12527.83984375,,66094.0,9311.9501953125,,10.680000305175781
2017-05-04,2389.52001953125,12647.7802734375,,64863.0,9359.900390625,24683.880859375,10.460000038146973
2017-05-05,2399.2900390625,12716.8896484375,,65710.0,9285.2998046875,24476.349609375,10.569999694824219
2017-05-08,2399.3798828125,12694.5498046875,19895.69921875,65526.0,9314.0498046875,24577.91015625,9.770000457763672
2017-05-09,2396.919921875,12749.1201171875,19843.0,66278.0,9316.849609375,24889.029296875,9.960000038146973
2017-05-10,2399.6298828125,12757.4599609375,19900.08984375,67350.0,9407.2998046875,25015.419921875,10.210000038146973
2017-05-11,2394.43994140625,12711.0595703125,19961.55078125,67538.0,9422.400390625,25125.55078125,10.600000381469727
2017-05-12,2390.89990234375,12770.41015625,19883.900390625,68222.0,9400.900390625,25156.33984375,10.399999618530273
2017-05-15,2402.320068359375,12807.0400390625,19869.849609375,68474.0,9445.400390625,25371.58984375,10.420000076293945
2017-05-16,2400.669921875,12804.5302734375,19919.8203125,68684.0,9512.25,25335.939453125,10.649999618530273
2017-05-17,2357.030029296875,12631.6103515625,19814.880859375,67540.0,9525.75,25293.630859375,15.59000015258789
2017-05-18,2365.719970703125,12590.0595703125,19553.859375,61597.0,9429.4501953125,25136.51953125,14.65999984741211
2017-05-19,2381.72998046875,12638.6904296875,19590.759765625,62639.0,9427.900390625,25174.869140625,12.039999961853027
2017-05-22,2394.02001953125,12619.4599609375,19678.279296875,61673.0,9438.25,25391.33984375,10.930000305175781
2017-05-23,2398.419921875,12659.150390625,19613.279296875,62662.0,9386.150390625,25403.150390625,10.720000267028809
2017-05-24,2404.389892578125,12642.8701171875,19742.98046875,63257.0,9360.5498046875,25428.5,10.020000457763672
2017-05-25,2415.070068359375,12621.7197265625,19813.130859375,63227.0,9509.75,25630.779296875,9.989999771118164
2017-05-26,2415.820068359375,12602.1796875,19686.83984375,64085.0,9595.099609375,25639.26953125,9.8100004196167
2017-05-29,,12628.9501953125,19682.5703125,63761.0,9604.900390625,25701.630859375,
2017-05-30,2412.909912109375,12598.6796875,19677.849609375,63962.0,9624.5498046875,,10.380000114440918
2017-05-31,2411.800048828125,12615.0595703125,19650.5703125,62711.0,9621.25,25660.650390625,10.40999984741211
2017-06-01,2430.06005859375,12664.919921875,19860.029296875,62289.0,9616.099609375,25809.220703125,9.890000343322754
2017-06-02,2439.070068359375,12822.9404296875,20177.279296875,62511.0,9653.5,25924.05078125,9.75
2017-06-05,2436.10009765625,,20170.8203125,62450.0,9675.099609375,25862.990234375,10.069999694824219
2017-06-06,2429.330078125,12690.1201171875,19979.900390625,62955.0,9637.150390625,25997.140625,10.449999809265137
2017-06-07,2433.139892578125,12672.490234375,19984.619140625,63171.0,9663.900390625,25974.16015625,10.390000343322754
2017-06-08,2433.7900390625,12713.580078125,19909.259765625,62756.0,9647.25,26063.060546875,10.15999984741211
2017-06-09,2431.77001953125,12815.7197265625,20013.259765625,62211.0,9668.25,26030.2890625,10.699999809265137
2017-06-12,2429.389892578125,12690.4404296875,19908.580078125,61700.0,9616.400390625,25708.0390625,11.460000038146973
2017-06-13,2440.35009765625,12764.98046875,19898.75,61829.0,9606.900390625,25852.099609375,10.420000076293945
2017-06-14,2437.919921875,12805.9501953125,19883.51953125,61923.0,9618.150390625,25875.900390625,10.640000343322754
2017-06-15,2432.4599609375,12691.8095703125,19831.8203125,,9578.0498046875,25565.33984375,10.899999618530273
2017-06-16,2433.14990234375,12752.73046875,19943.259765625,61626.0,9588.0498046875,25626.490234375,10.380000114440918
2017-06-19,2453.4599609375,12888.9501953125,20067.75,62014.0,9657.5498046875,25924.55078125,10.369999885559082
2017-06-20,2437.030029296875,12814.7900390625,20230.41015625,60766.0,9653.5,25843.0390625,10.859999656677246
2017-06-21,2435.610107421875,12774.259765625,20138.7890625,60762.0,9633.599609375,25694.580078125,10.75
2017-06-22,2434.5,12794.0,20110.509765625,61272.0,9630.0,25674.529296875,10.479999542236328
2017-06-23,2438.300048828125,12733.41015625,20132.669921875,61087.0,9574.9501953125,25670.05078125,10.020000457763672
2017-06-26,2439.070068359375,12770.830078125,20153.349609375,62188.0,,25871.890625,9.899999618530273
2017-06-27,2419.3798828125,12671.01953125,20225.08984375,61675.0,9511.400390625,25839.990234375,11.0600004196167
2017-06-28,2440.68994140625,12647.26953125,20130.41015625,62018.0,9491.25,25683.5,10.029999732971191
2017-06-29,2419.699951171875,12416.1904296875,20220.30078125,62239.0,9504.099609375,25965.419921875,11.4399995803833
2017-06-30,2423.409912109375,12325.1201171875,20033.4296875,62900.0,9520.900390625,25764.580078125,11.180000305175781
2017-07-03,2429.010009765625,12475.3095703125,20055.80078125,63280.0,9615.0,25784.169921875,11.220000267028809
2017-07-04,,12437.1298828125,20032.349609375,63232.0,9613.2998046875,25389.009765625,
2017-07-05,2432.5400390625,12453.6796875,20081.630859375,63154.0,9637.599609375,25521.970703125,11.069999694824219
2017-07-06,2409.75,12381.25,19994.060546875,62470.0,9674.5498046875,25465.220703125,12.539999961853027
2017-07-07,2425.179931640625,12388.6796875,19929.08984375,62322.0,9665.7998046875,25340.849609375,11.1899995803833
2017-07-10,2427.429931640625,12445.919921875,20080.98046875,63025.0,9771.0498046875,25500.060546875,11.109999656677246
2017-07-11,2425.530029296875,12437.01953125,20195.48046875,63832.0,9786.0498046875,25877.640625,10.890000343322754
2017-07-12,2443.25,12626.580078125,20098.380859375,64836.0,9816.099609375,26043.640625,10.300000190734863
2017-07-13,2447.830078125,12641.330078125,20099.810546875,65178.0,9891.7001953125,26346.169921875,9.899999618530273
2017-07-14,2459.27001953125,12631.7197265625,20118.859375,65436.0,9886.349609375,26389.23046875,9.510000228881836
2017-07-17,2459.139892578125,12587.16015625,,65212.0,9915.9501953125,26470.580078125,9.819999694824219
2017-07-18,2460.610107421875,12430.3896484375,19999.91015625,65338.0,9827.150390625,26524.939453125,9.890000343322754
2017-07-19,2473.830078125,12452.0498046875,20020.859375,65180.0,9899.599609375,26672.16015625,9.789999961853027
2017-07-20,2473.449951171875,12447.25,20144.58984375,64938.0,9873.2998046875,26740.2109375,9.579999923706055
2017-07-21,2472.5400390625,12240.0595703125,20099.75,64684.0,9915.25,26706.08984375,9.359999656677246
2017-07-24,2469.909912109375,12208.9501953125,19975.669921875,65100.0,9966.400390625,26846.830078125,9.430000305175781
2017-07-25,2477.1298828125,12264.3095703125,19955.19921875,65668.0,9964.5498046875,26852.05078125,9.430000305175781
2017-07-26,2477.830078125,12305.1103515625,20050.16015625,65011.0,10020.650390625,26941.01953125,9.600000381469727
2017-07-27,2475.419921875,12212.0400390625,20079.640625,65277.0,10020.5498046875,27131.169921875,10.109999656677246
2017-07-28,2472.10009765625,12162.7001953125,19959.83984375,65497.0,10014.5,26979.390625,10.289999961853027
2017-07-31,2470.300048828125,12118.25,19925.1796875,65920.0,10077.099609375,27323.990234375,10.260000228881836
2017-08-01,2476.35009765625,12251.2900390625,19985.7890625,66516.0,10114.650390625,27540.23046875,10.09000015258789
2017-08-02,2477.570068359375,12181.48046875,20080.0390625,67136.0,10081.5,27607.380859375,10.279999732971191
2017-08-03,2472.159912109375,12154.7197265625,20029.259765625,66777.0,10013.650390625,27531.009765625,10.4399995803833
2017-08-04,2476.830078125,12297.7197265625,19952.330078125,66898.0,10066.400390625,27562.6796875,10.029999732971191
2017-08-07,2480.909912109375,12257.169921875,20055.890625,67940.0,10057.400390625,27690.359375,9.930000305175781
2017-08-08,2474.919921875,12292.0498046875,19996.009765625,67899.0,9978.5498046875,27854.91015625,10.960000038146973
2017-08-09,2474.02001953125,12154.0,19738.7109375,67671.0,9908.0498046875,27757.08984375,11.109999656677246
2017-08-10,2438.2099609375,12014.2998046875,19729.740234375,66992.0,9820.25,27444.0,16.040000915527344
2017-08-11,2441.320068359375,12014.0595703125,,67359.0,9710.7998046875,26883.509765625,15.510000228881836
2017-08-14,2465.840087890625,12165.1201171875,19537.099609375,68285.0,9794.150390625,27250.23046875,12.329999923706055
2017-08-15,2464.610107421875,12177.0400390625,19753.310546875,68355.0,,27174.9609375,12.039999961853027
2017-08-16,2468.110107421875,12263.8603515625,19729.279296875,68594.0,9897.2998046875,27409.0703125,11.739999771118164
2017-08-17,2430.010009765625,12203.4599609375,19702.630859375,67977.0,9904.150390625,27344.220703125,15.550000190734863
2017-08-18,2425.550048828125,12165.1904296875,19470.41015625,68715.0,9837.400390625,27047.5703125,14.260000228881836
2017-08-21,2428.3701171875,12065.990234375,19393.130859375,68635.0,9754.349609375,27154.6796875,13.1899995803833
2017-08-22,2452.510009765625,12229.33984375,19383.83984375,70011.0,9765.5498046875,27401.669921875,11.350000381469727
2017-08-23,2444.0400390625,12174.2998046875,19434.640625,70478.0,9852.5,,12.25
2017-08-24,2438.969970703125,12180.830078125,19353.76953125,71133.0,9857.0498046875,27518.599609375,12.229999542236328
2017-08-25,2443.050048828125,12167.9404296875,19452.609375,71074.0,,27848.16015625,11.279999732971191
2017-08-28,2444.239990234375,12123.4697265625,19449.900390625,71017.0,9912.7998046875,27863.2890625,11.319999694824219
2017-08-29,2446.300048828125,11945.8798828125,19362.55078125,71330.0,9796.0498046875,27765.009765625,11.699999809265137
2017-08-30,2457.590087890625,12002.4697265625,19506.5390625,70886.0,9884.400390625,28094.609375,11.220000267028809
2017-08-31,2471.64990234375,12055.83984375,19646.240234375,70835.0,9917.900390625,27970.30078125,10.59000015258789
2017-09-01,2476.550048828125,12142.6396484375,19691.470703125,71923.0,9974.400390625,27953.16015625,10.130000114440918
2017-09-04,,12102.2099609375,19508.25,72129.0,9912.849609375,27740.259765625,
2017-09-05,2457.85009765625,12123.7099609375,19385.810546875,72151.0,9952.2001953125,27741.349609375,12.229999542236328
2017-09-06,2465.5400390625,12214.5400390625,19357.970703125,73412.0,9916.2001953125,27613.759765625,11.630000114440918
2017-09-07,2465.10009765625,12296.6298828125,19396.51953125,,9929.900390625,27522.919921875,11.550000190734863
2017-09-08,2461.429931640625,12303.98046875,19274.8203125,73079.0,9934.7998046875,27668.470703125,12.119999885559082
2017-09-11,2488.110107421875,12475.240234375,19545.76953125,74319.0,10006.0498046875,27955.130859375,10.729999542236328
2017-09-12,2496.47998046875,12524.76953125,19776.619140625,74539.0,10093.0498046875,27972.240234375,10.579999923706055
2017-09-13,2498.3701171875,12553.5703125,19865.8203125,74788.0,10079.2998046875,27894.080078125,10.5
2017-09-14,2495.6201171875,12540.4501953125,19807.439453125,74657.0,10086.599609375,27777.19921875,10.4399995803833
2017-09-15,2500.22998046875,12518.8095703125,19909.5,75757.0,10085.400390625,27807.58984375,10.170000076293945
2017-09-18,2503.8701171875,12559.3896484375,,75990.0,10153.099609375,28159.76953125,10.149999618530273
2017-09-19,2506.64990234375,12561.7900390625,20299.380859375,75974.0,10147.5498046875,28051.41015625,10.180000305175781
2017-09-20,2508.239990234375,12569.169921875,20310.4609375,76004.0,10141.150390625,28127.80078125,9.779999732971191
2017-09-21,2500.60009765625,12600.0302734375,20347.48046875,75604.0,10121.900390625,28110.330078125,9.670000076293945
2017-09-22,2502.219970703125,12592.349609375,20296.44921875,75390.0,9964.400390625,27880.529296875,9.59000015258789
2017-09-25,2496.659912109375,12594.8095703125,20397.580078125,74443.0,9872.599609375,27500.33984375,10.210000038146973
2017-09-26,2496.840087890625,12605.2001953125,20330.189453125,74319.0,9871.5,27513.009765625,10.170000076293945
2017-09-27,2507.0400390625,12657.41015625,20267.05078125,73797.0,9735.75,27642.4296875,9.869999885559082
2017-09-28,2510.06005859375,12704.650390625,20363.109375,73567.0,9768.9501953125,27421.599609375,9.550000190734863
2017-09-29,2519.360107421875,12828.8603515625,20356.279296875,74294.0,9788.599609375,27554.30078125,9.510000228881836
2017-10-02,2529.1201171875,12902.650390625,20400.779296875,74360.0,,,9.449999809265137
2017-10-03,2534.580078125,,20614.0703125,76763.0,9859.5,28173.2109375,9.510000228881836
2017-10-04,2537.739990234375,12970.51953125,20626.66015625,76591.0,9914.900390625,28379.1796875,9.630000114440918
2017-10-05,2552.070068359375,12968.0498046875,20628.560546875,76618.0,9888.7001953125,,9.1899995803833
2017-10-06,2549.330078125,12955.9404296875,20690.7109375,76055.0,9979.7001953125,28458.0390625,9.649999618530273
2017-10-09,2544.72998046875,12976.400390625,,75727.0,9988.75,28326.58984375,10.329999923706055
2017-10-10,2550.639892578125,12949.25,20823.509765625,76897.0,10016.9501953125,28490.830078125,10.079999923706055
2017-10-11,2555.239990234375,12970.6796875,20881.26953125,76660.0,9984.7998046875,28389.5703125,9.850000381469727
2017-10-12,2550.929931640625,12982.8896484375,20954.720703125,,10096.400390625,28459.029296875,9.90999984741211
2017-10-13,2553.169921875,12991.8701171875,21155.1796875,76990.0,10167.4501953125,28476.4296875,9.609999656677246
2017-10-16,2557.639892578125,13003.7001953125,21255.560546875,76892.0,10230.849609375,28692.80078125,9.90999984741211
2017-10-17,2559.360107421875,12995.0595703125,21336.119140625,76201.0,10234.4501953125,28697.490234375,10.3100004196167
2017-10-18,2561.260009765625,13043.0302734375,21363.05078125,76591.0,10210.849609375,28711.759765625,10.069999694824219
2017-10-19,2562.10009765625,12990.099609375,21448.51953125,76283.0,10146.5498046875,28159.08984375,10.050000190734863
2017-10-20,2575.2099609375,12991.2802734375,21457.640625,76391.0,,28487.240234375,9.970000267028809
2017-10-23,2564.97998046875,13003.1396484375,21696.650390625,75413.0,10184.849609375,28305.880859375,11.069999694824219
2017-10-24,2569.1298828125,13013.1904296875,21805.169921875,76350.0,10207.7001953125,28154.970703125,11.15999984741211
2017-10-25,2557.14990234375,12953.41015625,21707.619140625,76671.0,10295.349609375,28302.890625,11.229999542236328
2017-10-26,2560.39990234375,13133.2802734375,21739.779296875,75896.0,10343.7998046875,28202.380859375,11.300000190734863
2017-10-27,2581.070068359375,13217.5400390625,22008.44921875,75976.0,10323.0498046875,28438.849609375,9.800000190734863
2017-10-30,2572.830078125,13229.5703125,22011.669921875,74800.0,10363.650390625,28336.189453125,10.5
2017-10-31,2575.260009765625,,22011.609375,74308.0,10335.2998046875,28245.5390625,10.180000305175781
2017-11-01,2579.360107421875,13465.509765625,22420.080078125,73824.0,10440.5,28594.060546875,10.199999809265137
2017-11-02,2579.85009765625,13440.9296875,22539.119140625,,10423.7998046875,28518.640625,9.930000305175781
2017-11-03,2587.840087890625,13478.8603515625,,73915.0,10452.5,28603.609375,9.140000343322754
2017-11-06,2591.1298828125,13468.7900390625,22548.349609375,74311.0,10451.7998046875,28596.80078125,9.399999618530273
2017-11-07,2590.639892578125,13379.26953125,22937.599609375,72415.0,10350.150390625,28994.33984375,9.890000343322754
2017-11-08,2594.3798828125,13382.419921875,22913.8203125,74363.0,10303.150390625,28907.599609375,9.779999732971191
2017-11-09,2584.6201171875,13182.5595703125,22868.7109375,72931.0,10308.9501953125,29136.5703125,10.5
2017-11-10,2582.300048828125,13127.4697265625,22681.419921875,72166.0,10321.75,29120.919921875,11.289999961853027
2017-11-13,2584.840087890625,13074.419921875,22380.990234375,72475.0,10224.9501953125,29182.1796875,11.5
2017-11-14,2578.8701171875,13033.48046875,22380.009765625,70827.0,10186.599609375,29152.119140625,11.59000015258789
2017-11-15,2564.6201171875,12976.3701171875,22028.3203125,,10118.0498046875,28851.689453125,13.130000114440918
2017-11-16,2585.639892578125,13047.2197265625,22351.119140625,72512.0,10214.75,29018.759765625,11.760000228881836
2017-11-17,2578.85009765625,12993.73046875,22396.80078125,73437.0,10283.599609375,29199.0390625,11.430000305175781
2017-11-20,2582.139892578125,13058.66015625,22261.759765625,,10298.75,29260.310546875,10.649999618530273
2017-11-21,2599.030029296875,13167.5400390625,22416.48046875,74595.0,10326.900390625,29818.0703125,9.729999542236328
2017-11-22,2597.080078125,13015.0400390625,22523.150390625,74519.0,10342.2998046875,30003.490234375,9.880000114440918
2017-11-23,,13008.5498046875,,74487.0,10348.75,29707.939453125,
2017-11-24,2602.419921875,13059.83984375,22550.849609375,74157.0,10389.7001953125,29866.3203125,9.670000076293945
2017-11-27,2601.419921875,13000.2001953125,22495.990234375,74059.0,10399.5498046875,29686.189453125,9.869999885559082
2017-11-28,2627.0400390625,13059.5302734375,22486.240234375,74140.0,10370.25,29680.849609375,10.029999732971191
2017-11-29,2626.070068359375,13061.8701171875,22597.19921875,72700.0,10361.2998046875,29623.830078125,10.699999809265137
2017-11-30,2647.580078125,13023.98046875,22724.9609375,71971.0,10226.5498046875,29177.349609375,11.279999732971191
2017-12-01,2642.219970703125,12861.490234375,22819.029296875,72264.0,10121.7998046875,29074.240234375,11.430000305175781
2017-12-04,2639.43994140625,13058.5498046875,22707.16015625,73090.0,10127.75,29138.279296875,11.680000305175781
2017-12-05,2629.570068359375,13048.5400390625,22622.380859375,72546.0,10118.25,28842.80078125,11.329999923706055
2017-12-06,2629.27001953125,12998.849609375,22177.0390625,73268.0,10044.099609375,28224.80078125,11.020000457763672
2017-12-07,2636.97998046875,13045.150390625,22498.029296875,72487.0,10166.7001953125,28303.189453125,10.15999984741211
2017-12-08,2651.5,13153.7001953125,22811.080078125,72732.0,10265.650390625,28639.849609375,9.579999923706055
2017-12-11,2659.989990234375,13123.650390625,22938.73046875,72800.0,10322.25,28965.2890625,9.34000015258789
2017-12-12,2664.110107421875,13183.5302734375,22866.169921875,73814.0,10240.150390625,28793.880859375,9.920000076293945
2017-12-13,2662.85009765625,13125.6396484375,22758.0703125,72914.0,10192.9501953125,29222.099609375,10.180000305175781
2017-12-14,2652.010009765625,13068.080078125,22694.44921875,72429.0,10252.099609375,29166.380859375,10.489999771118164
2017-12-15,2675.81005859375,13103.5595703125,22553.220703125,72608.0,10333.25,28848.109375,9.420000076293945
2017-12-18,2690.159912109375,13312.2998046875,22901.76953125,73115.0,10388.75,29050.41015625,9.529999732971191
2017-12-19,2681.469970703125,13215.7900390625,22868.0,72680.0,10463.2001953125,29253.66015625,10.029999732971191
2017-12-20,2679.25,13069.169921875,22891.720703125,73367.0,10444.2001953125,29234.08984375,9.720000267028809
2017-12-21,2684.570068359375,13109.740234375,22866.099609375,75133.0,10440.2998046875,29367.060546875,9.619999885559082
2017-12-22,2683.340087890625,13072.7900390625,22902.759765625,75187.0,10493.0,29578.009765625,9.899999618530273
2017-12-25,,,22939.1796875,,,,
2017-12-26,2680.5,,22892.689453125,75688.0,10531.5,,10.25
2017-12-27,2682.6201171875,13070.01953125,22911.2109375,76073.0,10490.75,29597.66015625,10.470000267028809
2017-12-28,2687.5400390625,12979.9404296875,22783.98046875,76402.0,10477.900390625,29863.7109375,10.180000305175781
2017-12-29,2673.610107421875,12917.6396484375,22764.939453125,76402.0,10530.7001953125,29919.150390625,11.039999961853027
2018-01-02,2695.81005859375,12871.3896484375,,77891.0,10442.2001953125,30515.310546875,9.770000457763672
2018-01-03,2713.06005859375,12978.2099609375,,77995.0,10443.2001953125,30560.94921875,9.149999618530273
2018-01-04,2723.989990234375,13167.8896484375,23506.330078125,78647.0,10504.7998046875,30736.48046875,9.220000267028809
2018-01-05,2743.14990234375,13319.6396484375,23714.529296875,79071.0,10558.849609375,30814.640625,9.220000267028809
2018-01-08,2747.7099609375,13367.7802734375,,79379.0,10623.599609375,30899.529296875,9.520000457763672
2018-01-09,2751.2900390625,13385.58984375,23849.990234375,78864.0,10637.0,31011.41015625,10.079999923706055
2018-01-10,2748.22998046875,13281.33984375,23788.19921875,78201.0,10632.2001953125,31073.720703125,9.819999694824219
2018-01-11,2767.56005859375,13202.900390625,23710.4296875,79365.0,10651.2001953125,31120.390625,9.880000114440918
2018-01-12,2786.239990234375,13245.0302734375,23653.8203125,79349.0,10681.25,31412.5390625,10.15999984741211
2018-01-15,,13200.509765625,23714.880859375,79752.0,10741.5498046875,31338.869140625,
2018-01-16,2776.419921875,13246.330078125,23951.810546875,79832.0,10700.4501953125,31904.75,11.65999984741211
2018-01-17,2802.56005859375,13183.9599609375,23868.33984375,81189.0,10788.5498046875,31983.41015625,11.90999984741211
2018-01-18,2798.030029296875,13281.4296875,23763.369140625,80963.0,10817.0,32121.939453125,12.220000267028809
2018-01-19,2810.300048828125,13434.4501953125,23808.060546875,81220.0,10894.7001953125,32254.890625,11.270000457763672
2018-01-22,2832.969970703125,13463.6904296875,23816.330078125,81675.0,10966.2001953125,32393.41015625,11.029999732971191
2018-01-23,2839.1298828125,13559.599609375,24124.150390625,80678.0,11083.7001953125,32930.69921875,11.100000381469727
2018-01-24,2837.5400390625,13414.740234375,23940.779296875,83680.0,11086.0,32958.69140625,11.470000267028809
2018-01-25,2839.25,13298.3603515625,23669.490234375,,11069.650390625,32654.44921875,11.579999923706055
2018-01-26,2872.8701171875,13340.169921875,23631.880859375,85531.0,,33154.12109375,11.079999923706055
2018-01-29,2853.530029296875,13324.48046875,23629.33984375,84698.0,11130.400390625,32966.890625,13.84000015258789
2018-01-30,2822.429931640625,13197.7099609375,23291.970703125,84482.0,11049.650390625,32607.2890625,14.789999961853027
2018-01-31,2823.81005859375,13189.48046875,23098.2890625,84913.0,11027.7001953125,32887.26953125,13.539999961853027
2018-02-01,2821.97998046875,13003.900390625,23486.109375,85495.0,11016.900390625,32642.08984375,13.470000267028809
2018-02-02,2762.1298828125,12785.16015625,23274.529296875,84041.0,10760.599609375,32601.779296875,17.309999465942383
2018-02-05,2648.93994140625,12687.490234375,22682.080078125,81861.0,10666.5498046875,32245.220703125,37.31999969482422
2018-02-06,2695.139892578125,12392.66015625,21610.240234375,83894.0,10498.25,30595.419921875,29.979999542236328
2018-02-07,2681.659912109375,12590.4296875,21645.369140625,82767.0,10476.7001953125,30323.19921875,27.729999542236328
2018-02-08,2581.0,12260.2900390625,21890.859375,81533.0,10576.849609375,30451.26953125,33.459999084472656
2018-02-09,2619.550048828125,12107.48046875,21382.619140625,80899.0,10454.9501953125,29507.419921875,29.059999465942383
2018-02-12,2656.0,12282.76953125,,,10539.75,29459.630859375,25.610000610351562
2018-02-13,2662.93994140625,12196.5,21244.6796875,,,29839.529296875,24.969999313354492
2018-02-14,2698.6298828125,12339.16015625,21154.169921875,83543.0,10500.900390625,30515.599609375,19.260000228881836
2018-02-15,2731.199951171875,12346.169921875,21464.98046875,84291.0,10545.5,31115.4296875,19.1299991607666
2018-02-16,2732.219970703125,12451.9599609375,21720.25,84525.0,10452.2998046875,,19.459999084472656
2018-02-19,,12385.599609375,22149.2109375,84793.0,10378.400390625,,
2018-02-20,2716.260009765625,12487.900390625,21925.099609375,85804.0,10360.400390625,30873.630859375,20.600000381469727
2018-02-21,2701.330078125,12470.490234375,21970.810546875,86052.0,10397.4501953125,31431.890625,20.020000457763672
2018-02-22,2703.9599609375,12461.91015625,21736.439453125,86686.0,10382.7001953125,30965.6796875,18.719999313354492
2018-02-23,2747.300048828125,12483.7900390625,21892.779296875,87293.0,10491.0498046875,31267.169921875,16.489999771118164
2018-02-26,2779.60009765625,12527.0400390625,22153.630859375,87653.0,10582.599609375,31498.599609375,15.800000190734863
2018-02-27,2744.280029296875,12490.73046875,22389.859375,86935.0,10554.2998046875,31268.66015625,18.59000015258789
2018-02-28,2713.830078125,12435.849609375,22068.240234375,85481.0,10492.849609375,30844.720703125,19.850000381469727
2018-03-01,2677.669921875,12190.9404296875,21724.470703125,85378.0,10458.349609375,31044.25,22.469999313354492
2018-03-02,2691.25,11913.7099609375,21181.640625,85761.0,,30583.44921875,19.59000015258789
2018-03-05,2720.93994140625,12090.8701171875,21042.08984375,86023.0,10358.849609375,29886.390625,18.729999542236328
2018-03-06,2728.1201171875,12113.8701171875,21417.759765625,85653.0,10249.25,30510.73046875,18.360000610351562
2018-03-07,2726.800048828125,12245.3603515625,21252.720703125,85484.0,10154.2001953125,30196.919921875,17.760000228881836
2018-03-08,2738.969970703125,12355.5703125,21368.0703125,84985.0,10242.650390625,30654.51953125,16.540000915527344
2018-03-09,2786.570068359375,12346.6796875,21469.19921875,86371.0,10226.849609375,30996.2109375,14.640000343322754
2018-03-12,2783.02001953125,12418.3896484375,21824.029296875,86900.0,10421.400390625,31594.330078125,15.779999732971191
2018-03-13,2765.31005859375,12221.0302734375,21968.099609375,86384.0,10426.849609375,31601.44921875,16.350000381469727
2018-03-14,2749.47998046875,12237.740234375,21777.2890625,86051.0,10410.900390625,31435.009765625,17.229999542236328
2018-03-15,2747.330078125,12345.5595703125,21803.94921875,84928.0,10360.150390625,31541.099609375,16.59000015258789
2018-03-16,2752.010009765625,12389.580078125,21676.509765625,84886.0,10195.150390625,31501.970703125,15.800000190734863
2018-03-19,2712.919921875,12217.01953125,21480.900390625,83913.0,10094.25,31513.759765625,19.020000457763672
2018-03-20,2716.93994140625,12307.330078125,21380.970703125,84164.0,10124.349609375,31549.9296875,18.200000762939453
2018-03-21,2711.929931640625,12309.150390625,,84977.0,10155.25,31414.51953125,17.860000610351562
2018-03-22,2643.68994140625,12100.080078125,21591.990234375,84768.0,10114.75,31071.05078125,23.34000015258789
2018-03-23,2588.260009765625,11886.3095703125,20617.859375,84377.0,9998.0498046875,30309.2890625,24.8700008392334
2018-03-26,2658.550048828125,11787.259765625,20766.099609375,85088.0,10130.650390625,30548.76953125,21.030000686645508
2018-03-27,2612.6201171875,11970.830078125,21317.3203125,83808.0,10184.150390625,30790.830078125,22.5
2018-03-28,2605.0,11940.7099609375,21031.310546875,83874.0,10113.7001953125,30022.529296875,22.8700008392334
2018-03-29,2640.8701171875,12096.73046875,21159.080078125,85366.0,,30093.380859375,19.969999313354492
2018-03-30,,,21454.30078125,,,,
2018-04-02,2581.8798828125,,21388.580078125,84666.0,10211.7998046875,,23.6200008392334
2018-04-03,2614.449951171875,12002.4501953125,21292.2890625,84623.0,10245.0,30180.099609375,21.100000381469727
2018-04-04,2644.68994140625,11957.900390625,21319.55078125,84360.0,10128.400390625,29518.689453125,20.059999465942383
2018-04-05,2662.840087890625,12305.1904296875,21645.419921875,85210.0,10325.150390625,,18.940000534057617
2018-04-06,2604.469970703125,12241.26953125,21567.51953125,84820.0,10331.599609375,29844.939453125,21.489999771118164
2018-04-09,2613.159912109375,12261.75,21678.259765625,83307.0,10379.349609375,30229.580078125,21.770000457763672
2018-04-10,2656.8701171875,12397.3203125,21794.3203125,84510.0,10402.25,30728.740234375,20.469999313354492
2018-04-11,2642.18994140625,12293.9697265625,21687.099609375,85246.0,10417.150390625,30897.7109375,20.239999771118164
2018-04-12,2663.989990234375,12415.009765625,21660.279296875,85444.0,10458.650390625,30831.279296875,18.489999771118164
2018-04-13,2656.300048828125,12442.400390625,21778.740234375,84334.0,10480.599609375,30808.380859375,17.40999984741211
2018-04-16,2677.840087890625,12391.41015625,21835.529296875,82862.0,10528.349609375,30315.58984375,16.559999465942383
2018-04-17,2706.389892578125,12585.5703125,21847.58984375,84086.0,10548.7001953125,30062.75,15.25
2018-04-18,2708.639892578125,12590.830078125,22158.19921875,85776.0,10526.2001953125,30284.25,15.600000381469727
2018-04-19,2693.1298828125,12567.419921875,22191.1796875,85824.0,10565.2998046875,30708.439453125,15.960000038146973
2018-04-20,2670.139892578125,12540.5,22162.240234375,85550.0,10564.0498046875,30418.330078125,16.8799991607666
2018-04-23,2670.2900390625,12572.3896484375,22088.0390625,85602.0,10584.7001953125,30254.400390625,16.34000015258789
2018-04-24,2634.56005859375,12550.8203125,22278.119140625,85469.0,10614.349609375,30636.240234375,18.020000457763672
2018-04-25,2639.39990234375,12422.2998046875,22215.3203125,85044.0,10570.5498046875,30328.150390625,17.84000015258789
2018-04-26,2666.93994140625,12500.4697265625,22319.609375,86383.0,10617.7998046875,30007.6796875,16.239999771118164
2018-04-27,2669.909912109375,12580.8701171875,22467.869140625,86445.0,10692.2998046875,30280.669921875,15.40999984741211
2018-04-30,2648.050048828125,12612.1103515625,,86115.0,10739.349609375,30808.44921875,15.930000305175781
2018-05-01,2654.800048828125,,22508.029296875,,,,15.489999771118164
2018-05-02,2635.669921875,12802.25,22472.779296875,84547.0,10718.0498046875,30723.880859375,15.970000267028809
2018-05-03,2629.72998046875,12690.150390625,,83288.0,10679.650390625,30313.369140625,15.899999618530273
2018-05-04,2663.419921875,12819.599609375,,83118.0,10618.25,29926.5,14.770000457763672
2018-05-07,2672.6298828125,12948.1396484375,22467.16015625,82714.0,10715.5,29994.259765625,14.75
2018-05-08,2671.919921875,12912.2099609375,22508.689453125,82956.0,10717.7998046875,30402.810546875,14.710000038146973
2018-05-09,2697.7900390625,12943.0595703125,22408.880859375,84265.0,10741.7001953125,30536.140625,13.420000076293945
2018-05-10,2723.070068359375,13022.8701171875,22497.1796875,85861.0,10716.5498046875,30809.220703125,13.229999542236328
2018-05-11,2727.719970703125,13001.240234375,22758.48046875,85220.0,10806.5,31122.060546875,12.649999618530273
2018-05-14,2730.1298828125,12977.7099609375,22865.859375,85232.0,10806.599609375,31541.080078125,12.930000305175781
2018-05-15,2711.449951171875,12970.0400390625,22818.01953125,85130.0,10801.849609375,31152.029296875,14.630000114440918
2018-05-16,2722.4599609375,12996.330078125,22717.23046875,86537.0,10741.099609375,31110.19921875,13.420000076293945
2018-05-17,2720.1298828125,13114.6103515625,22838.369140625,83622.0,10682.7001953125,30942.150390625,13.430000305175781
2018-05-18,2712.969970703125,13077.7197265625,22930.359375,83082.0,10596.400390625,31047.91015625,13.420000076293945
2018-05-21,2733.010009765625,,23002.369140625,81815.0,10516.7001953125,31234.349609375,13.079999923706055
2018-05-22,2724.43994140625,13169.919921875,22960.33984375,82739.0,10536.7001953125,,13.220000267028809
2018-05-23,2733.2900390625,12976.83984375,22689.740234375,80867.0,10430.349609375,30665.640625,12.579999923706055
2018-05-24,2727.760009765625,12855.08984375,22437.009765625,80122.0,10513.849609375,30760.41015625,12.529999732971191
2018-05-25,2721.330078125,12938.009765625,22450.7890625,78898.0,10605.150390625,30588.0390625,13.220000267028809
2018-05-28,,12863.4599609375,22481.08984375,75356.0,10688.650390625,30792.259765625,
2018-05-29,2689.860107421875,12666.509765625,22358.4296875,76072.0,10633.2998046875,30484.580078125,17.020000457763672
2018-05-30,2724.010009765625,12783.759765625,22018.51953125,76754.0,10614.349609375,30056.7890625,14.9399995803833
2018-05-31,2705.27001953125,12604.8896484375,22201.8203125,,10736.150390625,30468.560546875,15.430000305175781
2018-06-01,2734.6201171875,12724.26953125,22171.349609375,77240.0,10696.2001953125,30492.91015625,13.460000038146973
2018-06-04,2746.8701171875,12770.75,22475.939453125,78596.0,10628.5,30997.98046875,12.739999771118164
2018-06-05,2748.800048828125,12787.1298828125,22539.5390625,76642.0,10593.150390625,31093.44921875,12.399999618530273
2018-06-06,2772.35009765625,12830.0703125,22625.73046875,76117.0,10684.650390625,31259.099609375,11.640000343322754
2018-06-07,2770.3701171875,12811.0498046875,22823.259765625,73851.0,10768.349609375,31512.630859375,12.130000114440918
2018-06-08,2779.030029296875,12766.5498046875,22694.5,72942.0,10767.650390625,30958.2109375,12.180000305175781
2018-06-11,2782.0,12842.91015625,22804.0390625,72308.0,10786.9501953125,31063.69921875,12.350000381469727
2018-06-12,2786.85009765625,12842.2998046875,22878.349609375,72754.0,10842.849609375,31103.060546875,12.34000015258789
2018-06-13,2775.6298828125,12890.580078125,22966.380859375,72122.0,10856.7001953125,30725.150390625,12.9399995803833
2018-06-14,2782.489990234375,13107.099609375,22738.609375,71421.0,10808.0498046875,30440.169921875,12.119999885559082
2018-06-15,2779.659912109375,13010.5498046875,22851.75,70758.0,10817.7001953125,30309.490234375,11.979999542236328
2018-06-18,2773.75,12834.1103515625,22680.330078125,69815.0,10799.849609375,,12.3100004196167
2018-06-19,2762.590087890625,12677.9697265625,22278.48046875,71394.0,10710.4501953125,29468.150390625,13.350000381469727
2018-06-20,2767.320068359375,12695.16015625,22555.4296875,72123.0,10772.0498046875,29696.169921875,12.789999961853027
2018-06-21,2749.760009765625,12511.91015625,22693.0390625,70075.0,10741.099609375,29296.05078125,14.640000343322754
2018-06-22,2754.8798828125,12579.7197265625,22516.830078125,70641.0,10821.849609375,29338.69921875,13.770000457763672
2018-06-25,2717.070068359375,12270.330078125,22338.150390625,70953.0,10762.4501953125,28961.390625,17.329999923706055
2018-06-26,2723.06005859375,12234.33984375,22342.0,71405.0,10769.150390625,28881.400390625,15.920000076293945
2018-06-27,2699.6298828125,12348.6103515625,22271.76953125,70609.0,10671.400390625,28356.259765625,17.90999984741211
2018-06-28,2716.31005859375,12177.23046875,22270.390625,71767.0,10589.099609375,28497.3203125,16.850000381469727
2018-06-29,2718.3701171875,12306.0,22304.509765625,72763.0,10714.2998046875,28955.109375,16.09000015258789
2018-07-02,2726.7099609375,12238.169921875,21811.9296875,72840.0,10657.2998046875,,15.600000381469727
2018-07-03,2713.219970703125,12349.1396484375,21785.5390625,73668.0,10699.900390625,28545.5703125,16.139999389648438
2018-07-04,,12317.6103515625,21717.0390625,74743.0,10769.900390625,28241.669921875,
2018-07-05,2736.610107421875,12464.2900390625,21546.990234375,74553.0,10749.75,28182.08984375,14.970000267028809
2018-07-06,2759.820068359375,12496.169921875,21788.140625,75010.0,10772.650390625,28315.619140625,13.369999885559082
2018-07-09,2784.169921875,12543.8896484375,22052.1796875,,10852.900390625,28688.5,12.6899995803833
2018-07-10,2793.840087890625,12609.849609375,22196.890625,74862.0,10947.25,28682.25,12.640000343322754
2018-07-11,2774.02001953125,12417.1298828125,21932.2109375,74399.0,10948.2998046875,28311.689453125,13.630000114440918
2018-07-12,2798.2900390625,12492.9697265625,22187.9609375,75856.0,11023.2001953125,28480.830078125,12.579999923706055
2018-07-13,2801.31005859375,12540.73046875,22597.349609375,76594.0,11018.900390625,28525.439453125,12.180000305175781
2018-07-16,2798.429931640625,12561.01953125,22597.349609375,76653.0,10936.849609375,28539.66015625,12.829999923706055
2018-07-17,2809.550048828125,12661.5400390625,22697.359375,78130.0,11008.0498046875,28181.6796875,12.0600004196167
2018-07-18,2815.6201171875,12765.9404296875,22794.189453125,77363.0,10980.4501953125,28117.419921875,12.100000381469727
2018-07-19,2804.489990234375,12686.2900390625,22764.6796875,77487.0,10957.099609375,28010.859375,12.869999885559082
2018-07-20,2801.830078125,12561.419921875,22697.880859375,78571.0,11010.2001953125,28224.48046875,12.859999656677246
2018-07-23,2806.97998046875,12548.5703125,22396.990234375,77996.0,11084.75,28256.119140625,12.619999885559082
2018-07-24,2820.39990234375,12689.3896484375,22510.48046875,79155.0,11134.2998046875,28662.5703125,12.40999984741211
2018-07-25,2846.070068359375,12579.330078125,22614.25,80218.0,11132.0,28920.900390625,12.289999961853027
2018-07-26,2837.43994140625,12809.23046875,22586.869140625,79405.0,11167.2998046875,28781.140625,12.140000343322754
2018-07-27,2818.820068359375,12860.400390625,22712.75,79866.0,11278.349609375,28804.279296875,13.029999732971191
2018-07-30,2802.60009765625,12798.2001953125,22544.83984375,80276.0,11319.5498046875,28733.130859375,14.260000228881836
2018-07-31,2816.2900390625,12805.5,22553.720703125,79220.0,11356.5,28583.009765625,12.829999923706055
2018-08-01,2813.360107421875,12737.0498046875,22746.69921875,79302.0,11346.2001953125,28340.740234375,13.149999618530273
2018-08-02,2827.219970703125,12546.330078125,22512.529296875,79637.0,11244.7001953125,27714.560546875,12.1899995803833
2018-08-03,2840.35009765625,12615.759765625,22525.1796875,81435.0,11360.7998046875,27676.3203125,11.640000343322754
2018-08-06,2850.39990234375,12598.2099609375,22507.3203125,81051.0,11387.099609375,27819.560546875,11.270000457763672
2018-08-07,2858.449951171875,12648.1904296875,22662.740234375,80347.0,11389.4501953125,28248.880859375,10.930000305175781
2018-08-08,2857.699951171875,12633.5400390625,22644.310546875,79152.0,11450.0,28359.140625,10.850000381469727
2018-08-09,2853.580078125,12676.1103515625,22598.390625,78768.0,11470.7001953125,28607.30078125,11.270000457763672
2018-08-10,2833.280029296875,12424.349609375,22298.080078125,76514.0,11429.5,28366.619140625,13.15999984741211
2018-08-13,2821.929931640625,12358.740234375,21857.4296875,77496.0,11355.75,27936.5703125,14.779999732971191
2018-08-14,2839.9599609375,12358.8701171875,22356.080078125,78602.0,11435.099609375,27752.9296875,13.3100004196167
2018-08-15,2818.3701171875,12163.009765625,22204.220703125,77078.0,,27323.58984375,14.640000343322754
2018-08-16,2840.68994140625,12237.169921875,22192.0390625,76819.0,11385.0498046875,27100.060546875,13.449999809265137
2018-08-17,2850.1298828125,12210.5498046875,22270.380859375,76029.0,11470.75,27213.41015625,12.640000343322754
2018-08-20,2857.050048828125,12331.2998046875,22199.0,76328.0,11551.75,27598.01953125,12.489999771118164
2018-08-21,2862.9599609375,12384.490234375,22219.73046875,75180.0,11570.900390625,27752.7890625,12.859999656677246
2018-08-22,2861.820068359375,12385.7001953125,22362.55078125,76902.0,,27927.580078125,12.25
2018-08-23,2856.97998046875,12365.580078125,22410.8203125,75634.0,11582.75,27790.4609375,12.40999984741211
2018-08-24,2874.68994140625,12394.51953125,22601.76953125,76262.0,11557.099609375,27671.869140625,11.989999771118164
2018-08-27,2896.739990234375,12538.3095703125,22799.640625,77930.0,11691.9501953125,28271.26953125,12.15999984741211
2018-08-28,2897.52001953125,12527.419921875,22813.470703125,77473.0,11738.5,28351.619140625,12.5
2018-08-29,2914.0400390625,12561.6796875,22848.220703125,78389.0,11691.900390625,28416.439453125,12.25
2018-08-30,2901.1298828125,12494.240234375,22869.5,76404.0,11676.7998046875,28164.05078125,13.529999732971191
2018-08-31,2901.52001953125,12364.0595703125,22865.150390625,76678.0,11680.5,27888.55078125,12.859999656677246
2018-09-03,,12346.41015625,22707.380859375,76193.0,11582.349609375,27712.5390625,
2018-09-04,2896.719970703125,12210.2099609375,22696.900390625,74712.0,11520.2998046875,27973.33984375,13.15999984741211
2018-09-05,2888.60009765625,12040.4599609375,22580.830078125,75092.0,11476.9501953125,27243.849609375,13.90999984741211
2018-09-06,2878.050048828125,11955.25,22487.939453125,76416.0,11536.900390625,26974.8203125,14.649999618530273
2018-09-07,2871.679931640625,11959.6298828125,22307.060546875,,11589.099609375,26973.470703125,14.880000114440918
2018-09-10,2877.1298828125,11986.33984375,22373.08984375,76436.0,11438.099609375,26613.419921875,14.15999984741211
2018-09-11,2887.889892578125,11970.26953125,22664.689453125,74657.0,11287.5,26422.55078125,13.220000267028809
2018-09-12,2888.919921875,12032.2998046875,22604.609375,75125.0,11369.900390625,26345.0390625,13.140000343322754
2018-09-13,2904.179931640625,12055.5498046875,22821.3203125,74687.0,,27014.490234375,12.369999885559082
2018-09-14,2904.97998046875,12124.330078125,23094.669921875,75429.0,11515.2001953125,27286.41015625,12.069999694824219
2018-09-17,2888.800048828125,12096.41015625,,76789.0,11377.75,26932.849609375,13.680000305175781
2018-09-18,2904.31005859375,12157.669921875,23420.5390625,78314.0,11278.900390625,27084.66015625,12.789999961853027
2018-09-19,2907.949951171875,12219.01953125,23672.51953125,78169.0,11234.349609375,27407.369140625,11.75
2018-09-20,2930.75,12326.48046875,23674.9296875,78116.0,,27477.669921875,11.800000190734863
2018-09-21,2929.669921875,12430.8798828125,23869.9296875,79444.0,11143.099609375,27953.580078125,11.680000305175781
2018-09-24,2919.3701171875,12350.8203125,,77984.0,10967.400390625,27499.390625,12.199999809265137
2018-09-25,2915.56005859375,12374.66015625,23940.259765625,78630.0,11067.4501953125,,12.420000076293945
2018-09-26,2905.969970703125,12385.8896484375,24033.7890625,78656.0,11053.7998046875,27816.869140625,12.890000343322754
2018-09-27,2914.0,12435.58984375,23796.740234375,80000.0,10977.5498046875,27715.669921875,12.40999984741211
2018-09-28,2913.97998046875,12246.73046875,24120.0390625,79342.0,10930.4501953125,27788.51953125,12.119999885559082
2018-10-01,2924.590087890625,12339.0302734375,24245.759765625,78624.0,11008.2998046875,,12.0
2018-10-02,2923.429931640625,12287.580078125,24270.619140625,81612.0,,27126.380859375,12.050000190734863
2018-10-03,2925.510009765625,,24110.9609375,83273.0,10858.25,27091.259765625,11.609999656677246
2018-10-04,2901.610107421875,12244.1396484375,23975.619140625,82953.0,10599.25,26623.869140625,14.220000267028809
2018-10-05,2885.570068359375,12111.900390625,23783.720703125,82322.0,10316.4501953125,26572.5703125,14.819999694824219
2018-10-08,2884.429931640625,11947.16015625,,86084.0,10348.0498046875,26202.5703125,15.6899995803833
2018-10-09,2880.340087890625,11977.2197265625,23469.390625,86088.0,10301.0498046875,26172.91015625,15.949999809265137
2018-10-10,2785.679931640625,11712.5,23506.0390625,83679.0,10460.099609375,26193.0703125,22.959999084472656
2018-10-11,2728.3701171875,11539.349609375,22590.859375,82921.0,10234.650390625,25266.369140625,24.979999542236328
2018-10-12,2767.1298828125,11523.8095703125,22694.66015625,,10472.5,25801.490234375,21.309999465942383
2018-10-15,2750.7900390625,11614.16015625,22271.30078125,83360.0,10512.5,25445.060546875,21.299999237060547
2018-10-16,2809.919921875,11776.5498046875,22549.240234375,85718.0,10584.75,25462.259765625,17.6200008392334
2018-10-17,2809.2099609375,11715.0302734375,22841.119140625,85764.0,10453.0498046875,,17.399999618530273
2018-10-18,2768.780029296875,11589.2099609375,22658.16015625,83847.0,,25454.55078125,20.059999465942383
2018-10-19,2767.780029296875,11553.830078125,22532.080078125,84220.0,10303.5498046875,25561.400390625,19.889999389648438
2018-10-22,2755.8798828125,11524.33984375,22614.8203125,85597.0,10245.25,26153.150390625,19.639999389648438
2018-10-23,2740.68994140625,11274.2802734375,22010.779296875,85300.0,10146.7998046875,25346.55078125,20.709999084472656
2018-10-24,2656.10009765625,11191.6298828125,22091.1796875,83064.0,10224.75,25249.779296875,25.229999542236328
2018-10-25,2705.570068359375,11307.1201171875,21268.73046875,84084.0,10124.900390625,24994.4609375,24.219999313354492
2018-10-26,2658.68994140625,11200.6201171875,21184.599609375,85720.0,10030.0,24717.630859375,24.15999984741211
2018-10-29,2641.25,11335.48046875,21149.80078125,83797.0,10250.849609375,24812.0390625,24.700000762939453
2018-10-30,2682.6298828125,11287.3896484375,21457.2890625,86886.0,10198.400390625,24585.529296875,23.350000381469727
2018-10-31,2711.739990234375,11447.509765625,21920.4609375,87424.0,10386.599609375,24979.689453125,21.229999542236328
2018-11-01,2740.3701171875,11468.5400390625,21687.650390625,88419.0,10380.4501953125,25416.0,19.34000015258789
2018-11-02,2723.06005859375,11518.990234375,22243.66015625,,10553.0,26486.349609375,19.510000228881836
2018-11-05,2738.31005859375,11494.9599609375,21898.990234375,89598.0,10524.0,25934.390625,19.959999084472656
2018-11-06,2755.449951171875,11484.33984375,22147.75,88669.0,10530.0,26120.9609375,19.90999984741211
2018-11-07,2813.889892578125,11579.099609375,22085.80078125,87714.0,10598.400390625,26147.689453125,16.360000610351562
2018-11-08,2806.830078125,11527.3203125,22486.919921875,85620.0,,26227.720703125,16.719999313354492
2018-11-09,2781.010009765625,11529.16015625,22250.25,85641.0,10585.2001953125,25601.919921875,17.360000610351562
2018-11-12,2726.219970703125,11325.4404296875,22269.880859375,85525.0,10482.2001953125,25633.1796875,20.450000762939453
2018-11-13,2722.179931640625,11472.2197265625,21810.51953125,84914.0,10582.5,25792.869140625,20.020000457763672
2018-11-14,2701.580078125,11412.5302734375,21846.48046875,85973.0,10576.2998046875,25654.4296875,21.25
2018-11-15,2730.199951171875,11353.669921875,21803.619140625,,10616.7001953125,26103.33984375,19.979999542236328
2018-11-16,2736.27001953125,11341.0,21680.33984375,88515.0,10682.2001953125,26183.529296875,18.139999389648438
2018-11-19,2690.72998046875,11244.5400390625,21821.16015625,87901.0,10763.400390625,26372.0,20.100000381469727
2018-11-20,2641.889892578125,11066.41015625,21583.119140625,,10656.2001953125,25840.33984375,22.479999542236328
2018-11-21,2649.929931640625,11244.169921875,21507.5390625,87269.0,10600.0498046875,25971.470703125,20.799999237060547
2018-11-22,,11138.490234375,21646.55078125,87477.0,10526.75,26019.41015625,
2018-11-23,2632.56005859375,11192.6904296875,,86230.0,,25927.6796875,21.520000457763672
2018-11-26,2673.449951171875,11354.7197265625,21812.0,85547.0,10628.599609375,26376.1796875,18.899999618530273
2018-11-27,2682.169921875,11309.1103515625,21952.400390625,87891.0,10685.599609375,26331.9609375,19.020000457763672
2018-11-28,2743.7900390625,11298.8798828125,22177.01953125,89251.0,10728.849609375,26682.560546875,18.489999771118164
2018-11-29,2737.800048828125,11298.23046875,22262.599609375,89710.0,10858.7001953125,26451.029296875,18.790000915527344
2018-11-30,2760.169921875,11257.240234375,22351.060546875,89504.0,10876.75,26506.75,18.06999969482422
2018-12-03,2790.3701171875,11465.4599609375,22574.759765625,89820.0,10883.75,27182.0390625,16.440000534057617
2018-12-04,2700.06005859375,11335.3203125,22036.05078125,88624.0,10869.5,27260.439453125,20.739999771118164
2018-12-05,,11200.240234375,21919.330078125,89040.0,10782.900390625,26819.6796875,
2018-12-06,2695.949951171875,10810.98046875,21501.619140625,88846.0,10601.150390625,26156.380859375,21.190000534057617
2018-12-07,2633.080078125,10788.08984375,21678.6796875,88115.0,10693.7001953125,26063.759765625,23.229999542236328
2018-12-10,2637.719970703125,10622.0703125,21219.5,85915.0,10488.4501953125,25752.380859375,22.639999389648438
2018-12-11,2636.780029296875,10780.509765625,21148.01953125,86420.0,10549.150390625,25771.669921875,21.760000228881836
2018-12-12,2651.070068359375,10929.4296875,21602.75,86977.0,10737.599609375,26186.7109375,21.459999084472656
2018-12-13,2650.5400390625,10924.7001953125,21816.189453125,87838.0,10791.5498046875,26524.349609375,20.649999618530273
2018-12-14,2599.949951171875,10865.76953125,21374.830078125,87450.0,10805.4501953125,26094.7890625,21.6299991607666
2018-12-17,2545.93994140625,10772.2001953125,21506.880859375,86400.0,10888.349609375,26087.98046875,24.520000457763672
2018-12-18,2546.159912109375,10740.8896484375,21115.44921875,86610.0,10908.7001953125,25814.25,25.579999923706055
2018-12-19,2506.9599609375,10766.2099609375,20987.919921875,85674.0,10967.2998046875,25865.390625,25.579999923706055
2018-12-20,2467.419921875,10611.099609375,20392.580078125,85269.0,10951.7001953125,25623.529296875,28.3799991607666
2018-12-21,2416.6201171875,10633.8203125,20166.189453125,85697.0,10754.0,25753.419921875,30.110000610351562
2018-12-24,2351.10009765625,,,,10663.5,25651.380859375,36.06999969482422
2018-12-25,,,19155.740234375,,,,
2018-12-26,2467.699951171875,,19327.060546875,85136.0,10729.849609375,,30.40999984741211
2018-12-27,2488.830078125,10381.509765625,20077.619140625,85460.0,10779.7998046875,25478.880859375,29.959999084472656
2018-12-28,2485.739990234375,10558.9599609375,20014.76953125,87887.0,10859.900390625,25504.19921875,28.34000015258789
2018-12-31,2506.85009765625,,,,10862.5498046875,25845.69921875,25.420000076293945
2019-01-02,2510.030029296875,10580.1904296875,,91012.0,10792.5,25130.349609375,23.219999313354492
2019-01-03,2447.889892578125,10416.66015625,,91564.0,10672.25,25064.359375,25.450000762939453
2019-01-04,2531.93994140625,10767.6904296875,19561.9609375,91841.0,10727.349609375,25626.029296875,21.3799991607666
2019-01-07,2549.68994140625,10747.8095703125,20038.970703125,91699.0,10771.7998046875,25835.69921875,21.399999618530273
2019-01-08,2574.409912109375,10803.98046875,20204.0390625,92032.0,10802.150390625,25875.44921875,20.469999313354492
2019-01-09,2584.9599609375,10893.3203125,20427.060546875,93613.0,10855.150390625,26462.3203125,19.979999542236328
2019-01-10,2596.639892578125,10921.58984375,20163.80078125,93806.0,10821.599609375,26521.4296875,19.5
2019-01-11,2596.260009765625,10887.4599609375,20359.69921875,93658.0,10794.9501953125,26667.26953125,18.190000534057617
2019-01-14,2582.610107421875,10855.91015625,,94474.0,10737.599609375,26298.330078125,19.06999969482422
2019-01-15,2610.300048828125,10891.7900390625,20555.2890625,94056.0,10886.7998046875,26830.2890625,18.600000381469727
2019-01-16,2616.10009765625,10931.240234375,20442.75,94393.0,10890.2998046875,26902.099609375,19.040000915527344
2019-01-17,2635.9599609375,10918.6201171875,20402.26953125,95351.0,10905.2001953125,26755.630859375,18.059999465942383
2019-01-18,2670.7099609375,11205.5400390625,20666.0703125,96097.0,10906.9501953125,27090.810546875,17.799999237060547
2019-01-21,,11136.2001953125,20719.330078125,96010.0,10961.849609375,27196.5390625,
2019-01-22,2632.89990234375,11090.1103515625,20622.91015625,95103.0,10922.75,27005.44921875,20.799999237060547
2019-01-23,2638.699951171875,11071.5400390625,20593.720703125,96558.0,10831.5,27008.19921875,19.520000457763672
2019-01-24,2642.330078125,11130.1796875,20574.630859375,97677.0,10849.7998046875,27120.98046875,18.889999389648438
2019-01-25,2664.760009765625,11281.7900390625,20773.560546875,,10780.5498046875,27569.189453125,17.420000076293945
2019-01-28,2643.85009765625,11210.3095703125,20649.0,95444.0,10661.5498046875,27576.9609375,18.8700008392334
2019-01-29,2640.0,11218.830078125,20664.640625,95639.0,10652.2001953125,27531.6796875,19.1299991607666
2019-01-30,2681.050048828125,11181.66015625,20556.5390625,96996.0,10651.7998046875,27642.849609375,17.65999984741211
2019-01-31,2704.10009765625,11173.099609375,20773.490234375,97394.0,10830.9501953125,27942.470703125,16.56999969482422
2019-02-01,2706.530029296875,11180.66015625,20788.390625,97861.0,10893.650390625,27930.740234375,16.139999389648438
2019-02-04,2724.8701171875,11176.580078125,20883.76953125,98589.0,10912.25,27990.2109375,15.729999542236328
2019-02-05,2737.699951171875,11367.98046875,20844.44921875,98311.0,10934.349609375,,15.569999694824219
2019-02-06,2731.610107421875,11324.7197265625,20874.060546875,94636.0,11062.4501953125,,15.380000114440918
2019-02-07,2706.050048828125,11022.01953125,20751.279296875,94406.0,11069.400390625,,16.3700008392334
2019-02-08,2707.8798828125,10906.7802734375,20333.169921875,95343.0,10943.599609375,27946.3203125,15.720000267028809
2019-02-11,2709.800048828125,11014.58984375,,94413.0,10888.7998046875,28143.83984375,15.970000267028809
2019-02-12,2744.72998046875,11126.080078125,20864.2109375,96168.0,10831.400390625,28171.330078125,15.430000305175781
2019-02-13,2753.030029296875,11167.2197265625,21144.48046875,95842.0,,28497.58984375,15.649999618530273
2019-02-14,2745.72998046875,11089.7900390625,21139.7109375,98015.0,10746.0498046875,28432.05078125,16.219999313354492
2019-02-15,2775.60009765625,11299.7998046875,20900.630859375,97526.0,10724.400390625,27900.83984375,14.90999984741211
2019-02-18,,11299.2001953125,21281.849609375,96510.0,10640.9501953125,28347.009765625,
2019-02-19,2779.760009765625,11309.2099609375,21302.650390625,97659.0,10604.349609375,28228.130859375,14.880000114440918
2019-02-20,2784.699951171875,11401.9697265625,21431.490234375,96545.0,10735.4501953125,28514.05078125,14.020000457763672
2019-02-21,2774.8798828125,11423.2802734375,21464.23046875,96932.0,10789.849609375,28629.919921875,14.460000038146973
2019-02-22,2792.669921875,11457.7001953125,21425.509765625,97886.0,10791.650390625,28816.30078125,13.510000228881836
2019-02-25,2796.110107421875,11505.3896484375,21528.23046875,97240.0,10880.099609375,28959.30078125,14.850000381469727
2019-02-26,2793.89990234375,11540.7900390625,21449.390625,97603.0,10835.2998046875,28772.060546875,15.170000076293945
2019-02-27,2792.3798828125,11487.330078125,21556.509765625,97307.0,10806.650390625,28757.439453125,14.699999809265137
2019-02-28,2784.489990234375,11515.6396484375,21385.16015625,95584.0,10792.5,28633.1796875,14.779999732971191
2019-03-01,2803.68994140625,11601.6796875,21602.689453125,94604.0,10863.5,28812.169921875,13.569999694824219
2019-03-04,2792.81005859375,11592.66015625,21822.0390625,,,28959.58984375,14.630000114440918
2019-03-05,2789.64990234375,11620.740234375,21726.279296875,,10987.4501953125,28961.599609375,14.739999771118164
2019-03-06,2771.449951171875,11587.6298828125,21596.810546875,94217.0,11053.0,29037.599609375,15.739999771118164
2019-03-07,2748.929931640625,11517.7998046875,21456.009765625,94340.0,11058.2001953125,28779.44921875,16.59000015258789
2019-03-08,2743.070068359375,11457.83984375,21025.560546875,95365.0,11035.400390625,28228.419921875,16.049999237060547
2019-03-11,2783.300048828125,11543.48046875,21125.08984375,98027.0,11168.0498046875,28503.30078125,14.329999923706055
2019-03-12,2791.52001953125,11524.169921875,21503.689453125,97828.0,11301.2001953125,28920.869140625,13.770000457763672
2019-03-13,2810.919921875,11572.41015625,21290.240234375,98904.0,11341.7001953125,28807.44921875,13.40999984741211
2019-03-14,2808.47998046875,11587.4697265625,21287.01953125,98605.0,11343.25,28851.390625,13.5
2019-03-15,2822.47998046875,11685.6904296875,21450.849609375,99137.0,11426.849609375,29012.259765625,12.880000114440918
2019-03-18,2832.93994140625,11657.0595703125,21584.5,99994.0,11462.2001953125,29409.009765625,13.100000381469727
2019-03-19,2832.570068359375,11788.41015625,21566.849609375,99588.0,11532.400390625,29466.279296875,13.5600004196167
2019-03-20,2824.22998046875,11603.8896484375,21608.919921875,98041.0,11521.0498046875,29320.970703125,13.90999984741211
2019-03-21,2854.8798828125,11549.9599609375,,96729.0,,29071.560546875,13.630000114440918
2019-03-22,2800.7099609375,11364.169921875,21627.33984375,93735.0,11456.900390625,29113.359375,16.479999542236328
2019-03-25,2798.360107421875,11346.650390625,20977.109375,93662.0,11354.25,28523.349609375,16.329999923706055
2019-03-26,2818.4599609375,11419.48046875,21428.390625,95307.0,11483.25,28566.91015625,14.680000305175781
2019-03-27,2805.3701171875,11419.0400390625,21378.73046875,91903.0,11445.0498046875,28728.25,15.149999618530273
2019-03-28,2815.43994140625,11428.16015625,21033.759765625,94389.0,11570.0,28775.2109375,14.430000305175781
2019-03-29,2834.39990234375,11526.0400390625,21205.810546875,95415.0,,29051.359375,13.710000038146973
2019-04-01,2867.18994140625,11681.990234375,21509.029296875,96054.0,11669.150390625,29562.01953125,13.399999618530273
2019-04-02,2867.239990234375,11754.7900390625,21505.310546875,95387.0,11713.2001953125,29624.669921875,13.359999656677246
2019-04-03,2873.39990234375,11954.400390625,21713.2109375,94491.0,11643.9501953125,29986.390625,13.739999771118164
2019-04-04,2879.389892578125,11988.009765625,21724.94921875,96313.0,11598.0,29936.3203125,13.579999923706055
2019-04-05,2892.739990234375,12009.75,21807.5,97108.0,11665.9501953125,,12.819999694824219
2019-04-08,2895.77001953125,11963.400390625,21761.650390625,97369.0,11604.5,30077.150390625,13.180000305175781
2019-04-09,2878.199951171875,11850.5703125,21802.58984375,96292.0,11671.9501953125,30157.490234375,14.279999732971191
2019-04-10,2888.2099609375,11905.91015625,21687.5703125,95953.0,11584.2998046875,30119.560546875,13.300000190734863
2019-04-11,2888.320068359375,11935.2001953125,21711.380859375,94755.0,11596.7001953125,29839.44921875,13.020000457763672
2019-04-12,2907.409912109375,11999.9296875,21870.560546875,92875.0,11643.4501953125,29909.759765625,12.010000228881836
2019-04-15,2905.580078125,12020.2802734375,22169.109375,93083.0,11690.349609375,29810.720703125,12.319999694824219
2019-04-16,2907.06005859375,12101.3203125,22221.66015625,94333.0,11787.150390625,30129.869140625,12.180000305175781
2019-04-17,2900.449951171875,12153.0703125,22277.970703125,93285.0,,30124.6796875,12.600000381469727
2019-04-18,2905.030029296875,12222.3896484375,22090.119140625,94578.0,11752.7998046875,29963.259765625,12.09000015258789
2019-04-19,,,22200.560546875,,,,
2019-04-22,2907.969970703125,,22217.900390625,94588.0,11594.4501953125,,12.420000076293945
2019-04-23,2933.679931640625,12235.509765625,22259.740234375,95923.0,11575.9501953125,29963.240234375,12.279999732971191
2019-04-24,2927.25,12313.16015625,22200.0,95045.0,11726.150390625,29805.830078125,13.140000343322754
2019-04-25,2926.169921875,12282.599609375,22307.580078125,96552.0,11641.7998046875,29549.80078125,13.25
2019-04-26,2939.8798828125,12315.1796875,22258.73046875,96236.0,11754.650390625,29605.009765625,12.729999542236328
2019-04-29,2943.030029296875,12328.01953125,,96188.0,,29892.810546875,13.109999656677246
2019-04-30,2945.830078125,12344.080078125,,96353.0,11748.150390625,29699.109375,13.119999885559082
2019-05-01,2923.72998046875,,,,,,14.800000190734863
2019-05-02,2917.52001953125,12345.419921875,,95528.0,11724.75,29944.1796875,14.420000076293945
2019-05-03,2945.639892578125,12412.75,,96008.0,11712.25,30081.55078125,12.869999885559082
2019-05-06,2932.469970703125,12286.8798828125,,95009.0,11598.25,29209.8203125,15.4399995803833
2019-05-07,2884.050048828125,12092.740234375,21923.720703125,94389.0,11497.900390625,29363.01953125,19.31999969482422
2019-05-08,2879.419921875,12179.9296875,21602.58984375,95597.0,11359.4501953125,29003.19921875,19.399999618530273
2019-05-09,2870.719970703125,11973.919921875,21402.130859375,94808.0,11301.7998046875,28311.0703125,19.100000381469727
2019-05-10,2881.39990234375,12059.830078125,21344.919921875,94258.0,11278.900390625,28550.240234375,16.040000915527344
2019-05-13,2811.8701171875,11876.650390625,21191.279296875,91727.0,11148.2001953125,,20.549999237060547
2019-05-14,2834.409912109375,11991.6201171875,21067.23046875,92092.0,11222.0498046875,28122.01953125,18.059999465942383
2019-05-15,2850.9599609375,12099.5703125,21188.560546875,91623.0,11157.0,28268.7109375,16.440000534057617
2019-05-16,2876.320068359375,12310.3701171875,21062.98046875,90024.0,11257.099609375,28275.0703125,15.289999961853027
2019-05-17,2859.530029296875,12238.9404296875,21250.08984375,89993.0,11407.150390625,27946.4609375,15.960000038146973
2019-05-20,2840.22998046875,12041.2900390625,21301.73046875,91946.0,11828.25,27787.609375,16.309999465942383
2019-05-21,2864.360107421875,12143.4697265625,21272.44921875,94485.0,11709.099609375,27657.240234375,14.949999809265137
2019-05-22,2856.27001953125,12168.740234375,21283.369140625,94361.0,11737.900390625,27705.939453125,14.75
2019-05-23,2822.239990234375,11952.41015625,21151.140625,93910.0,11657.0498046875,27267.130859375,16.920000076293945
2019-05-24,2826.06005859375,12011.0400390625,21117.220703125,93628.0,11844.099609375,27353.9296875,15.850000381469727
2019-05-27,,12071.1796875,21182.580078125,94864.0,11924.75,27288.08984375,
2019-05-28,2802.389892578125,12027.0498046875,21260.140625,96393.0,11928.75,27390.810546875,17.5
2019-05-29,2783.02001953125,11837.8095703125,21003.369140625,96567.0,11861.099609375,27235.7109375,17.899999618530273
2019-05-30,2788.860107421875,11902.080078125,20942.529296875,97457.0,11945.900390625,27114.880859375,17.299999237060547
2019-05-31,2752.06005859375,11726.83984375,20601.189453125,97030.0,11922.7998046875,26901.08984375,18.709999084472656
2019-06-03,2744.449951171875,11792.8095703125,20410.880859375,97020.0,12088.5498046875,26893.859375,18.860000610351562
2019-06-04,2803.27001953125,11971.169921875,20408.5390625,97380.0,12021.650390625,26761.51953125,16.969999313354492
2019-06-05,2826.14990234375,11980.8095703125,20776.099609375,95999.0,,26895.439453125,16.09000015258789
2019-06-06,2843.489990234375,11953.1396484375,20774.0390625,97205.0,11843.75,26965.279296875,15.930000305175781
2019-06-07,2873.340087890625,12045.3798828125,20884.7109375,97821.0,11870.650390625,,16.299999237060547
2019-06-10,2886.72998046875,,21134.419921875,97467.0,11922.7001953125,27578.640625,15.9399995803833
2019-06-11,2885.719970703125,12155.8095703125,21204.279296875,98960.0,11965.599609375,27789.33984375,15.989999771118164
2019-06-12,2879.840087890625,12115.6796875,21129.720703125,98321.0,11906.2001953125,27308.4609375,15.90999984741211
2019-06-13,2891.639892578125,12169.0498046875,21032.0,98774.0,11914.0498046875,27294.7109375,15.819999694824219
2019-06-14,2886.97998046875,12096.400390625,21116.890625,98040.0,11823.2998046875,27118.349609375,15.279999732971191
2019-06-17,2889.669921875,12085.8203125,21124.0,97623.0,11672.150390625,27227.16015625,15.350000381469727
2019-06-18,2917.75,12331.75,20972.7109375,99404.0,11691.5,27498.76953125,15.149999618530273
2019-06-19,2926.4599609375,12308.5302734375,21333.869140625,100303.0,11691.4501953125,28202.140625,14.329999923706055
2019-06-20,2954.179931640625,12355.3896484375,21462.859375,,11831.75,28550.4296875,14.75
2019-06-21,2950.4599609375,12339.919921875,21258.640625,102013.0,11724.099609375,28473.7109375,15.399999618530273
2019-06-24,2945.35009765625,12274.5703125,21285.990234375,102062.0,11699.650390625,28513.0,15.260000228881836
2019-06-25,2917.3798828125,12228.4404296875,21193.810546875,100093.0,11796.4501953125,28185.98046875,16.280000686645508
2019-06-26,2913.780029296875,12245.3203125,21086.58984375,100689.0,11847.5498046875,28221.98046875,16.209999084472656
2019-06-27,2924.919921875,12271.0302734375,21338.169921875,100724.0,11841.5498046875,28621.419921875,15.819999694824219
2019-06-28,2941.760009765625,12398.7998046875,21275.919921875,100967.0,11788.849609375,28542.619140625,15.079999923706055
2019-07-01,2964.330078125,12521.3798828125,21729.970703125,101340.0,11865.599609375,,14.0600004196167
2019-07-02,2973.010009765625,12526.7197265625,21754.26953125,100605.0,11910.2998046875,28875.560546875,12.930000305175781
2019-07-03,2995.820068359375,12616.240234375,21638.16015625,102043.0,11916.75,28855.140625,12.569999694824219
2019-07-04,,12629.900390625,21702.44921875,103636.0,11946.75,28795.76953125,
2019-07-05,2990.409912109375,12568.5302734375,21746.380859375,104089.0,11811.150390625,28774.830078125,13.279999732971191
2019-07-08,2975.949951171875,12543.509765625,21534.349609375,104530.0,11558.599609375,28331.689453125,13.960000038146973
2019-07-09,2979.6298828125,12436.5498046875,21565.150390625,,11555.900390625,28116.279296875,14.09000015258789
2019-07-10,2993.070068359375,12373.41015625,21533.48046875,105817.0,11498.900390625,28204.689453125,13.029999732971191
2019-07-11,2999.909912109375,12332.1201171875,21643.529296875,105146.0,11582.900390625,28431.80078125,12.930000305175781
2019-07-12,3013.77001953125,12323.3203125,21685.900390625,103906.0,11552.5,28471.619140625,12.390000343322754
2019-07-15,3014.300048828125,12387.33984375,,103803.0,11588.349609375,28554.880859375,12.680000305175781
2019-07-16,3004.0400390625,12430.9697265625,21535.25,103775.0,11662.599609375,28619.619140625,12.859999656677246
2019-07-17,2984.419921875,12341.0302734375,21469.1796875,103856.0,11687.5,28593.169921875,13.970000267028809
2019-07-18,2995.110107421875,12227.849609375,21046.240234375,104717.0,11596.900390625,28461.66015625,13.529999732971191
2019-07-19,2976.610107421875,12260.0703125,21466.990234375,103452.0,11419.25,28765.400390625,14.449999809265137
2019-07-22,2985.030029296875,12289.400390625,21416.7890625,103949.0,11346.2001953125,28371.259765625,13.529999732971191
2019-07-23,3005.469970703125,12490.740234375,21620.880859375,103704.0,11331.0498046875,28466.48046875,12.609999656677246
2019-07-24,3019.56005859375,12522.8896484375,21709.5703125,104120.0,11271.2998046875,28524.0390625,12.069999694824219
2019-07-25,3003.669921875,12362.099609375,21756.55078125,102655.0,11252.150390625,28594.30078125,12.739999771118164
2019-07-26,3025.860107421875,12419.900390625,21658.150390625,102819.0,11284.2998046875,28397.740234375,12.15999984741211
2019-07-29,3020.969970703125,12417.4697265625,21616.80078125,103483.0,11189.2001953125,28106.41015625,12.829999923706055
2019-07-30,3013.179931640625,12147.240234375,21709.310546875,102933.0,11085.400390625,28146.5,13.9399995803833
2019-07-31,2980.3798828125,12189.0400390625,21521.529296875,101812.0,11118.0,27777.75,16.1200008392334
2019-08-01,2953.56005859375,12253.150390625,21540.990234375,102126.0,10980.0,27565.69921875,17.8700008392334
2019-08-02,2932.050048828125,11872.4404296875,21087.16015625,102674.0,10997.349609375,26918.580078125,17.610000610351562
2019-08-05,2844.739990234375,11658.509765625,20720.2890625,100098.0,10862.599609375,26151.3203125,24.59000015258789
2019-08-06,2881.77001953125,11567.9599609375,20585.310546875,102164.0,10948.25,25976.240234375,20.170000076293945
2019-08-07,2883.97998046875,11650.150390625,20516.560546875,102782.0,10855.5,25997.029296875,19.489999771118164
2019-08-08,2938.090087890625,11845.41015625,20593.349609375,104115.0,11032.4501953125,26120.76953125,16.90999984741211
2019-08-09,2918.64990234375,11693.7998046875,20684.8203125,103996.0,11109.650390625,25939.30078125,17.969999313354492
2019-08-12,2882.699951171875,11679.6796875,,101915.0,,25824.720703125,21.09000015258789
2019-08-13,2926.320068359375,11750.1298828125,20455.439453125,103299.0,10925.849609375,25281.30078125,17.520000457763672
2019-08-14,2840.60009765625,11492.66015625,20655.130859375,100258.0,11029.400390625,25302.279296875,22.100000381469727
2019-08-15,2847.60009765625,11412.669921875,20405.650390625,99057.0,,25495.4609375,21.18000030517578
2019-08-16,2888.679931640625,11562.740234375,20418.810546875,99806.0,11047.7998046875,25734.220703125,18.469999313354492
2019-08-19,2923.64990234375,11715.3701171875,20563.16015625,99469.0,11053.900390625,26291.83984375,16.8799991607666
2019-08-20,2900.510009765625,11651.1796875,20677.220703125,99222.0,11017.0,26231.5390625,17.5
2019-08-21,2924.429931640625,11802.849609375,20618.5703125,101202.0,10918.7001953125,26270.0390625,15.800000190734863
2019-08-22,2922.949951171875,11747.0400390625,20628.009765625,100011.0,10741.349609375,26048.720703125,16.68000030517578
2019-08-23,2847.110107421875,11611.509765625,20710.91015625,97667.0,10829.349609375,26179.330078125,19.8700008392334
2019-08-26,2878.3798828125,11658.0400390625,20261.0390625,96430.0,11057.849609375,25680.330078125,19.31999969482422
2019-08-27,2869.159912109375,11730.01953125,20456.080078125,97276.0,11105.349609375,25664.0703125,20.309999465942383
2019-08-28,2887.93994140625,11701.01953125,20479.419921875,98194.0,11046.099609375,25615.48046875,19.350000381469727
2019-08-29,2924.580078125,11838.8798828125,20460.9296875,100524.0,10948.2998046875,25703.5,17.8799991607666
2019-08-30,2926.4599609375,11939.2802734375,20704.369140625,101135.0,11023.25,25724.73046875,18.979999542236328
2019-09-02,,11953.7802734375,20620.189453125,100626.0,,25626.55078125,
2019-09-03,2906.27001953125,11910.8603515625,20625.16015625,99681.0,10797.900390625,25527.849609375,19.65999984741211
2019-09-04,2937.780029296875,12025.0400390625,20649.140625,101201.0,10844.650390625,26523.23046875,17.329999923706055
2019-09-05,2976.0,12126.7802734375,21085.939453125,102243.0,10847.900390625,26515.529296875,16.270000457763672
2019-09-06,2978.7099609375,12191.73046875,21199.5703125,102935.0,10946.2001953125,26690.759765625,15.0
2019-09-09,2978.429931640625,12226.099609375,21318.419921875,103181.0,11003.0498046875,26681.400390625,15.270000457763672
2019-09-10,2979.389892578125,12268.7099609375,21392.099609375,103032.0,,26683.6796875,15.199999809265137
2019-09-11,3000.929931640625,12359.0703125,21597.759765625,103446.0,11035.7001953125,27159.060546875,14.609999656677246
2019-09-12,3009.570068359375,12410.25,21759.609375,104371.0,10982.7998046875,27087.630859375,14.220000267028809
2019-09-13,3007.389892578125,12468.5302734375,21988.2890625,103501.0,11075.900390625,27352.689453125,13.739999771118164
2019-09-16,2997.9599609375,12380.3095703125,,103680.0,11003.5,27124.55078125,14.670000076293945
2019-09-17,3005.699951171875,12372.6103515625,22001.3203125,104617.0,10817.599609375,26790.240234375,14.4399995803833
2019-09-18,3006.72998046875,12389.6201171875,21960.7109375,104532.0,10840.650390625,26754.119140625,13.949999809265137
2019-09-19,3006.7900390625,12457.7001953125,22044.44921875,104339.0,10704.7998046875,26468.94921875,14.050000190734863
2019-09-20,2992.070068359375,12468.009765625,22079.08984375,104817.0,11274.2001953125,26435.669921875,15.319999694824219
2019-09-23,2991.780029296875,12342.330078125,,104638.0,11600.2001953125,26222.400390625,14.90999984741211
2019-09-24,2966.60009765625,12307.150390625,22098.83984375,103876.0,11588.2001953125,26281.0,17.049999237060547
2019-09-25,2984.8701171875,12234.1796875,22020.150390625,104481.0,11440.2001953125,25945.349609375,15.960000038146973
2019-09-26,2977.6201171875,12288.5400390625,22048.240234375,105319.0,11571.2001953125,26041.9296875,16.06999969482422
2019-09-27,2961.7900390625,12380.9404296875,21878.900390625,105078.0,11512.400390625,25954.810546875,17.219999313354492
2019-09-30,2976.739990234375,12428.080078125,21755.83984375,104745.0,11474.4501953125,26092.26953125,16.239999771118164
2019-10-01,2940.25,12263.830078125,21885.240234375,104053.0,11359.900390625,,18.559999465942383
2019-10-02,2887.610107421875,11925.25,21778.609375,101031.0,,26042.689453125,20.559999465942383
2019-10-03,2910.6298828125,,21341.740234375,101516.0,11314.0,26110.310546875,19.1200008392334
2019-10-04,2952.010009765625,12012.8095703125,21410.19921875,102551.0,11174.75,25821.029296875,17.040000915527344
2019-10-07,2938.7900390625,12097.4296875,21375.25,100573.0,11126.400390625,,17.860000610351562
2019-10-08,2893.06005859375,11970.2001953125,21587.779296875,99981.0,,25893.400390625,20.280000686645508
2019-10-09,2919.39990234375,12094.259765625,21456.380859375,101249.0,11313.2998046875,25682.810546875,18.639999389648438
2019-10-10,2938.1298828125,12164.2001953125,21551.98046875,101817.0,11234.5498046875,25707.9296875,17.56999969482422
2019-10-11,2970.27001953125,12511.650390625,21798.869140625,103832.0,11305.0498046875,26308.439453125,15.579999923706055
2019-10-14,2966.14990234375,12486.5595703125,,104302.0,11341.150390625,26521.849609375,14.569999694824219
2019-10-15,2995.679931640625,12629.7900390625,22207.2109375,104490.0,11428.2998046875,26503.9296875,13.539999961853027
2019-10-16,2989.68994140625,12670.1103515625,22472.919921875,105423.0,11464.0,26664.279296875,13.680000305175781
2019-10-17,2997.949951171875,12654.9501953125,22451.859375,105016.0,11586.349609375,26848.490234375,13.789999961853027
2019-10-18,2986.199951171875,12633.599609375,22492.6796875,104729.0,11661.849609375,26719.580078125,14.25
2019-10-21,3006.719970703125,12747.9599609375,22548.900390625,106022.0,,26725.6796875,14.0
2019-10-22,2995.989990234375,12754.6904296875,,107381.0,11588.349609375,26786.19921875,14.460000038146973
2019-10-23,3004.52001953125,12798.1904296875,22625.380859375,107544.0,11604.099609375,26566.73046875,14.010000228881836
2019-10-24,3010.2900390625,12872.099609375,22750.599609375,106986.0,11582.599609375,26797.94921875,13.710000038146973
2019-10-25,3022.550048828125,12894.509765625,22799.810546875,107364.0,11583.900390625,26667.390625,12.649999618530273
2019-10-28,3039.419921875,12941.7099609375,22867.26953125,108187.0,,26891.259765625,13.109999656677246
2019-10-29,3036.889892578125,12939.6201171875,22974.130859375,107556.0,11786.849609375,26786.759765625,13.199999809265137
2019-10-30,3046.77001953125,12910.23046875,22843.119140625,108408.0,11844.099609375,26667.7109375,12.329999923706055
2019-10-31,3037.56005859375,12866.7900390625,22927.0390625,107220.0,11877.4501953125,26906.720703125,13.220000267028809
2019-11-01,3066.909912109375,12961.0498046875,22850.76953125,108196.0,11890.599609375,27100.759765625,12.300000190734863
2019-11-04,3078.27001953125,13136.2802734375,,108601.0,11941.2998046875,27547.30078125,12.829999923706055
2019-11-05,3074.6201171875,13148.5,23251.990234375,108451.0,11917.2001953125,27683.400390625,13.100000381469727
2019-11-06,3076.780029296875,13179.8896484375,23303.8203125,108336.0,11966.0498046875,27688.640625,12.619999885559082
2019-11-07,3085.179931640625,13289.4599609375,23330.3203125,109581.0,12012.0498046875,27847.23046875,12.729999542236328
2019-11-08,3093.080078125,13228.5595703125,23391.869140625,107629.0,11908.150390625,27651.140625,12.069999694824219
2019-11-11,3087.010009765625,13198.3701171875,23331.83984375,108215.0,11913.4501953125,26926.55078125,12.6899995803833
2019-11-12,3091.840087890625,13283.509765625,23520.009765625,106785.0,,27065.279296875,12.680000305175781
2019-11-13,3094.0400390625,13230.0703125,23319.869140625,105914.0,11840.4501953125,26571.4609375,13.0
2019-11-14,3096.6298828125,13180.23046875,23141.55078125,106557.0,11872.099609375,26323.689453125,13.050000190734863
2019-11-15,3120.4599609375,13241.75,23303.3203125,,11895.4501953125,26326.66015625,12.050000190734863
2019-11-18,3122.030029296875,13207.009765625,23416.759765625,106347.0,11884.5,26681.08984375,12.460000038146973
2019-11-19,3120.179931640625,13221.1201171875,23292.650390625,105618.0,11940.099609375,27093.80078125,12.859999656677246
2019-11-20,3108.4599609375,13158.1396484375,23148.5703125,,11999.099609375,26889.609375,12.779999732971191
2019-11-21,3103.5400390625,13137.7001953125,23038.580078125,107497.0,11968.400390625,26466.880859375,13.130000114440918
2019-11-22,3110.2900390625,13163.8798828125,23112.880859375,108692.0,11914.400390625,26595.080078125,12.34000015258789
2019-11-25,3133.639892578125,13246.4501953125,23292.810546875,108424.0,12073.75,26993.0390625,11.869999885559082
2019-11-26,3140.52001953125,13236.419921875,23373.3203125,107059.0,12037.7001953125,26913.919921875,11.539999961853027
2019-11-27,3153.6298828125,13287.0703125,23437.76953125,107708.0,12100.7001953125,26954.0,11.75
2019-11-28,,13245.580078125,23409.140625,108290.0,12151.150390625,26893.73046875,
2019-11-29,3140.97998046875,13236.3798828125,23293.91015625,108233.0,12056.0498046875,26346.490234375,12.619999885559082
2019-12-02,3113.8701171875,12964.6796875,23529.5,109061.0,12048.2001953125,26444.720703125,14.90999984741211
2019-12-03,3093.199951171875,12989.2900390625,23379.810546875,108956.0,11994.2001953125,26391.30078125,15.960000038146973
2019-12-04,3112.760009765625,13140.5703125,23135.23046875,110301.0,12043.2001953125,26062.560546875,14.800000190734863
2019-12-05,3117.429931640625,13054.7998046875,23300.08984375,110622.0,12018.400390625,26217.0390625,14.520000457763672
2019-12-06,3145.909912109375,13166.580078125,23354.400390625,111126.0,11921.5,26498.369140625,13.619999885559082
2019-12-09,3135.9599609375,13105.6103515625,23430.69921875,110977.0,11937.5,26494.73046875,15.859999656677246
2019-12-10,3132.52001953125,13070.7197265625,23410.189453125,110672.0,11856.7998046875,26436.619140625,15.680000305175781
2019-12-11,3141.6298828125,13146.740234375,23391.859375,110964.0,11910.150390625,26645.4296875,14.989999771118164
2019-12-12,3168.570068359375,13221.6396484375,23424.810546875,112200.0,11971.7998046875,26994.140625,13.9399995803833
2019-12-13,3168.800048828125,13282.7197265625,24023.099609375,112565.0,12086.7001953125,27687.759765625,12.630000114440918
2019-12-16,3191.449951171875,13407.66015625,23952.349609375,111896.0,12053.9501953125,27508.08984375,12.140000343322754
2019-12-17,3192.52001953125,13287.830078125,24066.119140625,112616.0,12165.0,27843.7109375,12.289999961853027
2019-12-18,3191.139892578125,13222.16015625,23934.4296875,114315.0,12221.650390625,27884.2109375,12.579999923706055
2019-12-19,3205.3701171875,13211.9599609375,23864.849609375,115131.0,12259.7001953125,27800.490234375,12.5
2019-12-20,3221.219970703125,13318.900390625,23816.630859375,115121.0,12271.7998046875,27871.349609375,12.510000228881836
2019-12-23,3224.010009765625,13300.98046875,23821.109375,115863.0,12262.75,27906.41015625,12.609999656677246
2019-12-24,3223.3798828125,,23830.580078125,,12214.5498046875,27864.2109375,12.670000076293945
2019-12-25,,,23782.869140625,,,,
2019-12-26,3239.909912109375,,23924.919921875,117203.0,12126.5498046875,,12.649999618530273
2019-12-27,3240.02001953125,13337.1103515625,23837.720703125,116534.0,12245.7998046875,28225.419921875,13.430000305175781
2019-12-30,3221.2900390625,13249.009765625,23656.619140625,115964.0,12255.849609375,28319.390625,14.819999694824219
2019-12-31,3230.780029296875,,,,12168.4501953125,28189.75,13.779999732971191
2020-01-01,,,,,12182.5,,
2020-01-02,3257.85009765625,13385.9296875,,118573.0,12282.2001953125,28543.51953125,12.470000267028809
2020-01-03,3234.85009765625,13219.1396484375,,117707.0,12226.650390625,28451.5,14.020000457763672
2020-01-06,3246.280029296875,13126.990234375,23204.859375,116878.0,11993.0498046875,28226.189453125,13.850000381469727
2020-01-07,3237.179931640625,13226.830078125,23575.720703125,116662.0,12052.9501953125,28322.060546875,13.789999961853027
2020-01-08,3253.050048828125,13320.1796875,23204.759765625,116247.0,12025.349609375,28087.919921875,13.449999809265137
2020-01-09,3274.699951171875,13495.0595703125,23739.869140625,115947.0,12215.900390625,28561.0,12.539999961853027
2020-01-10,3265.35009765625,13483.3095703125,23850.5703125,115503.0,12256.7998046875,28638.19921875,12.5600004196167
2020-01-13,3288.1298828125,13451.51953125,,117325.0,12329.5498046875,28954.939453125,12.319999694824219
2020-01-14,3283.14990234375,13456.490234375,24025.169921875,117632.0,12362.2998046875,28885.140625,12.390000343322754
2020-01-15,3289.2900390625,13432.2998046875,23916.580078125,116414.0,12343.2998046875,28773.58984375,12.420000076293945
2020-01-16,3316.81005859375,13429.4296875,23933.130859375,116704.0,12355.5,28883.0390625,12.319999694824219
2020-01-17,3329.6201171875,13526.1298828125,24041.259765625,118478.0,12352.349609375,29056.419921875,12.100000381469727
2020-01-20,,13548.9404296875,24083.509765625,118862.0,12224.5498046875,28795.91015625,
2020-01-21,3320.7900390625,13555.8701171875,23864.560546875,117026.0,12169.849609375,27985.330078125,12.850000381469727
2020-01-22,3321.75,13515.75,24031.349609375,118391.0,12106.900390625,28341.0390625,12.90999984741211
2020-01-23,3325.5400390625,13388.419921875,23795.439453125,119528.0,12180.349609375,27909.119140625,12.979999542236328
2020-01-24,3295.469970703125,13576.6796875,23827.1796875,118376.0,12248.25,27949.640625,14.5600004196167
2020-01-27,3243.6298828125,13204.76953125,23343.509765625,114482.0,12119.0,,18.229999542236328
2020-01-28,3276.239990234375,13323.6904296875,23215.7109375,116479.0,12055.7998046875,,16.280000686645508
2020-01-29,3273.39990234375,13345.0,23379.400390625,115385.0,12129.5,27160.630859375,16.389999389648438
2020-01-30,3283.659912109375,13157.1201171875,22977.75,115528.0,12035.7998046875,26449.130859375,15.489999771118164
2020-01-31,3225.52001953125,12981.9697265625,23205.1796875,113761.0,11962.099609375,26312.630859375,18.84000015258789
2020-02-03,3248.919921875,13045.1904296875,22971.939453125,114629.0,11707.900390625,26356.98046875,17.969999313354492
2020-02-04,3297.590087890625,13281.740234375,23084.58984375,115557.0,11979.650390625,26675.98046875,16.049999237060547
2020-02-05,3334.68994140625,13478.330078125,23319.560546875,116028.0,12089.150390625,26786.740234375,15.149999618530273
2020-02-06,3345.780029296875,13574.8203125,23873.58984375,115190.0,12137.9501953125,27493.69921875,14.960000038146973
2020-02-07,3327.7099609375,13513.8095703125,23827.98046875,113770.0,12098.349609375,27404.26953125,15.470000267028809
2020-02-10,3352.090087890625,13494.0302734375,23685.98046875,112570.0,12031.5,27241.33984375,15.039999961853027
2020-02-11,3357.75,13627.83984375,,115371.0,12107.900390625,27583.880859375,15.180000305175781
2020-02-12,3379.449951171875,13749.7802734375,23861.2109375,116674.0,12201.2001953125,27823.66015625,13.739999771118164
2020-02-13,3373.93994140625,13745.4296875,23827.73046875,115662.0,12174.650390625,27730.0,14.149999618530273
2020-02-14,3380.159912109375,13744.2099609375,23687.58984375,114381.0,12113.4501953125,27815.599609375,13.680000305175781
2020-02-17,,13783.8896484375,23523.240234375,115309.0,12045.7998046875,27959.599609375,
2020-02-18,3370.2900390625,13681.1904296875,23193.80078125,114977.0,11992.5,27530.19921875,14.829999923706055
2020-02-19,3386.14990234375,13789.0,23400.69921875,116518.0,12125.900390625,27655.810546875,14.380000114440918
2020-02-20,3373.22998046875,13664.0,23479.150390625,114586.0,12080.849609375,27609.16015625,15.5600004196167
2020-02-21,3337.75,13579.330078125,23386.740234375,113681.0,,27308.810546875,17.079999923706055
2020-02-24,3225.889892578125,13035.240234375,,,11829.400390625,26820.880859375,25.030000686645508
2020-02-25,3128.2099609375,12790.490234375,22605.41015625,,11797.900390625,26893.23046875,27.850000381469727
2020-02-26,3116.389892578125,12774.8798828125,22426.189453125,105718.0,11678.5,26696.490234375,27.559999465942383
2020-02-27,2978.760009765625,12367.4599609375,21948.23046875,102984.0,11633.2998046875,26778.619140625,39.15999984741211
2020-02-28,2954.219970703125,11890.349609375,21142.9609375,104172.0,11201.75,26129.9296875,40.11000061035156
2020-03-02,3090.22998046875,11857.8701171875,21344.080078125,106625.0,11132.75,26291.6796875,33.41999816894531
2020-03-03,3003.3701171875,11985.3896484375,21082.73046875,105537.0,11303.2998046875,26284.8203125,36.81999969482422
2020-03-04,3130.1201171875,12127.6904296875,21100.060546875,107224.0,11251.0,26222.0703125,31.989999771118164
2020-03-05,3023.93994140625,11944.7197265625,21329.119140625,102233.0,11269.0,26767.869140625,39.619998931884766
2020-03-06,2972.3701171875,11541.8701171875,20749.75,97997.0,10989.4501953125,26146.669921875,41.939998626708984
2020-03-09,2746.56005859375,10625.01953125,19698.759765625,86067.0,10451.4501953125,25040.4609375,54.459999084472656
2020-03-10,2882.22998046875,10475.490234375,19867.119140625,92214.0,,25392.509765625,47.29999923706055
2020-03-11,2741.3798828125,10438.6796875,19416.060546875,85171.0,10458.400390625,25231.609375,53.900001525878906
2020-03-12,2480.639892578125,9161.1298828125,18559.630859375,72583.0,9590.150390625,24309.0703125,75.47000122070312
2020-03-13,2711.02001953125,9232.080078125,17431.05078125,82678.0,9955.2001953125,24032.91015625,57.83000183105469
2020-03-16,2386.1298828125,8742.25,17002.0390625,71168.0,9197.400390625,23063.5703125,82.69000244140625
2020-03-17,2529.18994140625,8939.099609375,17011.529296875,74617.0,8967.0498046875,23263.73046875,75.91000366210938
2020-03-18,2398.10009765625,8441.7099609375,16726.55078125,66895.0,8468.7998046875,22291.8203125,76.44999694824219
2020-03-19,2409.389892578125,8610.4296875,16552.830078125,68332.0,8263.4501953125,21709.130859375,72.0
2020-03-20,2304.919921875,8928.9501953125,,67069.0,8745.4501953125,22805.0703125,66.04000091552734
2020-03-23,2237.39990234375,8741.150390625,16887.779296875,63570.0,7610.25,21696.130859375,61.59000015258789
2020-03-24,2447.330078125,9700.5703125,18092.349609375,69729.0,7801.0498046875,22663.490234375,61.66999816894531
2020-03-25,2475.56005859375,9874.259765625,19546.630859375,74956.0,8317.849609375,23527.189453125,63.95000076293945
2020-03-26,2630.070068359375,10000.9599609375,18664.599609375,77710.0,8641.4501953125,23352.33984375,61.0
2020-03-27,2541.469970703125,9632.51953125,19389.4296875,73429.0,8660.25,23484.279296875,65.54000091552734
2020-03-30,2626.64990234375,9815.9697265625,19084.970703125,74640.0,8281.099609375,23175.109375,57.08000183105469
2020-03-31,2584.590087890625,9935.83984375,18917.009765625,73020.0,8597.75,23603.48046875,53.540000915527344
2020-04-01,2470.5,9544.75,18065.41015625,70967.0,8253.7998046875,23085.7890625,57.060001373291016
2020-04-02,2526.89990234375,9570.8203125,17818.720703125,72253.0,,23280.060546875,50.90999984741211
2020-04-03,2488.64990234375,9525.76953125,17820.189453125,69538.0,8083.7998046875,23236.109375,46.79999923706055
2020-04-06,2663.679931640625,10075.169921875,18576.30078125,74073.0,,23749.119140625,45.2400016784668
2020-04-07,2659.409912109375,10356.7001953125,18950.1796875,76358.0,8792.2001953125,24253.2890625,46.70000076293945
2020-04-08,2749.97998046875,10332.8896484375,19353.240234375,78625.0,8748.75,23970.369140625,43.349998474121094
2020-04-09,2789.820068359375,10564.740234375,19345.76953125,77682.0,9111.900390625,24300.330078125,41.66999816894531
2020-04-10,,,19498.5,,,,
2020-04-13,2761.6298828125,,19043.400390625,78836.0,8993.849609375,,41.16999816894531
2020-04-14,2846.06005859375,10696.5595703125,19638.810546875,79918.0,,24435.400390625,37.7599983215332
2020-04-15,2783.360107421875,10279.759765625,19550.08984375,78831.0,8925.2998046875,24145.33984375,40.84000015258789
2020-04-16,2799.550048828125,10301.5400390625,19290.19921875,77812.0,8992.7998046875,24006.44921875,40.11000061035156
2020-04-17,2874.56005859375,10625.7802734375,19897.259765625,78990.0,9266.75,24380.0,38.150001525878906
2020-04-20,2823.159912109375,10675.900390625,19669.119140625,78973.0,9261.849609375,24330.01953125,43.83000183105469
2020-04-21,2736.56005859375,10249.849609375,19280.779296875,,8981.4501953125,23793.55078125,45.40999984741211
2020-04-22,2799.31005859375,10415.0302734375,19137.94921875,80687.0,9187.2998046875,23893.359375,41.97999954223633
2020-04-23,2797.800048828125,10513.7900390625,19429.439453125,79673.0,9313.900390625,23977.3203125,41.380001068115234
2020-04-24,2836.739990234375,10336.08984375,19262.0,75331.0,9154.400390625,23831.330078125,35.93000030517578
2020-04-27,2878.47998046875,10659.990234375,19783.220703125,78239.0,9282.2998046875,24280.140625,33.290000915527344
2020-04-28,2863.389892578125,10795.6298828125,19771.189453125,81312.0,9380.900390625,24575.9609375,33.56999969482422
2020-04-29,2939.510009765625,11107.740234375,,83171.0,9553.349609375,24643.58984375,31.229999542236328
2020-04-30,2912.429931640625,10861.6396484375,20193.689453125,80506.0,9859.900390625,,34.150001525878906
2020-05-01,2830.7099609375,,19619.349609375,,,,37.189998626708984
2020-05-04,2842.739990234375,10466.7998046875,,78876.0,9293.5,23613.80078125,35.970001220703125
2020-05-05,2868.43994140625,10729.4599609375,,79471.0,9205.599609375,23868.66015625,33.61000061035156
2020-05-06,2848.419921875,10606.2001953125,,79064.0,9270.900390625,24137.48046875,34.119998931884766
2020-05-07,2881.18994140625,10759.26953125,19674.76953125,78119.0,9199.0498046875,23980.630859375,31.440000534057617
2020-05-08,2929.800048828125,10904.48046875,20179.08984375,80263.0,9251.5,24230.169921875,27.979999542236328
2020-05-11,2930.18994140625,10824.990234375,20390.66015625,79065.0,9239.2001953125,24602.060546875,27.56999969482422
2020-05-12,2870.1201171875,10819.5,20366.48046875,77872.0,9196.5498046875,24245.6796875,33.040000915527344
2020-05-13,2820.0,10542.66015625,20267.05078125,77772.0,9383.5498046875,24180.30078125,35.279998779296875
2020-05-14,2852.5,10337.01953125,19914.779296875,79011.0,9142.75,23829.740234375,32.61000061035156
2020-05-15,2863.699951171875,10465.169921875,20037.470703125,77557.0,9136.849609375,23797.470703125,31.889999389648438
2020-05-18,2953.909912109375,11058.8701171875,20133.73046875,81194.0,8823.25,23934.76953125,29.299999237060547
2020-05-19,2922.93994140625,11075.2900390625,20433.44921875,80742.0,8879.099609375,24388.130859375,30.530000686645508
2020-05-20,2971.610107421875,11223.7099609375,20595.150390625,81319.0,9066.5498046875,24399.94921875,27.989999771118164
2020-05-21,2948.510009765625,11065.9296875,20552.310546875,83027.0,9106.25,24280.029296875,29.530000686645508
2020-05-22,2955.449951171875,11073.8701171875,20388.16015625,82173.0,9039.25,22930.140625,28.15999984741211
2020-05-25,,11391.2802734375,20741.650390625,85663.0,,22952.240234375,
2020-05-26,2991.77001953125,11504.650390625,21271.169921875,85469.0,9029.0498046875,23384.66015625,28.010000228881836
2020-05-27,3036.1298828125,11657.6904296875,21419.23046875,87946.0,9314.9501953125,23301.359375,27.6200008392334
2020-05-28,3029.72998046875,11781.1298828125,21916.310546875,86949.0,9490.099609375,23132.759765625,28.59000015258789
2020-05-29,3044.31005859375,11586.849609375,21877.890625,87403.0,9580.2998046875,22961.470703125,27.510000228881836
2020-06-01,3055.72998046875,,22062.390625,88620.0,9826.150390625,23732.51953125,28.229999542236328
2020-06-02,3080.820068359375,12021.2802734375,22325.609375,91046.0,9979.099609375,23995.939453125,26.84000015258789
2020-06-03,3122.8701171875,12487.3603515625,22613.759765625,93002.0,10061.5498046875,24325.619140625,25.65999984741211
2020-06-04,3112.35009765625,12430.5595703125,22695.740234375,93829.0,10029.099609375,24366.30078125,25.809999465942383
2020-06-05,3193.929931640625,12847.6796875,22863.73046875,94637.0,10142.150390625,24770.41015625,24.520000457763672
2020-06-08,3232.389892578125,12819.58984375,23178.099609375,97645.0,10167.4501953125,24776.76953125,25.809999465942383
2020-06-09,3207.179931640625,12617.990234375,23091.029296875,96747.0,10046.650390625,25057.220703125,27.56999969482422
2020-06-10,3190.139892578125,12530.16015625,23124.94921875,94686.0,10116.150390625,25049.73046875,27.56999969482422
2020-06-11,3002.10009765625,11970.2900390625,22472.91015625,,9902.0,24480.150390625,40.790000915527344
2020-06-12,3041.31005859375,11949.2802734375,22305.48046875,92795.0,9972.900390625,24301.380859375,36.09000015258789
2020-06-15,3066.590087890625,11911.349609375,21530.94921875,92376.0,9813.7001953125,23776.94921875,34.400001525878906
2020-06-16,3124.739990234375,12315.66015625,22582.2109375,93531.0,9914.0,24344.08984375,33.66999816894531
2020-06-17,3113.489990234375,12382.1396484375,22455.759765625,95547.0,9881.150390625,24481.41015625,33.470001220703125
2020-06-18,3115.340087890625,12281.5302734375,22355.4609375,96125.0,10091.650390625,24464.939453125,32.939998626708984
2020-06-19,3097.739990234375,12330.759765625,22478.7890625,96572.0,10244.400390625,24643.890625,35.119998931884766
2020-06-22,3117.860107421875,12262.9697265625,22437.26953125,95336.0,10311.2001953125,24511.33984375,31.770000457763672
2020-06-23,3131.2900390625,12523.759765625,22549.05078125,95975.0,10471.0,24907.33984375,31.3700008392334
2020-06-24,3050.330078125,12093.9404296875,22534.3203125,94377.0,10305.2998046875,24781.580078125,33.84000015258789
2020-06-25,3083.760009765625,12177.8701171875,22259.7890625,95983.0,10288.900390625,,32.220001220703125
2020-06-26,3009.050048828125,12089.3896484375,22512.080078125,93834.0,10383.0,24549.990234375,34.72999954223633
2020-06-29,3053.239990234375,12232.1201171875,21995.0390625,95735.0,10312.400390625,24301.279296875,31.780000686645508
2020-06-30,3100.2900390625,12310.9296875,22288.140625,95056.0,10302.099609375,24427.189453125,30.43000030517578
2020-07-01,3115.860107421875,12260.5703125,22121.73046875,96203.0,10430.0498046875,,28.6200008392334
2020-07-02,3130.010009765625,12608.4599609375,22145.9609375,96235.0,10551.7001953125,25124.189453125,27.68000030517578
2020-07-03,,12528.1796875,22306.48046875,96765.0,10607.349609375,25373.119140625,
2020-07-06,3179.719970703125,12733.4501953125,22714.439453125,98937.0,10763.650390625,26339.16015625,27.940000534057617
2020-07-07,3145.320068359375,12616.7998046875,22614.689453125,97761.0,10799.650390625,25975.66015625,29.43000030517578
2020-07-08,3169.93994140625,12494.8095703125,22438.650390625,99770.0,10705.75,26129.1796875,28.079999923706055
2020-07-09,3152.050048828125,12489.4599609375,22529.2890625,99160.0,10813.4501953125,26210.16015625,29.260000228881836
2020-07-10,3185.0400390625,12633.7099609375,22290.810546875,100032.0,10768.0498046875,25727.41015625,27.290000915527344
2020-07-13,3155.219970703125,12799.9697265625,22784.740234375,98697.0,10802.7001953125,25772.119140625,32.189998626708984
2020-07-14,3197.52001953125,12697.3603515625,22587.009765625,100440.0,10607.349609375,25477.890625,29.520000457763672
2020-07-15,3226.56005859375,12930.98046875,22945.5,101791.0,10618.2001953125,25481.580078125,27.760000228881836
2020-07-16,3215.570068359375,12874.9697265625,22770.359375,100553.0,10739.9501953125,24970.689453125,28.0
2020-07-17,3224.72998046875,12919.6103515625,22696.419921875,102888.0,10901.7001953125,25089.169921875,25.68000030517578
2020-07-20,3251.840087890625,13046.919921875,22717.48046875,104426.0,11022.2001953125,25057.990234375,24.459999084472656
2020-07-21,3257.300048828125,13171.830078125,22884.220703125,104310.0,11162.25,25635.66015625,24.84000015258789
2020-07-22,3276.02001953125,13104.25,22751.609375,104290.0,11132.599609375,25057.939453125,24.31999969482422
2020-07-23,3235.659912109375,13103.3896484375,,102293.0,11215.4501953125,25263.0,26.079999923706055
2020-07-24,3215.6298828125,12838.0595703125,,102382.0,11194.150390625,24705.330078125,25.84000015258789
2020-07-27,3239.409912109375,12838.66015625,22715.849609375,104477.0,11131.7998046875,24603.259765625,24.739999771118164
2020-07-28,3218.43994140625,12835.2802734375,22657.380859375,104109.0,11300.5498046875,24772.759765625,25.440000534057617
2020-07-29,3258.43994140625,12822.259765625,22397.109375,105605.0,11202.849609375,24883.140625,24.100000381469727
2020-07-30,3246.219970703125,12379.650390625,22339.23046875,105009.0,11102.150390625,24710.58984375,24.760000228881836
2020-07-31,3271.1201171875,12313.3603515625,21710.0,102912.0,11073.4501953125,24595.349609375,24.459999084472656
2020-08-03,3294.610107421875,12646.98046875,22195.380859375,102830.0,10891.599609375,24458.130859375,24.280000686645508
2020-08-04,3306.510009765625,12600.8701171875,22573.66015625,101216.0,11095.25,24946.630859375,23.760000228881836
2020-08-05,3327.77001953125,12660.25,22514.849609375,102802.0,11101.650390625,25102.5390625,22.989999771118164
2020-08-06,3349.159912109375,12591.6796875,22418.150390625,104126.0,11200.150390625,24930.580078125,22.649999618530273
2020-08-07,3351.280029296875,12674.8798828125,22329.939453125,102776.0,11214.0498046875,24531.619140625,22.209999084472656
2020-08-10,3360.469970703125,12687.5302734375,,103444.0,11270.150390625,24377.4296875,22.1299991607666
2020-08-11,3333.68994140625,12946.8896484375,22750.240234375,102174.0,11322.5,24890.6796875,24.030000686645508
2020-08-12,3380.35009765625,13058.6298828125,22843.9609375,102118.0,11308.400390625,25244.01953125,22.280000686645508
2020-08-13,3373.429931640625,12993.7099609375,23249.609375,100461.0,11300.4501953125,25230.669921875,22.1299991607666
2020-08-14,3372.85009765625,12901.33984375,23289.359375,101353.0,11178.400390625,25183.009765625,22.049999237060547
2020-08-17,3381.989990234375,12920.66015625,23096.75,99595.0,11247.099609375,25347.33984375,21.350000381469727
2020-08-18,3389.780029296875,12881.759765625,23051.080078125,102065.0,11385.349609375,25367.380859375,21.510000228881836
2020-08-19,3374.85009765625,12977.330078125,23110.609375,100854.0,11408.400390625,25178.91015625,22.540000915527344
2020-08-20,3385.510009765625,12830.0,22880.619140625,101468.0,11312.2001953125,24791.390625,22.719999313354492
2020-08-21,3397.159912109375,12764.7998046875,22920.30078125,101521.0,11371.599609375,25113.83984375,22.540000915527344
2020-08-24,3431.280029296875,13066.5400390625,22985.509765625,102298.0,11466.4501953125,25551.580078125,22.3700008392334
2020-08-25,3443.6201171875,13061.6201171875,23296.76953125,102118.0,11472.25,25486.220703125,22.030000686645508
2020-08-26,3478.72998046875,13190.150390625,23290.859375,100627.0,11549.599609375,25491.7890625,23.270000457763672
2020-08-27,3484.550048828125,13096.3603515625,23208.859375,100624.0,11559.25,25281.150390625,24.469999313354492
2020-08-28,3508.010009765625,13033.2001953125,22882.650390625,102143.0,11647.599609375,25422.060546875,22.959999084472656
2020-08-31,3500.31005859375,12945.3798828125,23139.759765625,99369.0,11387.5,25177.05078125,26.40999984741211
2020-09-01,3526.64990234375,12974.25,23138.0703125,102168.0,11470.25,25184.849609375,26.1200008392334
2020-09-02,3580.840087890625,13243.4296875,23247.150390625,101911.0,11535.0,25120.08984375,26.56999969482422
2020-09-03,3455.06005859375,13057.76953125,23465.529296875,100721.0,11527.4501953125,25007.599609375,33.599998474121094
2020-09-04,3426.9599609375,12842.66015625,23205.4296875,101242.0,11333.849609375,24695.44921875,30.75
2020-09-07,,13100.2802734375,23089.94921875,,11355.0498046875,24589.650390625,
2020-09-08,3331.840087890625,12968.330078125,23274.130859375,100050.0,11317.349609375,24624.33984375,31.459999084472656
2020-09-09,3398.9599609375,13237.2099609375,23032.5390625,101292.0,11278.0,24468.9296875,28.809999465942383
2020-09-10,3339.18994140625,13208.8896484375,23235.470703125,98835.0,11449.25,24313.5390625,29.709999084472656
2020-09-11,3340.969970703125,13202.83984375,23406.490234375,98363.0,11464.4501953125,24503.310546875,26.8700008392334
2020-09-14,3383.5400390625,13193.66015625,23559.30078125,100275.0,11440.0498046875,24640.279296875,25.850000381469727
2020-09-15,3401.199951171875,13217.669921875,23454.890625,100298.0,11521.7998046875,24732.759765625,25.59000015258789
2020-09-16,3385.489990234375,13255.3701171875,23475.529296875,99676.0,11604.5498046875,24725.630859375,26.040000915527344
2020-09-17,3357.010009765625,13208.1201171875,23319.369140625,100098.0,11516.099609375,24340.849609375,26.459999084472656
2020-09-18,3319.469970703125,13116.25,23360.30078125,98290.0,11504.9501953125,24455.41015625,25.829999923706055
2020-09-21,3281.06005859375,12542.4404296875,,96991.0,11250.5498046875,23950.689453125,27.780000686645508
2020-09-22,3315.570068359375,12594.3896484375,,97294.0,11153.650390625,23716.849609375,26.860000610351562
2020-09-23,3236.919921875,12642.9697265625,23346.490234375,95735.0,11131.849609375,23742.509765625,28.579999923706055
2020-09-24,3246.590087890625,12606.5703125,23087.8203125,97012.0,10805.5498046875,23311.0703125,28.510000228881836
2020-09-25,3298.4599609375,12469.2001953125,23204.619140625,96999.0,11050.25,23235.419921875,26.3799991607666
2020-09-28,3351.60009765625,12870.8701171875,23511.619140625,94666.0,11227.5498046875,23476.05078125,26.190000534057617
2020-09-29,3335.469970703125,12825.8203125,23539.099609375,93580.0,11222.400390625,23275.529296875,26.270000457763672
2020-09-30,3363.0,12760.73046875,23185.119140625,94603.0,11247.5498046875,23459.05078125,26.3700008392334
2020-10-01,3380.800048828125,12730.76953125,,95479.0,11416.9501953125,,26.700000762939453
2020-10-02,3348.419921875,12689.0400390625,23029.900390625,94016.0,,,27.6299991607666
2020-10-05,3408.60009765625,12828.3095703125,23312.140625,96089.0,11503.349609375,23767.779296875,27.959999084472656
2020-10-06,3360.969970703125,12906.01953125,23433.73046875,95615.0,11662.400390625,23980.650390625,29.479999542236328
2020-10-07,3419.43994140625,12928.5703125,23422.8203125,95526.0,11738.849609375,24242.859375,28.059999465942383
2020-10-08,3446.830078125,13042.2099609375,23647.0703125,97920.0,11834.599609375,24193.349609375,26.360000610351562
2020-10-09,3477.139892578125,13051.23046875,23619.689453125,97483.0,11914.2001953125,24119.130859375,25.0
2020-10-12,3534.219970703125,13138.41015625,23558.689453125,,11930.9501953125,24649.6796875,25.06999969482422
2020-10-13,3511.929931640625,13018.990234375,23601.779296875,98503.0,11934.5,,26.06999969482422
2020-10-14,3488.669921875,13028.0595703125,23626.73046875,99334.0,11971.0498046875,24667.08984375,26.399999618530273
2020-10-15,3483.340087890625,12703.75,23507.23046875,99054.0,11680.349609375,24158.5390625,26.969999313354492
2020-10-16,3483.81005859375,12908.990234375,23410.630859375,98309.0,11762.4501953125,24386.7890625,27.40999984741211
2020-10-19,3426.919921875,12854.66015625,23671.130859375,98658.0,11873.0498046875,24542.259765625,29.18000030517578
2020-10-20,3443.1201171875,12736.9501953125,23567.0390625,100540.0,11896.7998046875,24569.5390625,29.350000381469727
2020-10-21,3435.56005859375,12557.6396484375,23639.4609375,100552.0,11937.650390625,24754.419921875,28.649999618530273
2020-10-22,3453.489990234375,12543.0595703125,23474.26953125,101918.0,11896.4501953125,24786.130859375,28.110000610351562
2020-10-23,3465.389892578125,12645.75,23516.58984375,101260.0,11930.349609375,24918.779296875,27.549999237060547
2020-10-26,3400.969970703125,12177.1796875,23494.33984375,101017.0,11767.75,,32.459999084472656
2020-10-27,3390.679931640625,12063.5703125,23485.80078125,99606.0,11889.400390625,24787.189453125,33.349998474121094
2020-10-28,3271.030029296875,11560.509765625,23418.509765625,95369.0,11729.599609375,24708.80078125,40.279998779296875
2020-10-29,3310.110107421875,11598.0703125,23331.939453125,96582.0,11670.7998046875,24586.599609375,37.59000015258789
2020-10-30,3269.9599609375,11556.48046875,22977.130859375,93952.0,11642.400390625,24107.419921875,38.02000045776367
2020-11-02,3310.239990234375,11788.2802734375,23295.48046875,,11669.150390625,24460.009765625,37.130001068115234
2020-11-03,3369.159912109375,12088.98046875,,95587.0,11813.5,24939.73046875,35.54999923706055
2020-11-04,3443.43994140625,12324.2197265625,23695.23046875,97811.0,11908.5,24886.140625,29.56999969482422
2020-11-05,3510.449951171875,12568.08984375,24105.279296875,100774.0,12120.2998046875,25695.919921875,27.579999923706055
2020-11-06,3509.43994140625,12480.01953125,24325.23046875,100799.0,12263.5498046875,25712.970703125,24.860000610351562
2020-11-09,3550.5,13095.9697265625,24839.83984375,103913.0,12461.0498046875,26016.169921875,25.75
2020-11-10,3545.530029296875,13163.1103515625,24905.58984375,105351.0,12631.099609375,26301.48046875,24.799999237060547
2020-11-11,3572.659912109375,13216.1796875,25349.599609375,104532.0,12749.150390625,26226.98046875,23.450000762939453
2020-11-12,3537.010009765625,13052.9501953125,25520.880859375,102175.0,12690.7998046875,26169.380859375,25.350000381469727
2020-11-13,3585.14990234375,13076.7197265625,25385.869140625,104512.0,12719.9501953125,26156.859375,23.100000381469727
2020-11-16,3626.909912109375,13138.6103515625,25906.9296875,106430.0,,26381.669921875,22.450000762939453
2020-11-17,3609.530029296875,13133.4697265625,26014.619140625,107229.0,12874.2001953125,26415.08984375,22.709999084472656
2020-11-18,3567.7900390625,13201.8896484375,25728.140625,106483.0,12938.25,26544.2890625,23.84000015258789
2020-11-19,3581.8701171875,13086.16015625,25634.33984375,106517.0,12771.7001953125,26356.970703125,23.110000610351562
2020-11-20,3557.5400390625,13137.25,25527.369140625,,12859.0498046875,26451.5390625,23.700000762939453
2020-11-23,3577.590087890625,13126.9697265625,,107379.0,12926.4501953125,26486.19921875,22.65999984741211
2020-11-24,3635.409912109375,13292.4404296875,26165.58984375,109786.0,13055.150390625,26588.19921875,21.639999389648438
2020-11-25,3629.64990234375,13289.7998046875,26296.859375,110133.0,12858.400390625,26669.75,21.25
2020-11-26,,13286.5703125,26537.310546875,110227.0,12987.0,26819.44921875,
2020-11-27,3638.35009765625,13335.6796875,26644.7109375,110575.0,12968.9501953125,26894.6796875,20.84000015258789
2020-11-30,3621.6298828125,13291.16015625,26433.619140625,108888.0,,26341.490234375,20.56999969482422
2020-12-01,3662.449951171875,13382.2998046875,26787.5390625,111335.0,13109.0498046875,26567.6796875,20.770000457763672
2020-12-02,3669.010009765625,13313.240234375,26800.98046875,111814.0,13113.75,26532.580078125,21.170000076293945
2020-12-03,3666.719970703125,13252.8603515625,26809.369140625,112919.0,13133.900390625,26728.5,21.280000686645508
2020-12-04,3699.1201171875,13298.9599609375,26751.240234375,113682.0,13258.5498046875,26835.919921875,20.790000915527344
2020-12-07,3691.9599609375,13271.0,26547.439453125,113625.0,13355.75,26506.849609375,21.299999237060547
2020-12-08,3702.25,13278.490234375,26467.080078125,113571.0,13392.9501953125,26304.560546875,20.68000030517578
2020-12-09,3672.820068359375,13340.259765625,26817.939453125,112722.0,13529.099609375,26502.83984375,22.270000457763672
2020-12-10,3668.10009765625,13295.73046875,26756.240234375,114992.0,13478.2998046875,26410.58984375,22.520000457763672
2020-12-11,3663.4599609375,13114.2998046875,26652.51953125,115323.0,13513.849609375,26505.869140625,23.309999465942383
2020-12-14,3647.489990234375,13223.16015625,26732.439453125,114975.0,13558.150390625,26389.51953125,24.719999313354492
2020-12-15,3694.6201171875,13362.8701171875,26687.83984375,116146.0,13567.849609375,26207.2890625,22.889999389648438
2020-12-16,3701.169921875,13565.98046875,26757.400390625,117947.0,13682.7001953125,26460.2890625,22.5
2020-12-17,3722.47998046875,13667.25,26806.669921875,118157.0,13740.7001953125,26678.380859375,21.93000030517578
2020-12-18,3709.409912109375,13630.509765625,26763.390625,117679.0,13760.5498046875,26498.599609375,21.56999969482422
2020-12-21,3694.919921875,13246.2998046875,26714.419921875,116016.0,13328.400390625,26306.6796875,25.15999984741211
2020-12-22,3687.260009765625,13418.1103515625,26436.390625,116348.0,13466.2998046875,26119.25,24.229999542236328
2020-12-23,3690.010009765625,13587.23046875,26524.7890625,117857.0,13601.099609375,26343.099609375,23.309999465942383
2020-12-24,3703.06005859375,,26668.349609375,,13749.25,26386.560546875,21.530000686645508
2020-12-25,,,26656.609375,,,,
2020-12-28,3735.360107421875,13790.2900390625,26854.029296875,119051.0,13873.2001953125,26314.630859375,21.700000762939453
2020-12-29,3727.0400390625,13761.3798828125,27568.150390625,119475.0,13932.599609375,26568.490234375,23.079999923706055
2020-12-30,3732.0400390625,13718.7802734375,27444.169921875,119306.0,13981.9501953125,27147.109375,22.770000457763672
2020-12-31,3756.070068359375,,,,13981.75,27231.130859375,22.75
2021-01-01,,,,,14018.5,,
2021-01-04,3700.64990234375,13726.740234375,27258.380859375,118558.0,14132.900390625,27472.810546875,26.969999313354492
2021-01-05,3726.860107421875,13651.2197265625,27158.630859375,119223.0,14199.5,27649.859375,25.34000015258789
2021-01-06,3748.139892578125,13891.9697265625,27055.939453125,119851.0,14146.25,27692.30078125,25.06999969482422
2021-01-07,3803.7900390625,13968.240234375,27490.130859375,121956.0,14137.349609375,27548.51953125,22.3700008392334
2021-01-08,3824.679931640625,14049.5302734375,28139.029296875,125077.0,14347.25,27878.220703125,21.559999465942383
2021-01-11,3799.610107421875,13936.66015625,,122807.0,14484.75,27908.220703125,24.079999923706055
2021-01-12,3801.18994140625,13925.0595703125,28164.33984375,123998.0,14563.4501953125,28276.75,23.329999923706055
2021-01-13,3809.840087890625,13939.7099609375,28456.58984375,122040.0,14564.849609375,28235.599609375,22.209999084472656
2021-01-14,3795.5400390625,13988.7001953125,28698.259765625,123481.0,14595.599609375,28496.859375,23.25
2021-01-15,3768.25,13787.73046875,28519.1796875,120502.0,14433.7001953125,28573.859375,24.34000015258789
2021-01-18,,13848.349609375,28242.2109375,121242.0,14281.2998046875,28862.76953125,
2021-01-19,3798.909912109375,13815.0595703125,28633.4609375,120673.0,14521.150390625,29642.279296875,23.239999771118164
2021-01-20,3851.85009765625,13921.3701171875,28523.259765625,119708.0,14644.7001953125,29962.470703125,21.579999923706055
2021-01-21,3853.070068359375,13906.669921875,28756.859375,118443.0,14590.349609375,29927.759765625,21.31999969482422
2021-01-22,3841.469970703125,13873.9697265625,28631.44921875,117172.0,14371.900390625,29447.849609375,21.90999984741211
2021-01-25,3855.360107421875,13643.9501953125,28822.2890625,,14238.900390625,30159.009765625,23.190000534057617
2021-01-26,3849.6201171875,13870.990234375,28546.1796875,116464.0,,29391.259765625,23.020000457763672
2021-01-27,3750.77001953125,13620.4599609375,28635.2109375,115882.0,13967.5,29297.529296875,37.209999084472656
2021-01-28,3787.3798828125,13665.9296875,28197.419921875,119314.0,13817.5498046875,28550.76953125,30.209999084472656
2021-01-29,3714.239990234375,13432.8701171875,27663.390625,116007.0,13634.599609375,28283.7109375,33.09000015258789
2021-02-01,3773.860107421875,13622.01953125,28091.05078125,117365.0,14281.2001953125,28892.859375,30.239999771118164
2021-02-02,3826.31005859375,13835.16015625,28362.169921875,118234.0,14647.849609375,29248.69921875,25.559999465942383
2021-02-03,3830.169921875,13933.6298828125,28646.5,119725.0,14789.9501953125,29307.4609375,22.90999984741211
2021-02-04,3871.739990234375,14060.2900390625,28341.94921875,119261.0,14895.650390625,29113.5,21.770000457763672
2021-02-05,3886.830078125,14056.7197265625,28779.189453125,119925.0,14924.25,29288.6796875,20.8700008392334
2021-02-08,3915.590087890625,14059.91015625,29388.5,119516.0,15115.7998046875,29319.470703125,21.239999771118164
2021-02-09,3911.22998046875,14011.7998046875,29505.9296875,119429.0,15109.2998046875,29476.189453125,21.6299991607666
2021-02-10,3909.8798828125,13932.9697265625,29562.9296875,118430.0,15106.5,30038.720703125,21.989999771118164
2021-02-11,3916.3798828125,14040.91015625,,119235.0,15173.2998046875,30173.5703125,21.25
2021-02-12,3934.830078125,14049.8896484375,29520.0703125,119116.0,15163.2998046875,,19.969999313354492
2021-02-15,,14109.48046875,30084.150390625,,15314.7001953125,,
2021-02-16,3932.590087890625,14064.599609375,30467.75,,15313.4501953125,30746.66015625,21.459999084472656
2021-02-17,3931.330078125,13909.26953125,30292.189453125,120391.0,15208.900390625,31084.939453125,21.5
2021-02-18,3913.969970703125,13886.9296875,30236.08984375,119140.0,15118.9501953125,30595.26953125,22.489999771118164
2021-02-19,3906.7099609375,13993.23046875,30017.919921875,118748.0,14981.75,30644.73046875,22.049999237060547
2021-02-22,3876.5,13950.0400390625,30156.029296875,112668.0,14675.7001953125,30319.830078125,23.450000762939453
2021-02-23,3881.3701171875,13864.8095703125,,115227.0,14707.7998046875,30632.640625,23.110000610351562
2021-02-24,3925.429931640625,13976.0,29671.69921875,115668.0,14982.0,29718.240234375,21.34000015258789
2021-02-25,3829.340087890625,13879.330078125,30168.26953125,112256.0,15097.349609375,30074.169921875,28.889999389648438
2021-02-26,3811.14990234375,13786.2900390625,28966.009765625,110035.0,14529.150390625,28980.2109375,27.950000762939453
2021-03-01,3901.820068359375,14012.8203125,29663.5,110335.0,14761.5498046875,29452.5703125,23.350000381469727
2021-03-02,3870.2900390625,14039.7998046875,29408.169921875,111540.0,14919.099609375,29095.859375,24.100000381469727
2021-03-03,3819.719970703125,14080.0302734375,29559.099609375,111184.0,15245.599609375,29880.419921875,26.670000076293945
2021-03-04,3768.469970703125,14056.33984375,28930.109375,112690.0,15080.75,29236.7890625,28.56999969482422
2021-03-05,3841.93994140625,13920.6904296875,28864.3203125,115202.0,14938.099609375,29098.2890625,24.65999984741211
2021-03-08,3821.35009765625,14380.91015625,28743.25,110612.0,14956.2001953125,28540.830078125,25.469999313354492
2021-03-09,3875.43994140625,14437.9404296875,29027.939453125,111331.0,15098.400390625,28773.23046875,24.030000686645508
2021-03-10,3898.81005859375,14540.25,29036.560546875,112776.0,15174.7998046875,28907.51953125,22.559999465942383
2021-03-11,3939.340087890625,14569.3896484375,29211.640625,114984.0,,29385.609375,21.90999984741211
2021-03-12,3943.340087890625,14502.3896484375,29717.830078125,114160.0,15030.9501953125,28739.720703125,20.690000534057617
2021-03-15,3968.93994140625,14461.419921875,29766.970703125,114851.0,14929.5,28833.759765625,20.030000686645508
2021-03-16,3962.7099609375,14557.580078125,29921.08984375,114019.0,14910.4501953125,29027.689453125,19.790000915527344
2021-03-17,3974.1201171875,14596.6103515625,29914.330078125,116549.0,14721.2998046875,29034.119140625,19.229999542236328
2021-03-18,3915.4599609375,14775.51953125,30216.75,114835.0,14557.849609375,29405.720703125,21.579999923706055
2021-03-19,3913.10009765625,14621.0,29792.05078125,116222.0,14744.0,28990.939453125,20.950000762939453
2021-03-22,3940.590087890625,14657.2099609375,29174.150390625,114979.0,14736.400390625,28885.33984375,18.8799991607666
2021-03-23,3910.52001953125,14662.01953125,28995.919921875,113262.0,14814.75,28497.380859375,20.299999237060547
2021-03-24,3889.139892578125,14610.3896484375,28405.51953125,112064.0,14549.400390625,27918.140625,21.200000762939453
2021-03-25,3909.52001953125,14621.3603515625,28729.880859375,113750.0,14324.900390625,27899.609375,19.809999465942383
2021-03-26,3974.5400390625,14748.9404296875,29176.69921875,114781.0,14507.2998046875,28336.4296875,18.860000610351562
2021-03-29,3971.090087890625,14817.7197265625,29384.51953125,115419.0,,28338.30078125,20.739999771118164
2021-03-30,3958.550048828125,15008.6103515625,29432.69921875,116850.0,14845.099609375,28577.5,19.610000610351562
2021-03-31,3972.889892578125,15008.33984375,29178.80078125,116634.0,14690.7001953125,28378.349609375,19.399999618530273
2021-04-01,4019.8701171875,15107.169921875,29388.869140625,115253.0,14867.349609375,28938.740234375,17.329999923706055
2021-04-02,,,29854.0,,,,
2021-04-05,4077.909912109375,,30089.25,117518.0,14637.7998046875,,17.90999984741211
2021-04-06,4073.93994140625,15212.6796875,29696.630859375,117499.0,14683.5,,18.1200008392334
2021-04-07,4079.949951171875,15176.3603515625,29730.7890625,117624.0,14819.0498046875,28674.80078125,17.15999984741211
2021-04-08,4097.169921875,15202.6796875,29708.98046875,118313.0,14873.7998046875,29008.0703125,16.950000762939453
2021-04-09,4128.7998046875,15234.16015625,29768.060546875,117670.0,14834.849609375,28698.80078125,16.690000534057617
2021-04-12,4127.990234375,15215.0,29538.73046875,118812.0,14310.7998046875,28453.279296875,16.90999984741211
2021-04-13,4141.58984375,15234.3603515625,29751.609375,119297.0,14504.7998046875,28497.25,16.649999618530273
2021-04-14,4124.66015625,15209.150390625,29620.990234375,120295.0,,28900.830078125,16.989999771118164
2021-04-15,4170.419921875,15255.330078125,29642.689453125,120701.0,14581.4501953125,28793.140625,16.56999969482422
2021-04-16,4185.47021484375,15459.75,29683.369140625,121114.0,14617.849609375,28969.7109375,16.25
2021-04-19,4163.259765625,15368.3896484375,29685.369140625,120934.0,14359.4501953125,29106.150390625,17.290000915527344
2021-04-20,4134.93994140625,15129.509765625,29100.380859375,120062.0,14296.400390625,29135.73046875,18.68000030517578
2021-04-21,4173.419921875,15195.9697265625,28508.55078125,,,28621.919921875,17.5
2021-04-22,4134.97998046875,15320.51953125,29188.169921875,119371.0,14406.150390625,28755.33984375,18.709999084472656
2021-04-23,4180.169921875,15279.6201171875,29020.630859375,120530.0,14341.349609375,29078.75,17.329999923706055
2021-04-26,4187.6201171875,15296.33984375,29126.23046875,120595.0,14485.0,28952.830078125,17.639999389648438
2021-04-27,4186.72021484375,15249.26953125,28991.890625,119388.0,14653.0498046875,28941.5390625,17.559999465942383
2021-04-28,4183.18017578125,15292.1796875,29053.970703125,121053.0,14864.5498046875,29071.33984375,17.280000686645508
2021-04-29,4211.47021484375,15154.2001953125,,120066.0,14894.900390625,29303.259765625,17.610000610351562
2021-04-30,4181.169921875,15135.91015625,28812.630859375,118894.0,14631.099609375,28724.880859375,18.610000610351562
2021-05-03,4192.66015625,15236.4697265625,,119209.0,14634.150390625,28357.5390625,18.309999465942383
2021-05-04,4164.66015625,14856.48046875,,117712.0,14496.5,28557.140625,19.479999542236328
2021-05-05,4167.58984375,15170.7802734375,,119564.0,14617.849609375,28417.98046875,19.149999618530273
2021-05-06,4201.6201171875,15196.740234375,29331.369140625,119921.0,14724.7998046875,28637.4609375,18.389999389648438
2021-05-07,4232.60009765625,15399.650390625,29357.8203125,122038.0,14823.150390625,28610.650390625,16.690000534057617
2021-05-10,4188.43017578125,15400.41015625,29518.33984375,121909.0,14942.349609375,28595.66015625,19.65999984741211
2021-05-11,4152.10009765625,15119.75,28608.58984375,122964.0,14850.75,28013.810546875,21.84000015258789
2021-05-12,4063.0400390625,15150.2197265625,28147.509765625,119710.0,14696.5,28231.0390625,27.59000015258789
2021-05-13,4112.5,15199.6796875,27448.009765625,120706.0,,27718.669921875,23.1299991607666
2021-05-14,4173.85009765625,15416.6396484375,28084.470703125,121881.0,14677.7998046875,28027.5703125,18.809999465942383
2021-05-17,4163.2900390625,15396.6201171875,27824.830078125,122938.0,14923.150390625,28194.08984375,19.719999313354492
2021-05-18,4127.830078125,15386.580078125,28406.83984375,122980.0,15108.099609375,28593.810546875,21.34000015258789
2021-05-19,4115.68017578125,15113.5595703125,28044.44921875,122636.0,15030.150390625,,22.18000030517578
2021-05-20,4159.1201171875,15370.259765625,28098.25,122701.0,14906.0498046875,28450.2890625,20.670000076293945
2021-05-21,4155.85986328125,15437.509765625,28317.830078125,122592.0,15175.2998046875,28458.439453125,20.149999618530273
2021-05-24,4197.0498046875,,28364.609375,124032.0,15197.7001953125,28412.259765625,18.399999618530273
2021-05-25,4188.1298828125,15465.08984375,28553.98046875,122988.0,15208.4501953125,28910.859375,18.84000015258789
2021-05-26,4195.990234375,15450.7197265625,28642.189453125,123989.0,15301.4501953125,29166.009765625,17.360000610351562
2021-05-27,4200.8798828125,15406.73046875,28549.009765625,124367.0,15337.849609375,29113.19921875,16.739999771118164
2021-05-28,4204.10986328125,15519.98046875,29149.41015625,125561.0,15435.650390625,29124.41015625,16.760000228881836
2021-05-31,,15421.1298828125,28860.080078125,126216.0,15582.7998046875,29151.80078125,
2021-06-01,4202.0400390625,15567.3603515625,28814.33984375,128267.0,15574.849609375,29468.0,17.899999618530273
2021-06-02,4208.1201171875,15602.7099609375,28946.140625,129601.0,15576.2001953125,29297.619140625,17.479999542236328
2021-06-03,4192.85009765625,15632.669921875,29058.109375,,15690.349609375,28966.029296875,18.040000915527344
2021-06-04,4229.89013671875,15692.900390625,28941.51953125,130126.0,15670.25,28918.099609375,16.420000076293945
2021-06-07,4226.52001953125,15677.150390625,29019.240234375,130776.0,15751.650390625,28787.279296875,16.420000076293945
2021-06-08,4227.259765625,15640.599609375,28963.560546875,129787.0,15740.099609375,28781.380859375,17.06999969482422
2021-06-09,4219.5498046875,15581.1396484375,28860.80078125,129907.0,15635.349609375,28742.630859375,17.889999389648438
2021-06-10,4239.18017578125,15571.2197265625,28958.560546875,130076.0,15737.75,28738.880859375,16.100000381469727
2021-06-11,4247.43994140625,15693.26953125,28948.73046875,129441.0,15799.349609375,28842.130859375,15.649999618530273
2021-06-14,4255.14990234375,15673.6396484375,29161.80078125,130208.0,15811.849609375,,16.389999389648438
2021-06-15,4246.58984375,15729.51953125,29441.30078125,130091.0,15869.25,28638.529296875,17.020000457763672
2021-06-16,4223.7001953125,15710.5703125,29291.009765625,129259.0,15767.5498046875,28436.83984375,18.149999618530273
2021-06-17,4221.85986328125,15727.669921875,29018.330078125,128057.0,15691.400390625,28558.58984375,17.75
2021-06-18,4166.4501953125,15448.0400390625,28964.080078125,128405.0,15683.349609375,28801.26953125,20.700000762939453
2021-06-21,4224.7900390625,15603.240234375,28010.9296875,129265.0,15746.5,28489.0,17.889999389648438
2021-06-22,4246.43994140625,15636.330078125,28884.130859375,128767.0,15772.75,28309.759765625,16.65999984741211
2021-06-23,4241.83984375,15456.3896484375,28874.890625,128428.0,15686.9501953125,28817.0703125,16.31999969482422
2021-06-24,4266.490234375,15589.23046875,28875.23046875,129514.0,15790.4501953125,28882.4609375,15.970000267028809
2021-06-25,4280.7001953125,15607.9697265625,29066.1796875,127256.0,15860.349609375,29288.220703125,15.619999885559082
2021-06-28,4290.60986328125,15554.1796875,29048.01953125,127429.0,15814.7001953125,29268.30078125,15.760000228881836
2021-06-29,4291.7998046875,15690.58984375,28812.609375,127327.0,15748.4501953125,28994.099609375,16.020000457763672
2021-06-30,4297.5,15531.0400390625,28791.529296875,126802.0,15721.5,28827.94921875,15.829999923706055
2021-07-01,4319.93994140625,15603.8095703125,28707.0390625,125666.0,15680.0,,15.479999542236328
2021-07-02,4352.33984375,15650.08984375,28783.279296875,127622.0,15722.2001953125,28310.419921875,15.069999694824219
2021-07-05,,15661.9697265625,28598.189453125,126920.0,15834.349609375,28143.5,
2021-07-06,4343.5400390625,15511.3798828125,28643.2109375,125095.0,15818.25,28072.859375,16.440000534057617
2021-07-07,4358.1298828125,15692.7099609375,28366.94921875,127019.0,15879.650390625,27960.619140625,16.200000762939453
2021-07-08,4320.81982421875,15420.6396484375,28118.029296875,125428.0,15727.900390625,27153.130859375,19.0
2021-07-09,4369.5498046875,15687.9296875,27940.419921875,,15689.7998046875,27344.5390625,16.18000030517578
2021-07-12,4384.6298828125,15790.509765625,28569.01953125,127594.0,15692.599609375,27515.240234375,16.170000076293945
2021-07-13,4369.2099609375,15789.6396484375,28718.240234375,128168.0,15812.349609375,27963.41015625,17.1200008392334
2021-07-14,4374.2998046875,15788.98046875,28608.490234375,128407.0,15853.9501953125,27787.4609375,16.329999923706055
2021-07-15,4360.02978515625,15629.66015625,28279.08984375,127468.0,15924.2001953125,27996.26953125,17.010000228881836
2021-07-16,4327.16015625,15540.3095703125,28003.080078125,125960.0,15923.400390625,28004.6796875,18.450000762939453
2021-07-19,4258.490234375,15133.2001953125,27652.740234375,124395.0,15752.400390625,27489.779296875,22.5
2021-07-20,4323.06005859375,15216.26953125,27388.16015625,125401.0,15632.099609375,27259.25,19.729999542236328
2021-07-21,4358.68994140625,15422.5,27548.0,125929.0,,27224.580078125,17.90999984741211
2021-07-22,4367.47998046875,15514.5400390625,,126147.0,15824.0498046875,27723.83984375,17.690000534057617
2021-07-23,4411.7900390625,15669.2900390625,,125053.0,15856.0498046875,27321.98046875,17.200000762939453
2021-07-26,4422.2998046875,15618.98046875,27833.2890625,126004.0,15824.4501953125,26192.3203125,17.579999923706055
2021-07-27,4401.4599609375,15519.1298828125,27970.220703125,124612.0,15746.4501953125,25086.4296875,19.360000610351562
2021-07-28,4400.64013671875,15570.3603515625,27581.66015625,126286.0,15709.400390625,25473.880859375,18.309999465942383
2021-07-29,4419.14990234375,15640.4697265625,27782.419921875,125675.0,15778.4501953125,26315.3203125,17.700000762939453
2021-07-30,4395.259765625,15544.3896484375,27283.58984375,121801.0,15763.0498046875,25961.029296875,18.239999771118164
2021-08-02,4387.16015625,15568.73046875,27781.01953125,122516.0,15885.150390625,26235.80078125,19.459999084472656
2021-08-03,4423.14990234375,15555.080078125,27641.830078125,123577.0,16130.75,26194.8203125,18.040000915527344
2021-08-04,4402.66015625,15692.1298828125,27584.080078125,121801.0,16258.7998046875,26426.55078125,17.969999313354492
2021-08-05,4429.10009765625,15744.669921875,27728.119140625,121633.0,16294.599609375,26204.689453125,17.280000686645508
2021-08-06,4436.52001953125,15761.4501953125,27820.0390625,122810.0,16238.2001953125,26179.400390625,16.149999618530273
2021-08-09,4432.35009765625,15745.41015625,,123019.0,16258.25,26283.400390625,16.719999313354492
2021-08-10,4436.75,15770.7099609375,27888.150390625,122202.0,16280.099609375,26605.619140625,16.790000915527344
2021-08-11,4442.41015625,15826.08984375,28070.509765625,122056.0,16282.25,26660.16015625,16.170000076293945
2021-08-12,4460.830078125,15937.509765625,28015.01953125,120701.0,16364.400390625,26517.8203125,15.59000015258789
2021-08-13,4468.0,15977.4404296875,27977.150390625,121194.0,16529.099609375,26391.619140625,15.449999809265137
2021-08-16,4479.7099609375,15925.73046875,27523.189453125,119180.0,16563.05078125,26181.4609375,16.1200008392334
2021-08-17,4448.080078125,15921.9501953125,27424.470703125,117904.0,16614.599609375,25745.869140625,17.90999984741211
2021-08-18,4400.27001953125,15965.9697265625,27585.91015625,116643.0,16568.849609375,25867.009765625,21.56999969482422
2021-08-19,4405.7998046875,15765.8095703125,27281.169921875,117165.0,,25316.330078125,21.670000076293945
2021-08-20,4441.669921875,15808.0400390625,27013.25,118053.0,16450.5,24849.720703125,18.559999465942383
2021-08-23,4479.52978515625,15852.7900390625,27494.240234375,117472.0,16496.44921875,25109.58984375,17.149999618530273
2021-08-24,4486.22998046875,15905.849609375,27732.099609375,120211.0,16624.599609375,25727.919921875,17.219999313354492
2021-08-25,4496.18994140625,15860.66015625,27724.80078125,120818.0,16634.650390625,25693.94921875,16.790000915527344
2021-08-26,4470.0,15793.6201171875,27742.2890625,118724.0,16636.900390625,25415.689453125,18.84000015258789
2021-08-27,4509.3701171875,15851.75,27641.140625,120678.0,16705.19921875,25407.890625,16.389999389648438
2021-08-30,4528.7900390625,15887.3095703125,27789.2890625,119740.0,16931.05078125,25539.5390625,16.190000534057617
2021-08-31,4522.68017578125,15835.08984375,28089.5390625,118781.0,17132.19921875,25878.990234375,16.479999542236328
2021-09-01,4524.08984375,15824.2900390625,28451.01953125,119396.0,17076.25,26028.2890625,16.110000610351562
2021-09-02,4536.9501953125,15840.58984375,28543.509765625,116677.0,17234.150390625,26090.4296875,16.40999984741211
2021-09-03,4535.43017578125,15781.2001953125,29128.109375,116933.0,17323.599609375,25901.990234375,16.40999984741211
2021-09-06,,15932.1201171875,29659.890625,117869.0,17377.80078125,26163.630859375,
2021-09-07,4520.02978515625,15843.08984375,29916.140625,,17362.099609375,26353.630859375,18.139999389648438
2021-09-08,4514.06982421875,15610.2802734375,30181.2109375,113413.0,17353.5,26320.9296875,17.959999084472656
2021-09-09,4493.27978515625,15623.150390625,30008.189453125,115361.0,17369.25,25716.0,18.799999237060547
2021-09-10,4458.580078125,15609.8095703125,30381.83984375,114286.0,,26205.91015625,20.950000762939453
2021-09-13,4468.72998046875,15701.419921875,30447.369140625,116404.0,17355.30078125,25813.810546875,19.3700008392334
2021-09-14,4443.0498046875,15722.990234375,30670.099609375,116181.0,17380.0,25502.23046875,19.459999084472656
2021-09-15,4480.7001953125,15616.0,30511.7109375,115063.0,17519.44921875,25033.2109375,18.18000030517578
2021-09-16,4473.75,15651.75,30323.33984375,113794.0,17629.5,24667.849609375,18.690000534057617
2021-09-17,4432.990234375,15490.169921875,30500.05078125,111439.0,17585.150390625,24920.759765625,20.809999465942383
2021-09-20,4357.72998046875,15132.0595703125,,108844.0,17396.900390625,24099.140625,25.709999084472656
2021-09-21,4354.18994140625,15348.5302734375,29839.7109375,110250.0,17562.0,24221.5390625,24.360000610351562
2021-09-22,4395.64013671875,15506.740234375,29639.400390625,112282.0,17546.650390625,,20.8700008392334
2021-09-23,4448.97998046875,15643.9697265625,,114064.0,17822.94921875,24510.98046875,18.6299991607666
2021-09-24,4455.47998046875,15531.75,30248.810546875,113283.0,17853.19921875,24192.16015625,17.75
2021-09-27,4443.10986328125,15573.8798828125,30240.060546875,113583.0,17855.099609375,24208.779296875,18.760000228881836
2021-09-28,4352.6298828125,15248.5595703125,30183.9609375,110124.0,17748.599609375,24500.390625,23.25
2021-09-29,4359.4599609375,15365.26953125,29544.2890625,111107.0,17711.30078125,24663.5,22.559999465942383
2021-09-30,4307.5400390625,15260.6904296875,29452.66015625,110979.0,17618.150390625,24575.640625,23.139999389648438
2021-10-01,4357.0400390625,15156.4404296875,28771.0703125,112900.0,17532.05078125,,21.100000381469727
2021-10-04,4300.4599609375,15036.5498046875,28444.890625,110393.0,17691.25,24036.369140625,22.959999084472656
2021-10-05,4345.72021484375,15194.490234375,27822.119140625,110458.0,17822.30078125,24104.150390625,21.299999237060547
2021-10-06,4363.5498046875,14973.330078125,27528.869140625,110560.0,17646.0,23966.490234375,21.0
2021-10-07,4399.759765625,15250.8603515625,27678.2109375,110585.0,17790.349609375,24701.73046875,19.540000915527344
2021-10-08,4391.33984375,15206.1298828125,28048.939453125,112833.0,17895.19921875,24837.849609375,18.770000457763672
2021-10-11,4361.18994140625,15199.1396484375,28498.19921875,112180.0,17945.94921875,25325.08984375,20.0
2021-10-12,4350.64990234375,15146.8701171875,28230.609375,,17991.94921875,24962.58984375,19.850000381469727
2021-10-13,4363.7998046875,15249.3798828125,28140.279296875,113456.0,18161.75,,18.639999389648438
2021-10-14,4438.259765625,15462.7197265625,28550.9296875,113185.0,18338.55078125,,16.860000610351562
2021-10-15,4471.3701171875,15587.3603515625,29068.630859375,114648.0,,25330.9609375,16.299999237060547
2021-10-18,4486.4599609375,15474.4697265625,29025.4609375,114428.0,18477.05078125,25409.75,16.309999465942383
2021-10-19,4519.6298828125,15515.830078125,29215.51953125,110673.0,18418.75,25787.2109375,15.699999809265137
2021-10-20,4536.18994140625,15522.919921875,29255.55078125,110786.0,18266.599609375,26136.01953125,15.489999771118164
2021-10-21,4549.77978515625,15472.5595703125,28708.580078125,107735.0,18178.099609375,26017.529296875,15.010000228881836
2021-10-22,4544.89990234375,15542.98046875,28804.849609375,106296.0,18114.900390625,26126.9296875,15.430000305175781
2021-10-25,4566.47998046875,15599.23046875,28600.41015625,108715.0,18125.400390625,26132.029296875,15.239999771118164
2021-10-26,4574.7900390625,15757.0595703125,29106.009765625,106420.0,18268.400390625,26038.26953125,15.979999542236328
2021-10-27,4551.68017578125,15705.8095703125,29098.240234375,106363.0,18210.94921875,25628.740234375,16.979999542236328
2021-10-28,4596.419921875,15696.330078125,28820.08984375,105705.0,17857.25,25555.73046875,16.530000686645508
2021-10-29,4605.3798828125,15688.76953125,28892.689453125,103501.0,17671.650390625,25377.240234375,16.260000228881836
2021-11-01,4613.669921875,15806.2900390625,29647.080078125,105551.0,17929.650390625,25154.3203125,16.40999984741211
2021-11-02,4630.64990234375,15954.4501953125,29520.900390625,,17888.94921875,25099.669921875,16.030000686645508
2021-11-03,4660.56982421875,15959.98046875,,105617.0,17829.19921875,25024.75,15.100000381469727
2021-11-04,4680.06005859375,16029.650390625,29794.369140625,103412.0,17916.80078125,25225.189453125,15.4399995803833
2021-11-05,4697.52978515625,16054.3603515625,29611.5703125,104824.0,,24870.509765625,16.479999542236328
2021-11-08,4701.7001953125,16046.51953125,29507.05078125,104781.0,18068.55078125,24763.76953125,17.219999313354492
2021-11-09,4685.25,16040.4697265625,29285.4609375,105535.0,18044.25,24813.130859375,17.780000686645508
2021-11-10,4646.7099609375,16067.830078125,29106.779296875,105968.0,18017.19921875,24996.140625,18.729999542236328
2021-11-11,4649.27001953125,16083.1103515625,29277.859375,107725.0,17873.599609375,25247.990234375,17.65999984741211
2021-11-12,4682.85009765625,16094.0703125,29609.970703125,106312.0,18102.75,25327.970703125,16.290000915527344
2021-11-15,4682.7998046875,16148.6396484375,29776.80078125,,18109.44921875,25390.91015625,16.489999771118164
2021-11-16,4700.89990234375,16247.8603515625,29808.119140625,104508.0,17999.19921875,25713.779296875,16.3700008392334
2021-11-17,4688.669921875,16251.1298828125,29688.330078125,102945.0,17898.650390625,25650.080078125,17.110000610351562
2021-11-18,4704.5400390625,16221.73046875,29598.66015625,102524.0,17764.80078125,25319.720703125,17.59000015258789
2021-11-19,4697.9599609375,16159.9697265625,29745.869140625,103035.0,,25049.970703125,17.90999984741211
2021-11-22,4682.93994140625,16115.6904296875,29774.109375,102122.0,17416.55078125,24951.33984375,19.170000076293945
2021-11-23,4690.7001953125,15937.0,,103663.0,17503.349609375,24651.580078125,19.3799991607666
2021-11-24,4701.4599609375,15878.3896484375,29302.66015625,104514.0,17415.05078125,24685.5,18.579999923706055
2021-11-25,,15917.98046875,29499.279296875,105811.0,17536.25,24740.16015625,
2021-11-26,4594.6201171875,15257.0400390625,28751.619140625,102224.0,17026.44921875,24080.51953125,28.6200008392334
2021-11-29,4655.27001953125,15280.8603515625,28283.919921875,102814.0,17053.94921875,23852.240234375,22.959999084472656
2021-11-30,4567.0,15100.1298828125,27821.759765625,101915.0,16983.19921875,23475.259765625,27.190000534057617
2021-12-01,4513.0400390625,15472.669921875,27935.619140625,100775.0,17166.900390625,23658.919921875,31.1200008392334
2021-12-02,4577.10009765625,15263.1103515625,27753.369140625,104466.0,17401.650390625,23788.9296875,27.950000762939453
2021-12-03,4538.43017578125,15169.98046875,28029.5703125,105070.0,17196.69921875,23766.689453125,30.670000076293945
2021-12-06,4591.669921875,15380.7900390625,27927.369140625,106859.0,16912.25,23349.380859375,27.18000030517578
2021-12-07,4686.75,15813.9404296875,28455.599609375,107558.0,17176.69921875,23983.66015625,21.889999389648438
2021-12-08,4701.2099609375,15687.08984375,28860.619140625,108096.0,17469.75,23996.869140625,19.899999618530273
2021-12-09,4667.4501953125,15639.259765625,28725.470703125,106291.0,17516.849609375,24254.859375,21.579999923706055
2021-12-10,4712.02001953125,15623.3095703125,28437.76953125,107758.0,17511.30078125,23995.720703125,18.690000534057617
2021-12-13,4668.97021484375,15621.7197265625,28640.490234375,107383.0,17368.25,23954.580078125,20.309999465942383
2021-12-14,4634.08984375,15453.5595703125,28432.640625,106760.0,17324.900390625,23635.94921875,21.889999389648438
2021-12-15,4709.85009765625,15476.349609375,28459.720703125,107370.0,17221.400390625,23420.759765625,19.290000915527344
2021-12-16,4668.669921875,15636.400390625,29066.3203125,108212.0,17248.400390625,23475.5,20.56999969482422
2021-12-17,4620.64013671875,15531.6904296875,28545.6796875,107201.0,16985.19921875,23192.630859375,21.56999969482422
2021-12-20,4568.02001953125,15239.669921875,27937.810546875,105020.0,16614.19921875,22744.859375,22.8700008392334
2021-12-21,4649.22998046875,15447.4404296875,28517.58984375,105500.0,16770.849609375,22971.330078125,21.010000228881836
2021-12-22,4696.56005859375,15593.4697265625,28562.2109375,105244.0,16955.44921875,23102.330078125,18.6299991607666
2021-12-23,4725.7900390625,15756.3095703125,28798.369140625,104891.0,17072.599609375,23193.640625,17.959999084472656
2021-12-24,,,28782.58984375,,17003.75,23223.759765625,
2021-12-27,4791.18994140625,15835.25,28676.4609375,105531.0,17086.25,,17.68000030517578
2021-12-28,4786.35009765625,15963.7001953125,29069.16015625,104864.0,17233.25,23280.560546875,17.540000915527344
2021-12-29,4793.06005859375,15852.25,28906.880859375,104107.0,17213.599609375,23086.5390625,16.950000762939453
2021-12-30,4778.72998046875,15884.8603515625,28791.7109375,104822.0,17203.94921875,23112.009765625,17.329999923706055
2021-12-31,4766.18017578125,,,,17354.05078125,23397.669921875,17.219999313354492
2022-01-03,4796.56005859375,16020.73046875,,103922.0,17625.69921875,23274.75,16.600000381469727
2022-01-04,4793.5400390625,16152.6103515625,29301.7890625,103514.0,17805.25,23289.83984375,16.90999984741211
2022-01-05,4700.580078125,16271.75,29332.16015625,101006.0,17925.25,22907.25,19.729999542236328
2022-01-06,4696.0498046875,16052.0302734375,28487.869140625,101561.0,17745.900390625,23072.859375,19.610000610351562
2022-01-07,4677.02978515625,15947.740234375,28478.560546875,102719.0,17812.69921875,23493.380859375,18.760000228881836
2022-01-10,4670.2900390625,15768.26953125,,101945.0,18003.30078125,23746.5390625,19.399999618530273
2022-01-11,4713.06982421875,15941.8095703125,28222.48046875,103779.0,18055.75,23739.060546875,18.40999984741211
2022-01-12,4726.35009765625,16010.3203125,28765.66015625,105686.0,18212.349609375,24402.169921875,17.6200008392334
2022-01-13,4659.02978515625,16031.58984375,28489.130859375,105530.0,18257.80078125,24429.76953125,20.309999465942383
2022-01-14,4662.85009765625,15883.240234375,28124.279296875,106928.0,18255.75,24383.3203125,19.190000534057617
2022-01-17,,15933.7197265625,28333.51953125,106692.0,18308.099609375,24218.029296875,
2022-01-18,4577.10986328125,15772.5595703125,28257.25,106522.0,18113.05078125,24112.779296875,22.790000915527344
2022-01-19,4532.759765625,15809.7197265625,27467.23046875,108013.0,17938.400390625,24127.849609375,23.850000381469727
2022-01-20,4482.72998046875,15912.330078125,27772.9296875,109102.0,17757.0,24952.349609375,25.59000015258789
2022-01-21,4397.93994140625,15603.8798828125,27522.259765625,108942.0,17617.150390625,24965.55078125,28.850000381469727
2022-01-24,4410.1298828125,15011.1298828125,27588.369140625,107752.0,17149.099609375,24656.4609375,29.899999618530273
2022-01-25,4356.4501953125,15123.8701171875,27131.33984375,109845.0,17277.94921875,24243.609375,31.15999984741211
2022-01-26,4349.93017578125,15459.3896484375,27011.330078125,111573.0,,24289.900390625,31.959999084472656
2022-01-27,4326.509765625,15524.26953125,26170.30078125,112315.0,17110.150390625,23807.0,30.489999771118164
2022-01-28,4431.85009765625,15318.9501953125,26717.33984375,111478.0,17101.94921875,23550.080078125,27.65999984741211
2022-01-31,4515.5498046875,15471.2001953125,27001.98046875,112388.0,17339.849609375,23802.259765625,24.829999923706055
2022-02-01,4546.5400390625,15619.3896484375,27078.48046875,113147.0,17576.849609375,,21.959999084472656
2022-02-02,4589.3798828125,15613.76953125,27533.599609375,112161.0,17780.0,,22.09000015258789
2022-02-03,4477.43994140625,15368.4697265625,27241.310546875,111696.0,17560.19921875,,24.350000381469727
2022-02-04,4500.52978515625,15099.5595703125,27439.990234375,112245.0,17516.30078125,24573.2890625,23.219999313354492
2022-02-07,4483.8701171875,15206.6396484375,27248.869140625,111996.0,17213.599609375,24579.55078125,22.860000610351562
2022-02-08,4521.5400390625,15242.3798828125,27284.51953125,112234.0,17266.75,24329.490234375,21.440000534057617
2022-02-09,4587.18017578125,15482.009765625,27579.869140625,112461.0,17463.80078125,24829.990234375,19.959999084472656
2022-02-10,4504.080078125,15490.4404296875,27696.080078125,113359.0,17605.849609375,24924.349609375,23.90999984741211
2022-02-11,4418.64013671875,15425.1201171875,,113572.0,17374.75,24906.66015625,27.360000610351562
2022-02-14,4401.669921875,15113.9697265625,27079.58984375,113807.0,16842.80078125,24556.5703125,28.329999923706055
2022-02-15,4471.06982421875,15412.7099609375,26865.189453125,114660.0,17352.44921875,24355.7109375,25.700000762939453
2022-02-16,4475.009765625,15396.0703125,27460.400390625,115181.0,17322.19921875,24718.900390625,24.290000915527344
2022-02-17,4380.259765625,15267.6298828125,27232.869140625,113528.0,17304.599609375,24792.76953125,28.110000610351562
2022-02-18,4348.8701171875,15042.509765625,27122.0703125,112768.0,17276.30078125,24327.7109375,27.75
2022-02-21,,14731.1201171875,26910.869140625,111725.0,17206.650390625,24170.0703125,
2022-02-22,4304.759765625,14693.0,26449.609375,112892.0,17092.19921875,23520.0,28.809999465942383
2022-02-23,4225.5,14631.3603515625,,112008.0,17063.25,23660.279296875,31.020000457763672
2022-02-24,4288.7001953125,14052.099609375,25970.8203125,111592.0,16247.9501953125,22901.560546875,30.31999969482422
2022-02-25,4384.64990234375,14567.23046875,26476.5,113142.0,16658.400390625,22767.1796875,27.59000015258789
2022-02-28,4373.93994140625,14461.01953125,26526.8203125,,16793.900390625,22713.01953125,30.149999618530273
2022-03-01,4306.259765625,13904.849609375,26844.720703125,,,22761.7109375,33.31999969482422
2022-03-02,4386.5400390625,14000.1103515625,26393.029296875,115174.0,16605.94921875,22343.919921875,30.739999771118164
2022-03-03,4363.490234375,13698.400390625,26577.26953125,115166.0,16498.05078125,22467.33984375,30.479999542236328
2022-03-04,4328.8701171875,13094.5400390625,25985.470703125,114474.0,16245.349609375,21905.2890625,31.979999542236328
2022-03-07,4201.08984375,12834.650390625,25221.41015625,111593.0,15863.150390625,21057.630859375,36.45000076293945
2022-03-08,4170.7001953125,12831.509765625,24790.94921875,111203.0,16013.4501953125,20765.869140625,35.130001068115234
2022-03-09,4277.8798828125,13847.9296875,24717.529296875,113900.0,16345.349609375,20627.7109375,32.45000076293945
2022-03-10,4259.52001953125,13442.099609375,25690.400390625,113663.0,16594.900390625,20890.259765625,30.229999542236328
2022-03-11,4204.31005859375,13628.1103515625,25162.779296875,111713.0,16630.44921875,20553.7890625,30.75
2022-03-14,4173.10986328125,13929.1103515625,25307.849609375,109928.0,16871.30078125,19531.66015625,31.770000457763672
2022-03-15,4262.4501953125,13917.26953125,25346.48046875,108959.0,16663.0,18415.080078125,29.829999923706055
2022-03-16,4357.85986328125,14440.740234375,25762.009765625,111112.0,16975.349609375,20087.5,26.670000076293945
2022-03-17,4411.669921875,14388.0595703125,26652.890625,113076.0,17287.05078125,21501.23046875,25.670000076293945
2022-03-18,4463.1201171875,14413.08984375,26827.4296875,115311.0,,21412.400390625,23.8700008392334
2022-03-21,4461.18017578125,14326.9697265625,,116155.0,17117.599609375,21221.33984375,23.530000686645508
2022-03-22,4511.60986328125,14473.2001953125,27224.109375,117272.0,17315.5,21889.279296875,22.940000534057617
2022-03-23,4456.240234375,14283.650390625,28040.16015625,117457.0,17245.650390625,22154.080078125,23.56999969482422
2022-03-24,4520.16015625,14273.7900390625,28110.390625,119053.0,17222.75,21945.94921875,21.670000076293945
2022-03-25,4543.06005859375,14305.759765625,28149.83984375,119081.0,17153.0,21404.880859375,20.809999465942383
2022-03-28,4575.52001953125,14417.3701171875,27943.890625,118738.0,17222.0,21684.970703125,19.6299991607666
2022-03-29,4631.60009765625,14820.330078125,28252.419921875,120014.0,17325.30078125,21927.630859375,18.899999618530273
2022-03-30,4602.4501953125,14606.0498046875,28027.25,120260.0,17498.25,22232.029296875,19.329999923706055
2022-03-31,4530.41015625,14414.75,27821.4296875,119999.0,17464.75,21996.849609375,20.559999465942383
2022-04-01,4545.85986328125,14446.48046875,27665.98046875,121570.0,17670.44921875,22039.55078125,19.6299991607666
2022-04-04,4582.64013671875,14518.16015625,27736.470703125,121280.0,18053.400390625,22502.310546875,18.56999969482422
2022-04-05,4525.1201171875,14424.3603515625,27787.98046875,118885.0,17957.400390625,,21.030000686645508
2022-04-06,4481.14990234375,14151.6904296875,27350.30078125,118228.0,17807.650390625,22080.51953125,22.100000381469727
2022-04-07,4500.2099609375,14078.150390625,26888.5703125,118862.0,17639.55078125,21808.98046875,21.549999237060547
2022-04-08,4488.27978515625,14283.669921875,26985.80078125,118322.0,17784.349609375,21872.009765625,21.15999984741211
2022-04-11,4412.52978515625,14192.7802734375,26821.51953125,116953.0,17674.94921875,21208.30078125,24.3700008392334
2022-04-12,4397.4501953125,14124.9501953125,26334.98046875,116147.0,17530.30078125,21319.130859375,24.260000228881836
2022-04-13,4446.58984375,14076.4404296875,26843.490234375,116782.0,17475.650390625,21374.369140625,21.81999969482422
2022-04-14,4392.58984375,14163.849609375,27172.0,116182.0,,21518.080078125,22.700000762939453
2022-04-15,,,27093.189453125,,,,
2022-04-18,4391.68994140625,,26799.7109375,115687.0,17173.650390625,,22.170000076293945
2022-04-19,4462.2099609375,14153.4599609375,26985.08984375,115057.0,16958.650390625,21027.759765625,21.3700008392334
2022-04-20,4459.4501953125,14362.0302734375,27217.849609375,114344.0,17136.55078125,20944.669921875,20.31999969482422
2022-04-21,4393.66015625,14502.41015625,27553.060546875,,17392.599609375,20682.220703125,22.68000030517578
2022-04-22,4271.77978515625,14142.08984375,27105.259765625,111078.0,17171.94921875,20638.51953125,28.209999084472656
2022-04-25,4296.1201171875,13924.169921875,26590.779296875,110685.0,16953.94921875,19869.33984375,27.020000457763672
2022-04-26,4175.2001953125,13756.400390625,26700.109375,108213.0,17200.80078125,19934.7109375,33.52000045776367
2022-04-27,4183.9599609375,13793.9404296875,26386.630859375,109349.0,17038.400390625,19946.359375,31.600000381469727
2022-04-28,4287.5,13979.83984375,26847.900390625,109919.0,17245.05078125,20276.169921875,29.989999771118164
2022-04-29,4131.93017578125,14097.8798828125,,107876.0,17102.55078125,21089.390625,33.400001525878906
2022-05-02,4155.3798828125,13939.0703125,26818.529296875,106639.0,17069.099609375,,32.34000015258789
2022-05-03,4175.47998046875,14039.4697265625,,106528.0,,21101.890625,29.25
2022-05-04,4300.169921875,13970.8203125,,108344.0,16677.599609375,20869.51953125,25.420000076293945
2022-05-05,4146.8701171875,13902.51953125,,105304.0,16682.650390625,20793.400390625,31.200000762939453
2022-05-06,4123.33984375,13674.2900390625,27003.560546875,105135.0,16411.25,20001.9609375,30.190000534057617
2022-05-09,3991.239990234375,13380.669921875,26319.33984375,103250.0,16301.849609375,,34.75
2022-05-10,4001.050048828125,13534.740234375,26167.099609375,103110.0,16240.0498046875,19633.689453125,32.9900016784668
2022-05-11,3935.179931640625,13828.6396484375,26213.640625,104397.0,16167.099609375,19824.5703125,32.560001373291016
2022-05-12,3930.080078125,13739.6396484375,25748.720703125,105688.0,15808.0,19380.33984375,31.770000457763672
2022-05-13,4023.889892578125,14027.9296875,26427.650390625,106924.0,15782.150390625,19898.76953125,28.8700008392334
2022-05-16,4008.010009765625,13964.3798828125,26547.05078125,108233.0,15842.2998046875,19950.2109375,27.469999313354492
2022-05-17,4088.85009765625,14185.9404296875,26659.75,108789.0,16259.2998046875,20602.51953125,26.100000381469727
2022-05-18,3923.679931640625,14007.759765625,26911.19921875,106247.0,16240.2998046875,20644.279296875,30.959999084472656
2022-05-19,3900.7900390625,13882.2998046875,26402.83984375,107005.0,15809.400390625,20120.6796875,29.350000381469727
2022-05-20,3901.360107421875,13981.91015625,26739.029296875,108488.0,16266.150390625,20717.240234375,29.43000030517578
2022-05-23,3973.75,14175.400390625,27001.51953125,110346.0,16214.7001953125,20470.060546875,28.479999542236328
2022-05-24,3941.47998046875,13919.75,26748.140625,110581.0,16125.150390625,20112.099609375,29.450000762939453
2022-05-25,3978.72998046875,14007.9296875,26677.80078125,110580.0,16025.7998046875,20171.26953125,28.3700008392334
2022-05-26,4057.840087890625,14231.2900390625,26604.83984375,111890.0,16170.150390625,20116.19921875,27.5
2022-05-27,4158.240234375,14462.1904296875,26781.6796875,111942.0,16352.4501953125,20697.359375,25.719999313354492
2022-05-30,,14575.98046875,27369.4296875,111032.0,16661.400390625,21123.9296875,
2022-05-31,4132.14990234375,14388.349609375,27279.80078125,111351.0,16584.55078125,21415.19921875,26.190000534057617
2022-06-01,4101.22998046875,14340.4697265625,27457.890625,111360.0,16522.75,21294.939453125,25.690000534057617
2022-06-02,4176.81982421875,14485.169921875,27413.880859375,112393.0,16628.0,21082.130859375,24.719999313354492
2022-06-03,4108.5400390625,14460.08984375,27761.5703125,111102.0,16584.30078125,,24.790000915527344
2022-06-06,4121.43017578125,14653.8095703125,27915.890625,110186.0,16569.55078125,21653.900390625,25.06999969482422
2022-06-07,4160.68017578125,14556.6201171875,27943.94921875,110070.0,16416.349609375,21531.669921875,24.020000457763672
2022-06-08,4115.77001953125,14445.990234375,28234.2890625,108368.0,16356.25,22014.58984375,23.959999084472656
2022-06-09,4017.820068359375,14198.7998046875,28246.529296875,107094.0,16478.099609375,21869.05078125,26.09000015258789
2022-06-10,3900.860107421875,13761.830078125,27824.2890625,105481.0,16201.7998046875,21806.1796875,27.75
2022-06-13,3749.6298828125,13427.0302734375,26987.439453125,102598.0,15774.400390625,21067.580078125,34.02000045776367
2022-06-14,3735.47998046875,13304.3896484375,26629.859375,102063.0,15732.099609375,21067.990234375,32.689998626708984
2022-06-15,3789.989990234375,13485.2900390625,26326.16015625,102807.0,15692.150390625,21308.2109375,29.6200008392334
2022-06-16,3666.77001953125,13038.490234375,26431.19921875,,15360.599609375,20845.4296875,32.95000076293945
2022-06-17,3674.840087890625,13126.259765625,25963.0,99825.0,15293.5,21075.0,31.1299991607666
2022-06-20,,13265.599609375,25771.220703125,99853.0,15350.150390625,21163.91015625,
2022-06-21,3764.7900390625,13292.400390625,26246.310546875,99685.0,15638.7998046875,21559.58984375,30.190000534057617
2022-06-22,3759.889892578125,13144.2802734375,26149.55078125,99522.0,15413.2998046875,21008.33984375,28.950000762939453
2022-06-23,3795.72998046875,12912.58984375,26171.25,98080.0,15556.650390625,21273.869140625,29.049999237060547
2022-06-24,3911.739990234375,13118.1298828125,26491.970703125,98672.0,15699.25,21719.060546875,27.229999542236328
2022-06-27,3900.110107421875,13186.0703125,26871.26953125,100764.0,15832.0498046875,22229.51953125,26.950000762939453
2022-06-28,3821.550048828125,13231.8203125,27049.470703125,100591.0,15850.2001953125,22418.970703125,28.360000610351562
2022-06-29,3818.830078125,13003.349609375,26804.599609375,99622.0,15799.099609375,21996.890625,28.15999984741211
2022-06-30,3785.3798828125,12783.76953125,26393.0390625,98542.0,15780.25,21859.7890625,28.709999084472656
2022-07-01,3825.330078125,12813.0302734375,25935.619140625,98954.0,15752.0498046875,,26.700000762939453
2022-07-04,,12773.3798828125,26153.810546875,98609.0,15835.349609375,21830.349609375,
2022-07-05,3831.389892578125,12401.2001953125,26423.470703125,98295.0,15810.849609375,21853.0703125,27.540000915527344
2022-07-06,3845.080078125,12594.51953125,26107.650390625,98719.0,15989.7998046875,21586.66015625,26.729999542236328
2022-07-07,3902.6201171875,12843.2197265625,26490.529296875,100730.0,16132.900390625,21643.580078125,26.079999923706055
2022-07-08,3899.3798828125,13015.23046875,26517.189453125,100289.0,16220.599609375,21725.779296875,24.639999389648438
2022-07-11,3854.429931640625,12832.4404296875,26812.30078125,98212.0,16216.0,21124.19921875,26.170000076293945
2022-07-12,3818.800048828125,12905.48046875,26336.66015625,98271.0,16058.2998046875,20844.740234375,27.290000915527344
2022-07-13,3801.780029296875,12756.3203125,26478.76953125,97881.0,15966.650390625,20797.94921875,26.81999969482422
2022-07-14,3790.3798828125,12519.66015625,26643.390625,96121.0,15938.650390625,20751.2109375,26.399999618530273
2022-07-15,3863.159912109375,12864.7197265625,26788.470703125,96551.0,16049.2001953125,20297.720703125,24.229999542236328
2022-07-18,3830.85009765625,12959.8095703125,,96916.0,16278.5,20846.1796875,25.299999237060547
2022-07-19,3936.68994140625,13308.41015625,26961.6796875,98245.0,16340.5498046875,20661.060546875,24.5
2022-07-20,3959.89990234375,13281.98046875,27680.259765625,98287.0,16520.849609375,20890.220703125,23.8799991607666
2022-07-21,3998.949951171875,13246.6396484375,27803.0,99033.0,16605.25,20574.630859375,23.110000610351562
2022-07-22,3961.6298828125,13253.6796875,27914.66015625,98925.0,16719.44921875,20609.140625,23.030000686645508
2022-07-25,3966.840087890625,13210.3203125,27699.25,100270.0,16631.0,20562.939453125,23.360000610351562
2022-07-26,3921.050048828125,13096.9296875,27655.2109375,99772.0,16483.849609375,20905.880859375,24.690000534057617
2022-07-27,4023.610107421875,13166.3798828125,27715.75,101438.0,16641.80078125,20670.0390625,23.239999771118164
2022-07-28,4072.429931640625,13282.1103515625,27815.48046875,102597.0,16929.599609375,20622.6796875,22.329999923706055
2022-07-29,4130.2900390625,13484.0498046875,27801.640625,103165.0,17158.25,20156.509765625,21.329999923706055
2022-08-01,4118.6298828125,13479.6298828125,27993.349609375,102225.0,17340.05078125,20165.83984375,22.84000015258789
2022-08-02,4091.18994140625,13449.2001953125,27594.73046875,103362.0,17345.44921875,19689.2109375,23.93000030517578
2022-08-03,4155.169921875,13587.5595703125,27741.900390625,103775.0,17388.150390625,19767.08984375,21.950000762939453
2022-08-04,4151.93994140625,13662.6796875,27932.19921875,105892.0,17382.0,20174.0390625,21.440000534057617
2022-08-05,4145.18994140625,13573.9296875,28175.869140625,106472.0,17397.5,20201.939453125,21.149999618530273
2022-08-08,4140.06005859375,13687.6904296875,28249.240234375,108402.0,17525.099609375,20045.76953125,21.290000915527344
2022-08-09,4122.47021484375,13534.9697265625,27999.9609375,108651.0,,20003.439453125,21.770000457763672
2022-08-10,4210.240234375,13700.9296875,27819.330078125,110236.0,17534.75,19610.83984375,19.739999771118164
2022-08-11,4207.27001953125,13694.509765625,,109718.0,17659.0,20082.4296875,20.200000762939453
2022-08-12,4280.14990234375,13795.849609375,28546.98046875,112764.0,17698.150390625,20175.619140625,19.530000686645508
2022-08-15,4297.14013671875,13816.6103515625,28871.779296875,113032.0,,20040.859375,19.950000762939453
2022-08-16,4305.2001953125,13910.1201171875,28868.91015625,113512.0,17825.25,19830.51953125,19.690000534057617
2022-08-17,4274.0400390625,13626.7099609375,29222.76953125,113708.0,17944.25,19922.44921875,19.899999618530273
2022-08-18,4283.740234375,13697.41015625,28942.140625,113813.0,17956.5,19763.91015625,19.559999465942383
2022-08-19,4228.47998046875,13544.51953125,28930.330078125,111496.0,17758.44921875,19773.029296875,20.600000381469727
2022-08-22,4137.990234375,13230.5703125,28794.5,110501.0,17490.69921875,19656.98046875,23.799999237060547
2022-08-23,4128.72998046875,13194.23046875,28452.75,112857.0,17577.5,19503.25,24.110000610351562
2022-08-24,4140.77001953125,13220.0595703125,28313.470703125,112898.0,17604.94921875,19268.740234375,22.81999969482422
2022-08-25,4199.1201171875,13271.9599609375,28479.009765625,113532.0,17522.44921875,19968.380859375,21.780000686645508
2022-08-26,4057.659912109375,12971.4697265625,28641.380859375,112299.0,17558.900390625,20170.0390625,25.559999465942383
2022-08-29,4030.610107421875,12892.990234375,27878.9609375,112323.0,17312.900390625,20023.220703125,26.209999084472656
2022-08-30,3986.159912109375,12961.1396484375,28195.580078125,110431.0,17759.30078125,19949.029296875,26.209999084472656
2022-08-31,3955.0,12834.9599609375,28091.529296875,109523.0,,19954.390625,25.8700008392334
2022-09-01,3966.85009765625,12630.23046875,27661.470703125,110405.0,17542.80078125,19597.310546875,25.559999465942383
2022-09-02,3924.260009765625,13050.26953125,27650.83984375,110864.0,17539.44921875,19452.08984375,25.469999313354492
2022-09-05,,12760.7802734375,27619.609375,112203.0,17665.80078125,19225.69921875,
2022-09-06,3908.18994140625,12871.4404296875,27626.509765625,109764.0,17655.599609375,19202.73046875,26.90999984741211
2022-09-07,3979.8701171875,12915.9697265625,27430.30078125,,17624.400390625,19044.30078125,24.639999389648438
2022-09-08,4006.179931640625,12904.3203125,28065.279296875,109916.0,17798.75,18854.619140625,23.610000610351562
2022-09-09,4067.360107421875,13088.2099609375,28214.75,112300.0,17833.349609375,19362.25,22.790000915527344
2022-09-12,4110.41015625,13402.26953125,28542.109375,113407.0,17936.349609375,,23.8700008392334
2022-09-13,3932.68994140625,13188.9501953125,28614.630859375,110794.0,18070.05078125,19326.859375,27.270000457763672
2022-09-14,3946.010009765625,13028.0,27818.619140625,110547.0,18003.75,18847.099609375,26.15999984741211
2022-09-15,3901.35009765625,12956.66015625,27875.91015625,109954.0,17877.400390625,18930.380859375,26.270000457763672
2022-09-16,3873.330078125,12741.259765625,27567.650390625,109280.0,17530.849609375,18761.689453125,26.299999237060547
2022-09-19,3899.889892578125,12803.240234375,,111824.0,17622.25,18565.970703125,25.760000228881836
2022-09-20,3855.929931640625,12670.830078125,27688.419921875,112517.0,17816.25,18781.419921875,27.15999984741211
2022-09-21,3789.929931640625,12767.150390625,27313.130859375,111936.0,17718.349609375,18444.619140625,27.989999771118164
2022-09-22,3757.989990234375,12531.6298828125,27153.830078125,114070.0,17629.80078125,18147.94921875,27.350000381469727
2022-09-23,3693.22998046875,12284.1904296875,,111716.0,17327.349609375,17933.26953125,29.920000076293945
2022-09-26,3655.0400390625,12227.919921875,26431.55078125,109114.0,17016.30078125,17855.140625,32.2599983215332
2022-09-27,3647.2900390625,12139.6796875,26571.869140625,108376.0,17007.400390625,17860.310546875,32.599998474121094
2022-09-28,3719.0400390625,12183.2802734375,26173.98046875,108451.0,16858.599609375,17250.880859375,30.18000030517578
2022-09-29,3640.469970703125,11975.5498046875,26422.05078125,107664.0,16818.099609375,17165.869140625,31.84000015258789
2022-09-30,3585.6201171875,12114.3603515625,25937.2109375,110037.0,17094.349609375,17222.830078125,31.6200008392334
2022-10-03,3678.429931640625,12209.48046875,26215.7890625,116134.0,16887.349609375,17079.509765625,30.100000381469727
2022-10-04,3790.929931640625,12670.48046875,26992.2109375,116230.0,17274.30078125,,29.06999969482422
2022-10-05,3783.280029296875,12517.1796875,27120.529296875,117198.0,,18087.970703125,28.549999237060547
2022-10-06,3744.52001953125,12470.7802734375,27311.30078125,117561.0,17331.80078125,18012.150390625,30.520000457763672
2022-10-07,3639.659912109375,12273.0,27116.109375,116375.0,17314.650390625,17740.05078125,31.360000610351562
2022-10-10,3612.389892578125,12272.9404296875,,115941.0,17241.0,17216.66015625,32.45000076293945
2022-10-11,3588.840087890625,12220.25,26401.25,114827.0,16983.55078125,16832.359375,33.630001068115234
2022-10-12,3577.030029296875,12172.259765625,26396.830078125,,17123.599609375,16701.029296875,33.56999969482422
2022-10-13,3669.909912109375,12355.580078125,26237.419921875,114300.0,17014.349609375,16389.109375,31.940000534057617
2022-10-14,3583.070068359375,12437.8095703125,27090.759765625,112072.0,17185.69921875,16587.689453125,32.02000045776367
2022-10-17,3677.949951171875,12649.0302734375,26775.7890625,113624.0,17311.80078125,16612.900390625,31.3700008392334
2022-10-18,3719.97998046875,12765.6103515625,27156.140625,115743.0,17486.94921875,16914.580078125,30.5
2022-10-19,3695.159912109375,12741.41015625,27257.380859375,116274.0,17512.25,16511.279296875,30.760000228881836
2022-10-20,3665.780029296875,12767.41015625,27006.9609375,117171.0,17563.94921875,16280.2197265625,29.979999542236328
2022-10-21,3752.75,12730.900390625,26890.580078125,119929.0,17576.30078125,16211.1201171875,29.690000534057617
2022-10-24,3797.340087890625,12931.4501953125,26974.900390625,116013.0,17730.75,15180.6904296875,29.850000381469727
2022-10-25,3859.110107421875,13052.9599609375,27250.279296875,114626.0,17656.349609375,15165.58984375,28.459999084472656
2022-10-26,3830.60009765625,13195.8095703125,27431.83984375,112764.0,,15317.669921875,27.280000686645508
2022-10-27,3807.300048828125,13211.23046875,27345.240234375,114641.0,17736.94921875,15427.9404296875,27.389999389648438
2022-10-28,3901.06005859375,13243.330078125,27105.19921875,114539.0,17786.80078125,14863.0595703125,25.75
2022-10-31,3871.97998046875,13253.740234375,27587.4609375,116037.0,18012.19921875,14687.01953125,25.8799991607666
2022-11-01,3856.10009765625,13338.740234375,27678.919921875,116929.0,18145.400390625,15455.26953125,25.809999465942383
2022-11-02,3759.68994140625,13256.740234375,27663.390625,,18082.849609375,15827.169921875,25.860000610351562
2022-11-03,3719.889892578125,13130.1904296875,,116896.0,18052.69921875,15339.490234375,25.299999237060547
2022-11-04,3770.550048828125,13459.849609375,27199.740234375,118155.0,18117.150390625,16161.1396484375,24.549999237060547
2022-11-07,3806.800048828125,13533.51953125,27527.640625,115342.0,18202.80078125,16595.91015625,24.350000381469727
2022-11-08,3828.110107421875,13688.75,27872.109375,116160.0,,16557.310546875,25.540000915527344
2022-11-09,3748.570068359375,13666.3203125,27716.4296875,113580.0,18157.0,16358.51953125,26.09000015258789
2022-11-10,3956.3701171875,14146.08984375,27446.099609375,109775.0,18028.19921875,16081.0400390625,23.530000686645508
2022-11-11,3992.929931640625,14224.8603515625,28263.5703125,112253.0,18349.69921875,17325.66015625,22.520000457763672
2022-11-14,3957.25,14313.2998046875,27963.470703125,113161.0,18329.150390625,17619.7109375,23.729999542236328
2022-11-15,3991.72998046875,14378.509765625,27990.169921875,,18403.400390625,18343.119140625,24.540000915527344
2022-11-16,3958.7900390625,14234.0302734375,28028.30078125,110243.0,18409.650390625,18256.48046875,24.110000610351562
2022-11-17,3946.56005859375,14266.3798828125,27930.5703125,109703.0,18343.900390625,18045.66015625,23.93000030517578
2022-11-18,3965.340087890625,14431.8603515625,27899.76953125,108880.0,18307.650390625,17992.5390625,23.1200008392334
2022-11-21,3949.93994140625,14379.9296875,27944.7890625,109748.0,18159.94921875,17655.91015625,22.360000610351562
2022-11-22,4003.580078125,14422.349609375,28115.740234375,109037.0,18244.19921875,17424.41015625,21.290000915527344
2022-11-23,4027.260009765625,14427.58984375,,108683.0,18267.25,17523.810546875,20.350000381469727
2022-11-24,,14539.5595703125,28383.08984375,111831.0,18484.099609375,17660.900390625,
2022-11-25,4026.1201171875,14541.3798828125,28283.029296875,108977.0,18512.75,17573.580078125,20.5
2022-11-28,3963.93994140625,14383.3603515625,28162.830078125,108782.0,18562.75,17297.939453125,22.209999084472656
2022-11-29,3957.6298828125,14355.4501953125,28027.83984375,110910.0,18618.05078125,18204.6796875,21.889999389648438
2022-11-30,4080.110107421875,14397.0400390625,27968.990234375,112486.0,18758.349609375,18597.23046875,20.579999923706055
2022-12-01,4076.570068359375,14490.2998046875,28226.080078125,110926.0,18812.5,18736.439453125,19.84000015258789
2022-12-02,4071.699951171875,14529.3896484375,27777.900390625,111924.0,18696.099609375,18675.349609375,19.059999465942383
2022-12-05,3998.840087890625,14447.6103515625,27820.400390625,109401.0,18701.05078125,19518.2890625,20.75
2022-12-06,3941.260009765625,14343.1904296875,27885.869140625,109533.0,18642.75,19441.1796875,22.170000076293945
2022-12-07,3933.919921875,14261.1904296875,27686.400390625,109361.0,18560.5,18814.8203125,22.68000030517578
2022-12-08,3963.510009765625,14264.5595703125,27574.4296875,107245.0,18609.349609375,19450.23046875,22.290000915527344
2022-12-09,3934.3798828125,14370.7197265625,27901.009765625,107689.0,18496.599609375,19900.869140625,22.829999923706055
2022-12-12,3990.56005859375,14306.6298828125,27842.330078125,105264.0,18497.150390625,19463.630859375,25.0
2022-12-13,4019.64990234375,14497.8896484375,27954.849609375,103892.0,18608.0,19596.19921875,22.549999237060547
2022-12-14,3995.320068359375,14460.2001953125,28156.2109375,103803.0,18660.30078125,19673.44921875,21.139999389648438
2022-12-15,3895.75,13986.23046875,28051.69921875,103738.0,18414.900390625,19368.58984375,22.829999923706055
2022-12-16,3852.360107421875,13893.0703125,27527.119140625,102825.0,18269.0,19450.669921875,22.6200008392334
2022-12-19,3817.659912109375,13942.8701171875,27237.640625,104530.0,18420.44921875,19352.810546875,22.420000076293945
2022-12-20,3821.6201171875,13884.66015625,26568.029296875,106979.0,18385.30078125,19094.80078125,21.479999542236328
2022-12-21,3878.43994140625,14097.8203125,26387.720703125,107313.0,18199.099609375,19160.490234375,20.06999969482422
2022-12-22,3822.389892578125,13914.0703125,26507.869140625,107317.0,18127.349609375,19679.220703125,21.969999313354492
2022-12-23,3844.820068359375,13940.9296875,26235.25,109698.0,17806.80078125,19593.060546875,20.8700008392334
2022-12-26,,,26405.869140625,108738.0,18014.599609375,,
2022-12-27,3829.25,13995.099609375,26447.869140625,108347.0,18132.30078125,,21.649999618530273
2022-12-28,3783.219970703125,13925.599609375,26340.5,110237.0,18122.5,19898.91015625,22.139999389648438
2022-12-29,3849.280029296875,14071.7197265625,26093.669921875,110031.0,18191.0,19741.140625,21.440000534057617
2022-12-30,3839.5,13923.58984375,26094.5,,18105.30078125,19781.41015625,21.670000076293945
2023-01-02,,14069.259765625,,106376.0,18197.44921875,,
2023-01-03,3824.139892578125,14181.669921875,,104166.0,18232.55078125,20145.2890625,22.899999618530273
2023-01-04,3852.969970703125,14490.7802734375,25716.859375,105334.0,18042.94921875,20793.109375,22.010000228881836
2023-01-05,3808.10009765625,14436.3095703125,25820.80078125,107518.0,17992.150390625,21052.169921875,22.459999084472656
2023-01-06,3895.080078125,14610.01953125,25973.849609375,108836.0,17859.44921875,20991.640625,21.1299991607666
2023-01-09,3892.090087890625,14792.830078125,,109227.0,18101.19921875,21388.33984375,21.969999313354492
2023-01-10,3919.25,14774.599609375,26175.560546875,110912.0,17914.150390625,21331.4609375,20.579999923706055
2023-01-11,3969.610107421875,14947.91015625,26446.0,111763.0,17895.69921875,21436.05078125,21.09000015258789
2023-01-12,3983.169921875,15058.2998046875,26449.8203125,111877.0,17858.19921875,21514.099609375,18.829999923706055
2023-01-13,3999.090087890625,15086.51953125,26119.51953125,110916.0,17956.599609375,21738.66015625,18.350000381469727
2023-01-16,,15134.0400390625,25822.3203125,109213.0,17894.849609375,21746.720703125,
2023-01-17,3990.969970703125,15187.0703125,26138.6796875,111439.0,18053.30078125,21577.640625,19.360000610351562
2023-01-18,3928.860107421875,15181.7998046875,26791.119140625,112452.0,18165.349609375,21678.0,20.34000015258789
2023-01-19,3898.85009765625,14920.3603515625,26405.23046875,113006.0,18107.849609375,21650.98046875,20.520000457763672
2023-01-20,3972.610107421875,15033.5595703125,26553.529296875,112301.0,18027.650390625,22044.650390625,19.850000381469727
2023-01-23,4019.81005859375,15102.9501953125,26906.0390625,111709.0,18118.55078125,,19.809999465942383
2023-01-24,4016.949951171875,15093.1103515625,27299.189453125,113028.0,18118.30078125,,19.200000762939453
2023-01-25,4016.219970703125,15081.6396484375,27395.009765625,114195.0,17891.94921875,,19.079999923706055
2023-01-26,4060.429931640625,15132.849609375,27362.75,114109.0,,22566.779296875,18.729999542236328
2023-01-27,4070.56005859375,15150.0302734375,27382.560546875,112502.0,17604.349609375,22688.900390625,18.510000228881836
2023-01-30,4017.77001953125,15126.080078125,27433.400390625,111888.0,17648.94921875,22069.73046875,19.940000534057617
2023-01-31,4076.60009765625,15128.26953125,27327.109375,113532.0,17662.150390625,21842.330078125,19.399999618530273
2023-02-01,4119.2099609375,15180.740234375,27346.880859375,112303.0,17616.30078125,22072.1796875,17.8700008392334
2023-02-02,4179.759765625,15509.1904296875,27402.05078125,109935.0,17610.400390625,21958.359375,18.729999542236328
2023-02-03,4136.47998046875,15476.4296875,27509.4609375,108490.0,17854.05078125,21660.470703125,18.329999923706055
2023-02-06,4111.080078125,15345.91015625,27693.650390625,108456.0,17764.599609375,21222.16015625,19.43000030517578
2023-02-07,4164.0,15320.8798828125,27685.470703125,107920.0,17721.5,21298.69921875,18.65999984741211
2023-02-08,4117.85986328125,15412.0498046875,27606.4609375,109882.0,17871.69921875,21283.51953125,19.6299991607666
2023-02-09,4081.5,15523.419921875,27584.349609375,107783.0,17893.44921875,21624.359375,20.709999084472656
2023-02-10,4090.4599609375,15307.98046875,27670.98046875,108150.0,17856.5,21190.419921875,20.530000686645508
2023-02-13,4137.2900390625,15397.33984375,27427.3203125,108846.0,17770.900390625,21164.419921875,20.34000015258789
2023-02-14,4136.1298828125,15380.5595703125,27602.76953125,107659.0,17929.849609375,21113.759765625,18.90999984741211
2023-02-15,4147.60009765625,15506.33984375,27501.859375,109442.0,18015.849609375,20812.169921875,18.229999542236328
2023-02-16,4090.409912109375,15533.6396484375,27696.439453125,109905.0,18035.849609375,20987.669921875,20.170000076293945
2023-02-17,4079.090087890625,15482.0,27513.130859375,109303.0,17944.19921875,20719.810546875,20.020000457763672
2023-02-20,,15477.5498046875,27531.939453125,,17844.599609375,20886.9609375,
2023-02-21,3997.340087890625,15397.6201171875,27473.099609375,,17826.69921875,20529.490234375,22.8700008392334
2023-02-22,3991.050048828125,15399.8896484375,27104.3203125,107152.0,17554.30078125,20423.83984375,22.290000915527344
2023-02-23,4012.320068359375,15475.6904296875,,107720.0,17511.25,20351.349609375,21.139999389648438
2023-02-24,3970.0400390625,15209.740234375,27453.48046875,105873.0,17465.80078125,20010.0390625,21.670000076293945
2023-02-27,3982.239990234375,15381.4296875,27423.9609375,105711.0,17392.69921875,19943.509765625,20.950000762939453
2023-02-28,3970.14990234375,15365.1396484375,27445.560546875,104932.0,17303.94921875,19785.939453125,20.700000762939453
2023-03-01,3951.389892578125,15305.01953125,27516.529296875,104385.0,17450.900390625,20619.7109375,20.579999923706055
2023-03-02,3981.35009765625,15327.6396484375,27498.869140625,103326.0,17321.900390625,20429.4609375,19.59000015258789
2023-03-03,4045.639892578125,15578.3896484375,27927.470703125,103866.0,17594.349609375,20567.5390625,18.489999771118164
2023-03-06,4048.419921875,15653.580078125,28237.779296875,104700.0,17711.44921875,20603.189453125,18.610000610351562
2023-03-07,3986.3701171875,15559.5302734375,28309.16015625,104228.0,,20534.48046875,19.59000015258789
2023-03-08,3992.010009765625,15631.8701171875,28444.189453125,106540.0,17754.400390625,20051.25,19.110000610351562
2023-03-09,3918.320068359375,15633.2099609375,28623.150390625,105071.0,17589.599609375,19925.740234375,22.610000610351562
2023-03-10,3861.590087890625,15427.9697265625,28143.970703125,103618.0,17412.900390625,19319.919921875,24.799999237060547
2023-03-13,3855.760009765625,14959.4697265625,27832.9609375,103121.0,17154.30078125,19695.970703125,26.520000457763672
2023-03-14,3919.2900390625,15232.830078125,27222.0390625,102932.0,17043.30078125,19247.9609375,23.729999542236328
2023-03-15,3891.929931640625,14735.259765625,27229.48046875,102675.0,16972.150390625,19539.869140625,26.139999389648438
2023-03-16,3960.280029296875,14967.099609375,27010.609375,103435.0,16985.599609375,19203.91015625,22.989999771118164
2023-03-17,3916.639892578125,14768.2001953125,27333.7890625,101982.0,17100.05078125,19518.58984375,25.510000228881836
2023-03-20,3951.570068359375,14933.3798828125,26945.669921875,100923.0,16988.400390625,19000.7109375,24.149999618530273
2023-03-21,4002.8701171875,15195.33984375,,100998.0,17107.5,19258.759765625,21.3799991607666
2023-03-22,3936.969970703125,15216.1904296875,27466.609375,100221.0,17151.900390625,19591.4296875,22.260000228881836
2023-03-23,3948.719970703125,15210.3896484375,27419.609375,97926.0,17076.900390625,20049.640625,22.610000610351562
2023-03-24,3970.989990234375,14957.23046875,27385.25,98829.0,16945.05078125,19915.6796875,21.739999771118164
2023-03-27,3977.530029296875,15127.6796875,27476.869140625,99670.0,16985.69921875,19567.689453125,20.600000381469727
2023-03-28,3971.27001953125,15142.01953125,27518.25,101185.0,16951.69921875,19784.650390625,19.969999313354492
2023-03-29,4027.81005859375,15328.7802734375,27883.779296875,101793.0,17080.69921875,20192.400390625,19.1200008392334
2023-03-30,4050.830078125,15522.400390625,27782.9296875,103713.0,,20309.130859375,19.020000457763672
2023-03-31,4109.31005859375,15628.83984375,28041.48046875,101882.0,17359.75,20400.109375,18.700000762939453
2023-04-03,4124.509765625,15580.919921875,28188.150390625,101506.0,17398.05078125,20409.1796875,18.549999237060547
2023-04-04,4100.60009765625,15603.4697265625,28287.419921875,101869.0,,20274.58984375,19.0
2023-04-05,4090.3798828125,15520.169921875,27813.259765625,100978.0,17557.05078125,,19.079999923706055
2023-04-06,4105.02001953125,15597.8896484375,27472.630859375,100822.0,17599.150390625,20331.19921875,18.399999618530273
2023-04-07,,,27518.310546875,,,,
2023-04-10,4109.10986328125,,27633.66015625,101847.0,17624.05078125,,18.969999313354492
2023-04-11,4108.93994140625,15655.169921875,27923.369140625,106214.0,17722.30078125,20485.240234375,19.100000381469727
2023-04-12,4091.949951171875,15703.599609375,28082.69921875,106890.0,17812.400390625,20309.859375,19.09000015258789
2023-04-13,4146.22021484375,15729.4599609375,28156.970703125,106458.0,17828.0,20344.48046875,17.799999237060547
2023-04-14,4137.64013671875,15807.5,28493.470703125,106279.0,,20438.810546875,17.06999969482422
2023-04-17,4151.31982421875,15789.5302734375,28514.779296875,106016.0,17706.849609375,20782.44921875,16.950000762939453
2023-04-18,4154.8701171875,15882.669921875,28658.830078125,106163.0,17660.150390625,20650.509765625,16.829999923706055
2023-04-19,4154.52001953125,15895.2001953125,28606.759765625,103913.0,17618.75,20367.759765625,16.459999084472656
2023-04-20,4129.7900390625,15795.9697265625,28657.5703125,104367.0,17624.44921875,20396.970703125,17.170000076293945
2023-04-21,4133.52001953125,15881.66015625,28564.369140625,,17624.05078125,20075.73046875,16.770000457763672
2023-04-24,4137.0400390625,15863.9501953125,28593.51953125,103947.0,17743.400390625,19959.939453125,16.889999389648438
2023-04-25,4071.6298828125,15872.1298828125,28620.0703125,103220.0,17769.25,19617.880859375,18.760000228881836
2023-04-26,4055.989990234375,15795.73046875,28416.470703125,102312.0,17813.599609375,19757.26953125,18.84000015258789
2023-04-27,4135.35009765625,15800.4501953125,28457.6796875,102923.0,17915.05078125,19840.279296875,17.030000686645508
2023-04-28,4169.47998046875,15922.3798828125,28856.439453125,104432.0,18065.0,19894.5703125,15.779999732971191
2023-05-01,4167.8701171875,,29123.1796875,,,,16.079999923706055
2023-05-02,4119.580078125,15726.9404296875,29157.94921875,101927.0,18147.650390625,19933.810546875,17.780000686645508
2023-05-03,4090.75,15815.0595703125,,101797.0,18089.849609375,19699.16015625,18.34000015258789
2023-05-04,4061.219970703125,15734.240234375,,102174.0,18255.80078125,19948.73046875,20.09000015258789
2023-05-05,4136.25,15961.01953125,,105148.0,18069.0,20049.310546875,17.190000534057617
2023-05-08,4138.1201171875,15952.830078125,28949.880859375,106042.0,18264.400390625,20297.029296875,16.979999542236328
2023-05-09,4119.169921875,15955.48046875,29242.8203125,107114.0,18265.94921875,19867.580078125,17.709999084472656
2023-05-10,4137.64013671875,15896.23046875,29122.1796875,107448.0,18315.099609375,19762.19921875,16.940000534057617
2023-05-11,4130.6201171875,15834.91015625,29126.720703125,108256.0,18297.0,19743.7890625,16.93000030517578
2023-05-12,4124.080078125,15913.8203125,29388.30078125,108464.0,18314.80078125,19627.240234375,17.030000686645508
2023-05-15,4136.27978515625,15917.240234375,29626.33984375,109029.0,18398.849609375,19971.130859375,17.1200008392334
2023-05-16,4109.89990234375,15897.9296875,29842.990234375,108194.0,18286.5,19978.25,17.989999771118164
2023-05-17,4158.77001953125,15951.2998046875,30093.58984375,109460.0,18181.75,19560.5703125,16.8700008392334
2023-05-18,4198.0498046875,16163.3603515625,30573.9296875,110108.0,18129.94921875,19727.25,16.049999237060547
2023-05-19,4191.97998046875,16275.3798828125,30808.349609375,110745.0,18203.400390625,19450.5703125,16.809999465942383
2023-05-22,4192.6298828125,16223.990234375,31086.8203125,110213.0,18314.400390625,19678.169921875,17.209999084472656
2023-05-23,4145.580078125,16152.8603515625,30957.76953125,109929.0,18348.0,19431.25,18.530000686645508
2023-05-24,4115.240234375,15842.1298828125,30682.6796875,108800.0,18285.400390625,19115.9296875,20.030000686645508
2023-05-25,4151.27978515625,15793.7998046875,30801.130859375,110054.0,18321.150390625,18746.919921875,19.139999389648438
2023-05-26,4205.4501953125,15983.9697265625,30916.310546875,110906.0,18499.349609375,,17.950000762939453
2023-05-29,,15952.73046875,31233.5390625,110333.0,18598.650390625,18551.109375,
2023-05-30,4205.52001953125,15908.91015625,31328.16015625,108967.0,18633.849609375,18595.779296875,17.459999084472656
2023-05-31,4179.830078125,15664.01953125,30887.880859375,108335.0,18534.400390625,18234.26953125,17.940000534057617
2023-06-01,4221.02001953125,15853.66015625,31148.009765625,110565.0,18487.75,18216.91015625,15.649999618530273
2023-06-02,4282.3701171875,16051.23046875,31524.220703125,112558.0,18534.099609375,18949.939453125,14.600000381469727
2023-06-05,4273.7900390625,15963.8896484375,32217.4296875,112696.0,18593.849609375,19108.5,14.729999542236328
2023-06-06,4283.85009765625,15992.4404296875,32506.779296875,114610.0,18599.0,19099.279296875,13.960000038146973
2023-06-07,4267.52001953125,15960.5595703125,31913.740234375,115488.0,18726.400390625,19252.0,13.9399995803833
2023-06-08,4293.93017578125,15989.9599609375,31641.26953125,,18634.55078125,19299.1796875,13.649999618530273
2023-06-09,4298.85986328125,15949.83984375,32265.169921875,117019.0,18563.400390625,19389.94921875,13.829999923706055
2023-06-12,4338.93017578125,16097.8701171875,32434.0,117336.0,18601.5,19404.310546875,15.010000228881836
2023-06-13,4369.009765625,16230.6796875,33018.6484375,116743.0,18716.150390625,19521.419921875,14.609999656677246
2023-06-14,4372.58984375,16310.7900390625,33502.421875,119069.0,18755.900390625,19408.419921875,13.880000114440918
2023-06-15,4425.83984375,16290.1201171875,33485.48828125,119221.0,18688.099609375,19828.919921875,14.5
2023-06-16,4409.58984375,16357.6298828125,33706.078125,118758.0,18826.0,20040.369140625,13.539999961853027
2023-06-19,,16201.2001953125,33370.421875,119858.0,18755.44921875,19912.890625,
2023-06-20,4388.7099609375,16111.3203125,33388.91015625,119622.0,18816.69921875,19607.080078125,13.880000114440918
2023-06-21,4365.68994140625,16023.1298828125,33575.140625,120420.0,18856.849609375,19218.349609375,13.199999809265137
2023-06-22,4381.89013671875,15988.16015625,33264.87890625,118934.0,18771.25,,12.90999984741211
2023-06-23,4348.330078125,15829.9404296875,32781.5390625,118977.0,18665.5,18889.970703125,13.4399995803833
2023-06-26,4328.81982421875,15813.0595703125,32698.810546875,118243.0,18691.19921875,18794.130859375,14.25
2023-06-27,4378.41015625,15846.8603515625,32538.330078125,117523.0,18817.400390625,19148.130859375,13.739999771118164
2023-06-28,4376.85986328125,15949.0,33193.98828125,116681.0,18972.099609375,19172.05078125,13.430000305175781
2023-06-29,4396.43994140625,15946.7197265625,33234.140625,118383.0,,18934.359375,13.539999961853027
2023-06-30,4450.3798828125,16147.900390625,33189.0390625,118087.0,19189.05078125,18916.4296875,13.59000015258789
2023-07-03,4455.58984375,16081.0400390625,33753.328125,119673.0,19322.55078125,19306.58984375,13.569999694824219
2023-07-04,,16039.169921875,33422.51953125,119076.0,19389.0,19415.6796875,
2023-07-05,4446.81982421875,15937.580078125,33338.69921875,119549.0,19398.5,19110.380859375,14.180000305175781
2023-07-06,4411.58984375,15528.5400390625,32773.01953125,117426.0,19497.30078125,18533.05078125,15.4399995803833
2023-07-07,4398.9501953125,15603.400390625,32388.419921875,118898.0,19331.80078125,18365.69921875,14.829999923706055
2023-07-10,4409.52978515625,15673.16015625,32189.73046875,117942.0,19355.900390625,18479.720703125,15.069999694824219
2023-07-11,4439.259765625,15790.33984375,32203.5703125,117220.0,19439.400390625,18659.830078125,14.84000015258789
2023-07-12,4472.16015625,16023.0,31943.9296875,117666.0,19384.30078125,18860.94921875,13.539999961853027
2023-07-13,4510.0400390625,16141.0302734375,32419.330078125,119264.0,19413.75,19350.619140625,13.609999656677246
2023-07-14,4505.419921875,16105.0703125,32391.259765625,117711.0,19564.5,19413.779296875,13.34000015258789
2023-07-17,4522.7900390625,16068.650390625,,118219.0,19711.44921875,,13.479999542236328
2023-07-18,4554.97998046875,16125.490234375,32493.890625,117841.0,19749.25,19015.720703125,13.300000190734863
2023-07-19,4565.72021484375,16108.9296875,32896.03125,117552.0,19833.150390625,18952.310546875,13.760000228881836
2023-07-20,4534.8701171875,16204.2197265625,32490.51953125,118083.0,19979.150390625,18928.01953125,13.989999771118164
2023-07-21,4536.33984375,16177.2197265625,32304.25,120217.0,19745.0,19075.259765625,13.600000381469727
2023-07-24,4554.64013671875,16190.9501953125,32700.939453125,121342.0,19672.349609375,18668.150390625,13.90999984741211
2023-07-25,4567.4599609375,16211.58984375,32682.509765625,122008.0,19680.599609375,19434.400390625,13.859999656677246
2023-07-26,4566.75,16131.4599609375,32668.33984375,122560.0,19778.30078125,19365.140625,13.1899995803833
2023-07-27,4537.41015625,16406.029296875,32891.16015625,119990.0,19659.900390625,19639.109375,14.40999984741211
2023-07-28,4582.22998046875,16469.75,32759.23046875,120187.0,19646.05078125,19916.560546875,13.329999923706055
2023-07-31,4588.9599609375,16446.830078125,33172.21875,121943.0,19753.80078125,20078.939453125,13.630000114440918
2023-08-01,4576.72998046875,16240.400390625,33476.578125,121248.0,19733.55078125,20011.119140625,13.930000305175781
2023-08-02,4513.39013671875,16020.01953125,32707.689453125,120859.0,19526.55078125,19517.380859375,16.09000015258789
2023-08-03,4501.89013671875,15893.3798828125,32159.279296875,120586.0,19381.650390625,19420.869140625,15.920000076293945
2023-08-04,4478.02978515625,15951.8603515625,32192.75,119508.0,19517.0,19539.4609375,17.100000381469727
2023-08-07,4518.43994140625,15950.759765625,32254.560546875,119380.0,19597.30078125,19537.919921875,15.770000457763672
2023-08-08,4499.3798828125,15774.9296875,32377.2890625,119090.0,19570.849609375,19184.169921875,15.989999771118164
2023-08-09,4467.7099609375,15852.580078125,32204.330078125,118409.0,19632.55078125,19246.029296875,15.960000038146973
2023-08-10,4468.830078125,15996.51953125,32473.650390625,118350.0,19543.099609375,19248.259765625,15.850000381469727
2023-08-11,4464.0498046875,15832.169921875,,118065.0,19428.30078125,19075.189453125,14.84000015258789
2023-08-14,4489.72021484375,15904.25,32059.91015625,116810.0,19434.55078125,18773.55078125,14.819999694824219
2023-08-15,4437.85986328125,15767.2802734375,32238.890625,116171.0,,18581.109375,16.459999084472656
2023-08-16,4404.330078125,15789.4501953125,31766.8203125,115592.0,19465.0,18329.30078125,16.780000686645508
2023-08-17,4370.35986328125,15676.900390625,31626.0,114982.0,19365.25,18326.630859375,17.889999389648438
2023-08-18,4369.7099609375,15574.259765625,31450.759765625,115409.0,19310.150390625,17950.849609375,17.299999237060547
2023-08-21,4399.77001953125,15603.2802734375,31565.640625,114429.0,19393.599609375,17623.2890625,17.1299991607666
2023-08-22,4387.5498046875,15705.6201171875,31856.7109375,116156.0,19396.44921875,17791.009765625,16.969999313354492
2023-08-23,4436.009765625,15728.41015625,32010.259765625,118135.0,19444.0,17845.919921875,15.979999542236328
2023-08-24,4376.31005859375,15621.490234375,32287.2109375,117026.0,19386.69921875,18212.169921875,17.200000762939453
2023-08-25,4405.7099609375,15631.8203125,31624.279296875,115837.0,19265.80078125,18119.390625,15.680000305175781
2023-08-28,4433.31005859375,15792.6103515625,32169.990234375,117121.0,19306.05078125,18130.740234375,15.079999923706055
2023-08-29,4497.6298828125,15930.8798828125,32226.970703125,118404.0,19342.650390625,18484.029296875,14.449999809265137
2023-08-30,4514.8701171875,15891.9296875,32333.4609375,117535.0,19347.44921875,18482.859375,13.880000114440918
2023-08-31,4507.66015625,15947.080078125,32619.33984375,115742.0,19253.80078125,18382.060546875,13.569999694824219
2023-09-01,4515.77001953125,15840.33984375,32710.619140625,117893.0,19435.30078125,,13.09000015258789
2023-09-04,,15824.849609375,32939.1796875,117777.0,19528.80078125,18844.16015625,
2023-09-05,4496.830078125,15771.7099609375,33036.76171875,117331.0,19574.900390625,18456.91015625,14.010000228881836
2023-09-06,4465.47998046875,15741.3701171875,33241.01953125,115985.0,19611.05078125,18449.98046875,14.449999809265137
2023-09-07,4451.14013671875,15718.66015625,32991.078125,,19727.05078125,18202.0703125,14.399999618530273
2023-09-08,4457.490234375,15740.2998046875,32606.83984375,115313.0,19819.94921875,,13.84000015258789
2023-09-11,4487.4599609375,15800.990234375,32467.759765625,116883.0,19996.349609375,18096.44921875,13.800000190734863
2023-09-12,4461.89990234375,15715.5302734375,32776.37109375,117968.0,19993.19921875,18025.890625,14.229999542236328
2023-09-13,4467.43994140625,15654.0302734375,32706.51953125,118176.0,20070.0,18009.220703125,13.479999542236328
2023-09-14,4505.10009765625,15805.2900390625,33168.1015625,119392.0,20103.099609375,18047.919921875,12.819999694824219
2023-09-15,4450.31982421875,15893.5302734375,33533.08984375,118758.0,20192.349609375,18182.890625,13.789999961853027
2023-09-18,4453.52978515625,15727.1201171875,,118288.0,20133.30078125,17930.55078125,14.0
2023-09-19,4443.9501953125,15664.48046875,33242.58984375,117846.0,,17997.169921875,14.109999656677246
2023-09-20,4402.2001953125,15781.58984375,33023.78125,118695.0,19901.400390625,17885.599609375,15.140000343322754
2023-09-21,4330.0,15571.8603515625,32571.029296875,116145.0,19742.349609375,17655.41015625,17.540000915527344
2023-09-22,4320.06005859375,15557.2900390625,32402.41015625,116009.0,19674.25,18057.44921875,17.200000762939453
2023-09-25,4337.43994140625,15405.490234375,32678.619140625,115925.0,19674.55078125,17729.2890625,16.899999618530273
2023-09-26,4273.52978515625,15255.8701171875,32315.05078125,114193.0,19664.69921875,17466.900390625,18.940000534057617
2023-09-27,4274.509765625,15217.4501953125,32371.900390625,114327.0,19716.44921875,17611.869140625,18.219999313354492
2023-09-28,4299.7001953125,15323.5,31872.51953125,115731.0,19523.55078125,17373.029296875,17.34000015258789
2023-09-29,4288.0498046875,15386.580078125,31857.619140625,116565.0,19638.30078125,17809.66015625,17.520000457763672
2023-10-02,4288.39013671875,15247.2099609375,31759.880859375,115057.0,,,17.610000610351562
2023-10-03,4229.4501953125,15085.2099609375,31237.939453125,113419.0,19528.75,17331.220703125,19.780000686645508
2023-10-04,4263.75,15099.919921875,30526.880859375,113607.0,19436.099609375,17195.83984375,18.579999923706055
2023-10-05,4258.18994140625,15070.2197265625,31075.359375,113284.0,19545.75,17213.869140625,18.489999771118164
2023-10-06,4308.5,15229.76953125,30994.669921875,114170.0,19653.5,17485.98046875,17.450000762939453
2023-10-09,4335.66015625,15128.1103515625,,115156.0,19512.349609375,17517.400390625,17.700000762939453
2023-10-10,4358.240234375,15423.51953125,31746.529296875,116737.0,19689.849609375,17664.73046875,17.030000686645508
2023-10-11,4376.9501953125,15460.009765625,31936.509765625,117051.0,19811.349609375,17893.099609375,16.09000015258789
2023-10-12,4349.60986328125,15425.0302734375,32494.66015625,,19794.0,18238.2109375,16.690000534057617
2023-10-13,4327.77978515625,15186.66015625,32315.990234375,115754.0,19751.05078125,17813.44921875,19.31999969482422
2023-10-16,4373.6298828125,15237.990234375,31659.029296875,116534.0,19731.75,17640.359375,17.209999084472656
2023-10-17,4373.2001953125,15251.6904296875,32040.2890625,115908.0,19811.5,17773.33984375,17.8799991607666
2023-10-18,4314.60009765625,15094.91015625,32042.25,114060.0,19671.099609375,17732.51953125,19.219999313354492
2023-10-19,4278.0,15045.23046875,31430.619140625,114004.0,19624.69921875,17295.890625,21.399999618530273
2023-10-20,4224.16015625,14798.4697265625,31259.359375,113155.0,19542.650390625,17172.130859375,21.709999084472656
2023-10-23,4217.0400390625,14800.7197265625,30999.55078125,112785.0,19281.75,,20.3700008392334
2023-10-24,4247.68017578125,14879.9404296875,31062.349609375,113762.0,,16991.529296875,18.969999313354492
2023-10-25,4186.77001953125,14892.1796875,31269.919921875,112830.0,19122.150390625,17085.330078125,20.190000534057617
2023-10-26,4137.22998046875,14731.0498046875,30601.779296875,114777.0,18857.25,17044.609375,20.68000030517578
2023-10-27,4117.3701171875,14687.41015625,30991.689453125,113301.0,19047.25,17398.73046875,21.270000457763672
2023-10-30,4166.81982421875,14716.5400390625,30696.9609375,112532.0,19140.900390625,17406.359375,19.75
2023-10-31,4193.7998046875,14810.33984375,30858.849609375,113144.0,19079.599609375,17112.48046875,18.139999389648438
2023-11-01,4237.85986328125,14923.26953125,31601.650390625,115053.0,18989.150390625,17101.779296875,16.8700008392334
2023-11-02,4317.77978515625,15143.599609375,31949.890625,,19133.25,17230.58984375,15.65999984741211
2023-11-03,4358.33984375,15189.25,,118160.0,19230.599609375,17664.119140625,14.90999984741211
2023-11-06,4365.97998046875,15135.9697265625,32708.48046875,118487.0,19411.75,17966.58984375,14.890000343322754
2023-11-07,4378.3798828125,15152.6396484375,32271.8203125,119268.0,19406.69921875,17670.16015625,14.8100004196167
2023-11-08,4382.77978515625,15229.599609375,32166.48046875,119099.0,19443.5,17568.4609375,14.449999809265137
2023-11-09,4347.35009765625,15352.5400390625,32646.4609375,119012.0,19395.30078125,17511.2890625,15.289999961853027
2023-11-10,4415.240234375,15234.3896484375,32568.109375,120636.0,19425.349609375,17203.259765625,14.170000076293945
2023-11-13,4411.5498046875,15345.0,32585.109375,120376.0,19443.55078125,17426.2109375,14.760000228881836
2023-11-14,4495.7001953125,15614.4296875,32695.9296875,123328.0,,17396.859375,14.15999984741211
2023-11-15,4502.8798828125,15748.169921875,33519.69921875,,19675.44921875,18079.0,14.180000305175781
2023-11-16,4508.240234375,15786.6103515625,33424.41015625,124576.0,19765.19921875,17832.8203125,14.319999694824219
2023-11-17,4514.02001953125,15919.16015625,33585.19921875,125062.0,19731.80078125,17454.189453125,13.800000190734863
2023-11-20,4547.3798828125,15901.330078125,33388.03125,126095.0,19694.0,17778.0703125,13.40999984741211
2023-11-21,4538.18994140625,15900.5302734375,33354.140625,125607.0,19783.400390625,17733.890625,13.350000381469727
2023-11-22,4556.6201171875,15957.8203125,33451.828125,126035.0,19811.849609375,17734.599609375,12.850000381469727
2023-11-23,,15994.73046875,,126576.0,19802.0,17910.83984375,
2023-11-24,4559.33984375,16029.490234375,33625.53125,125542.0,19794.69921875,17559.419921875,12.460000038146973
2023-11-27,4550.43017578125,15966.3701171875,33447.671875,125683.0,,17525.060546875,12.6899995803833
2023-11-28,4554.89013671875,15992.669921875,33408.390625,126538.0,19889.69921875,17354.140625,12.6899995803833
2023-11-29,4550.580078125,16166.4501953125,33321.21875,126101.0,20096.599609375,16993.439453125,12.979999542236328
2023-11-30,4567.7998046875,16215.4296875,33486.890625,127331.0,20133.150390625,17042.880859375,12.920000076293945
2023-12-01,4594.6298828125,16397.51953125,33431.51171875,128103.0,20267.900390625,16830.30078125,12.630000114440918
2023-12-04,4569.77978515625,16404.759765625,33231.26953125,126803.0,20686.80078125,16646.05078125,13.079999923706055
2023-12-05,4567.18017578125,16533.109375,32775.8203125,126903.0,20855.099609375,16327.8603515625,12.850000381469727
2023-12-06,4549.33984375,16656.439453125,33445.8984375,125623.0,20937.69921875,16463.259765625,12.970000267028809
2023-12-07,4585.58984375,16628.990234375,32858.30859375,126010.0,20901.150390625,16345.8896484375,13.0600004196167
2023-12-08,4604.3701171875,16759.220703125,32307.859375,127094.0,20969.400390625,16334.3701171875,12.350000381469727
2023-12-11,4622.43994140625,16794.4296875,32791.80078125,126916.0,20997.099609375,16201.490234375,12.630000114440918
2023-12-12,4643.7001953125,16791.740234375,32843.69921875,126403.0,20906.400390625,16374.5,12.069999694824219
2023-12-13,4707.08984375,16766.05078125,32926.3515625,129465.0,20926.349609375,16228.75,12.1899995803833
2023-12-14,4719.5498046875,16752.23046875,32686.25,130842.0,21182.69921875,16402.189453125,12.479999542236328
2023-12-15,4719.18994140625,16751.439453125,32970.55078125,130197.0,21456.650390625,16792.189453125,12.279999732971191
2023-12-18,4740.56005859375,16650.55078125,32758.98046875,131084.0,21418.650390625,16629.23046875,12.5600004196167
2023-12-19,4768.3701171875,16744.41015625,33219.390625,131851.0,21453.099609375,16505.0,12.529999732971191
2023-12-20,4698.35009765625,16733.05078125,33675.94140625,130804.0,21150.150390625,16613.810546875,13.670000076293945
2023-12-21,4746.75,16687.419921875,33140.46875,132182.0,21255.05078125,16621.130859375,13.649999618530273
2023-12-22,4754.6298828125,16706.1796875,33169.05078125,132753.0,21349.400390625,16340.41015625,13.029999732971191
2023-12-25,,,33254.03125,,,,
2023-12-26,4774.75,,33305.8515625,133533.0,21441.349609375,,12.989999771118164
2023-12-27,4781.580078125,16742.0703125,33681.23828125,134194.0,21654.75,16624.83984375,12.430000305175781
2023-12-28,4783.35009765625,16701.55078125,33539.62109375,134185.0,21778.69921875,17043.529296875,12.470000267028809
2023-12-29,4769.830078125,16751.640625,33464.171875,,21731.400390625,17047.390625,12.449999809265137
2024-01-01,,,,,21741.900390625,,
2024-01-02,4742.830078125,16769.359375,,132697.0,21665.80078125,16788.55078125,13.199999809265137
2024-01-03,4704.81005859375,16538.390625,,132834.0,21517.349609375,16646.41015625,14.039999961853027
2024-01-04,4688.68017578125,16617.2890625,33288.2890625,131226.0,21658.599609375,16645.98046875,14.130000114440918
2024-01-05,4697.240234375,16594.2109375,33377.421875,132023.0,21710.80078125,16535.330078125,13.350000381469727
2024-01-08,4763.5400390625,16716.470703125,,132427.0,21513.0,16224.4501953125,13.079999923706055
2024-01-09,4756.5,16688.359375,33763.1796875,131447.0,21544.849609375,16190.01953125,12.760000228881836
2024-01-10,4783.4501953125,16689.810546875,34441.71875,130841.0,21618.69921875,16097.2802734375,12.6899995803833
2024-01-11,4780.240234375,16547.029296875,35049.859375,130649.0,21647.19921875,16302.0400390625,12.4399995803833
2024-01-12,4783.830078125,16704.560546875,35577.109375,130988.0,21894.55078125,16244.580078125,12.699999809265137
2024-01-15,,16622.220703125,35901.7890625,131521.0,22097.44921875,16216.330078125,
2024-01-16,4765.97998046875,16571.6796875,35619.1796875,129294.0,22032.30078125,15865.919921875,13.84000015258789
2024-01-17,4739.2099609375,16431.689453125,35477.75,128524.0,21571.94921875,15276.900390625,14.789999961853027
2024-01-18,4780.93994140625,16567.349609375,35466.171875,127316.0,21462.25,15391.7900390625,14.130000114440918
2024-01-19,4839.81005859375,16555.130859375,35963.26953125,127636.0,21622.400390625,15308.6904296875,13.300000190734863
2024-01-22,4850.43017578125,16683.359375,36546.94921875,126602.0,,14961.1796875,13.1899995803833
2024-01-23,4864.60009765625,16627.08984375,36517.5703125,128263.0,21238.80078125,15353.98046875,12.550000190734863
2024-01-24,4868.5498046875,16889.919921875,36226.48046875,127816.0,21453.94921875,15899.8701171875,13.140000343322754
2024-01-25,4894.16015625,16906.919921875,36236.46875,128169.0,21352.599609375,16211.9599609375,13.449999809265137
2024-01-26,4890.97021484375,16961.390625,35751.0703125,128967.0,,15952.23046875,13.260000228881836
2024-01-29,4927.93017578125,16941.7109375,36026.94140625,128503.0,21737.599609375,16077.240234375,13.600000381469727
2024-01-30,4924.97021484375,16972.33984375,36065.859375,127402.0,21522.099609375,15703.4501953125,13.3100004196167
2024-01-31,4845.64990234375,16903.759765625,36286.7109375,127752.0,21725.69921875,15485.0703125,14.350000381469727
2024-02-01,4906.18994140625,16859.0390625,36011.4609375,128481.0,21697.44921875,15566.2099609375,13.880000114440918
2024-02-02,4958.60986328125,16918.2109375,36158.01953125,127182.0,21853.80078125,15533.5595703125,13.850000381469727
2024-02-05,4942.81005859375,16904.060546875,36354.16015625,127593.0,21771.69921875,15510.009765625,13.670000076293945
2024-02-06,4954.22998046875,17033.240234375,36160.66015625,130416.0,21929.400390625,16136.8701171875,13.0600004196167
2024-02-07,4995.06005859375,16921.9609375,36119.921875,129608.0,21930.5,16081.8896484375,12.829999923706055
2024-02-08,4997.91015625,16963.830078125,36863.28125,128217.0,21717.94921875,15878.0703125,12.789999961853027
2024-02-09,5026.60986328125,16926.5,36897.421875,128026.0,21782.5,15746.580078125,12.930000305175781
2024-02-12,5021.83984375,17037.349609375,,,21616.05078125,,13.930000305175781
2024-02-13,4953.169921875,16880.830078125,37963.96875,,21743.25,,15.850000381469727
2024-02-14,5000.6201171875,16945.48046875,37703.3203125,127018.0,21840.05078125,15879.3798828125,14.380000114440918
2024-02-15,5029.72998046875,17046.689453125,38157.94140625,127804.0,21910.75,15944.6298828125,14.010000228881836
2024-02-16,5005.56982421875,17117.439453125,38487.23828125,128726.0,22040.69921875,16339.9599609375,14.239999771118164
2024-02-19,,17092.259765625,38470.37890625,129036.0,22122.25,16155.6103515625,
2024-02-20,4975.509765625,17068.4296875,38363.609375,129916.0,22196.94921875,16247.509765625,15.420000076293945
2024-02-21,4981.7998046875,17118.119140625,38262.16015625,130032.0,22055.05078125,16503.099609375,15.34000015258789
2024-02-22,5087.02978515625,17370.44921875,39098.6796875,130241.0,22217.44921875,16742.94921875,14.539999961853027
2024-02-23,5088.7998046875,17419.330078125,,129419.0,22212.69921875,16725.859375,13.75
2024-02-26,5069.52978515625,17423.23046875,39233.7109375,129609.0,22122.05078125,16634.740234375,13.739999771118164
2024-02-27,5078.18017578125,17556.490234375,39239.51953125,131689.0,22198.349609375,16790.80078125,13.430000305175781
2024-02-28,5069.759765625,17601.220703125,39208.03125,130155.0,21951.150390625,16536.849609375,13.84000015258789
2024-02-29,5096.27001953125,17678.189453125,39166.19140625,129020.0,21982.80078125,16511.439453125,13.399999618530273
2024-03-01,5137.080078125,17735.0703125,39910.8203125,129180.0,22338.75,16589.439453125,13.109999656677246
2024-03-04,5130.9501953125,17716.169921875,40109.23046875,128341.0,22405.599609375,16595.970703125,13.489999771118164
2024-03-05,5078.64990234375,17698.400390625,40097.62890625,128098.0,22356.30078125,16162.6396484375,14.460000038146973
2024-03-06,5104.759765625,17716.7109375,40090.78125,128890.0,22474.05078125,16438.08984375,14.5
2024-03-07,5157.35986328125,17842.849609375,39598.7109375,128340.0,22493.55078125,16229.7802734375,14.4399995803833
2024-03-08,5123.68994140625,17814.509765625,39688.94140625,127071.0,,16353.3896484375,14.739999771118164
2024-03-11,5117.93994140625,17746.26953125,38820.48828125,126124.0,22332.650390625,16587.5703125,15.220000267028809
2024-03-12,5175.27001953125,17965.109375,38797.51171875,127668.0,22335.69921875,17093.5,13.84000015258789
2024-03-13,5165.31005859375,17961.380859375,38695.96875,128006.0,21997.69921875,17082.109375,13.75
2024-03-14,5150.47998046875,17942.0390625,38807.37890625,127690.0,22146.650390625,16961.66015625,14.399999618530273
2024-03-15,5117.08984375,17936.650390625,38707.640625,126742.0,22023.349609375,16720.890625,14.40999984741211
2024-03-18,5149.419921875,17932.6796875,39740.44140625,126954.0,22055.69921875,16737.119140625,14.329999923706055
2024-03-19,5178.509765625,17987.490234375,40003.6015625,127529.0,21817.44921875,16529.48046875,13.819999694824219
2024-03-20,5224.6201171875,18015.130859375,,129125.0,21839.099609375,16543.0703125,13.039999961853027
2024-03-21,5241.52978515625,18179.25,40815.66015625,128159.0,22011.94921875,16863.099609375,12.920000076293945
2024-03-22,5234.18017578125,18205.939453125,40888.4296875,127027.0,22096.75,16499.470703125,13.0600004196167
2024-03-25,5218.18994140625,18261.310546875,40414.12109375,126931.0,,16473.640625,13.1899995803833
2024-03-26,5203.580078125,18384.349609375,40398.03125,126863.0,22004.69921875,16618.3203125,13.239999771118164
2024-03-27,5248.490234375,18477.08984375,40762.73046875,127691.0,22123.650390625,16392.83984375,12.779999732971191
2024-03-28,5254.35009765625,18492.490234375,40168.0703125,128106.0,22326.900390625,16541.419921875,13.010000228881836
2024-03-29,,,40369.44140625,,,,
2024-04-01,5243.77001953125,,39803.08984375,126990.0,22462.0,,13.649999618530273
2024-04-02,5205.81005859375,18283.130859375,39838.91015625,127549.0,22453.30078125,16931.51953125,14.609999656677246
2024-04-03,5211.490234375,18367.720703125,39451.8515625,127318.0,22434.650390625,16725.099609375,14.329999923706055
2024-04-04,5147.2099609375,18403.130859375,39773.140625,127428.0,22514.650390625,,16.350000381469727
2024-04-05,5204.33984375,18175.0390625,38992.078125,126795.0,22513.69921875,16723.919921875,16.030000686645508
2024-04-08,5202.39013671875,18318.970703125,39347.0390625,128857.0,22666.30078125,16732.849609375,15.1899995803833
2024-04-09,5209.91015625,18076.689453125,39773.12890625,129890.0,22642.75,16828.0703125,14.979999542236328
2024-04-10,5160.64013671875,18097.30078125,39581.80859375,128054.0,22753.80078125,17139.169921875,15.800000190734863
2024-04-11,5199.06005859375,17954.48046875,39442.62890625,127396.0,,17095.029296875,14.90999984741211
2024-04-12,5123.41015625,17930.3203125,39523.55078125,125946.0,22519.400390625,16721.689453125,17.309999465942383
2024-04-15,5061.81982421875,18026.580078125,39232.80078125,125334.0,22272.5,16600.4609375,19.229999542236328
2024-04-16,5051.41015625,17766.23046875,38471.19921875,124389.0,22147.900390625,16248.9697265625,18.399999618530273
2024-04-17,5022.2099609375,17770.01953125,37961.80078125,124171.0,,16251.83984375,18.209999084472656
2024-04-18,5011.1201171875,17837.400390625,38079.69921875,124196.0,21995.849609375,16385.869140625,18.0
2024-04-19,4967.22998046875,17737.359375,37068.3515625,125124.0,22147.0,16224.1396484375,18.709999084472656
2024-04-22,5010.60009765625,17860.80078125,37438.609375,125573.0,22336.400390625,16511.689453125,16.940000534057617
2024-04-23,5070.5498046875,18137.650390625,37552.16015625,125148.0,22368.0,16828.9296875,15.6899995803833
2024-04-24,5071.6298828125,18088.69921875,38460.078125,124741.0,22402.400390625,17201.26953125,15.970000267028809
2024-04-25,5048.419921875,17917.279296875,37628.48046875,124646.0,22570.349609375,17284.5390625,15.369999885559082
2024-04-26,5099.9599609375,18161.009765625,37934.76171875,126526.0,22419.94921875,17651.150390625,15.029999732971191
2024-04-29,5116.169921875,18118.3203125,,127352.0,22643.400390625,17746.91015625,14.670000076293945
2024-04-30,5035.68994140625,17932.169921875,38405.66015625,125924.0,22604.849609375,17763.029296875,15.649999618530273
2024-05-01,5018.39013671875,,38274.05078125,,,,15.390000343322754
2024-05-02,5064.2001953125,17896.5,38236.0703125,127122.0,22648.19921875,18207.130859375,14.680000305175781
2024-05-03,5127.7900390625,18001.599609375,,128509.0,22475.849609375,18475.919921875,13.489999771118164
2024-05-06,5180.740234375,18175.2109375,,128466.0,22442.69921875,18578.30078125,13.489999771118164
2024-05-07,5187.7001953125,18430.05078125,38835.1015625,129210.0,22302.5,18479.369140625,13.229999542236328
2024-05-08,5187.669921875,18498.380859375,38202.37109375,129481.0,22302.5,18313.859375,13.0
2024-05-09,5214.080078125,18686.599609375,38073.98046875,128188.0,21957.5,18537.810546875,12.6899995803833
2024-05-10,5222.68017578125,18772.849609375,38229.109375,127600.0,22055.19921875,18963.6796875,12.550000190734863
2024-05-13,5221.419921875,18742.220703125,38179.4609375,128155.0,22104.05078125,19115.060546875,13.600000381469727
2024-05-14,5246.68017578125,18716.419921875,38356.05859375,128515.0,22217.849609375,19073.7109375,13.420000076293945
2024-05-15,5308.14990234375,18869.359375,38385.73046875,128028.0,22200.55078125,,12.449999809265137
2024-05-16,5297.10009765625,18738.810546875,38920.26171875,128284.0,22403.849609375,19376.529296875,12.420000076293945
2024-05-17,5303.27001953125,18704.419921875,38787.37890625,128151.0,22466.099609375,19553.609375,11.989999771118164
2024-05-20,5308.1298828125,18768.9609375,39069.6796875,127751.0,,19636.220703125,12.149999618530273
2024-05-21,5321.41015625,18726.759765625,38946.9296875,127412.0,22529.05078125,19220.619140625,11.859999656677246
2024-05-22,5307.009765625,18680.19921875,38617.1015625,125650.0,22597.80078125,19195.599609375,12.289999961853027
2024-05-23,5267.83984375,18691.3203125,39103.21875,124729.0,22967.650390625,18868.7109375,12.770000457763672
2024-05-24,5304.72021484375,18693.369140625,38646.109375,124306.0,22957.099609375,18608.939453125,11.930000305175781
2024-05-27,,18774.7109375,38900.01953125,124496.0,22932.44921875,18827.349609375,
2024-05-28,5306.0400390625,18677.869140625,38855.37109375,123780.0,22888.150390625,18821.16015625,12.920000076293945
2024-05-29,5266.9501953125,18473.2890625,38556.87109375,122707.0,22704.69921875,18477.009765625,14.279999732971191
2024-05-30,5235.47998046875,18496.7890625,38054.12890625,,22488.650390625,18230.189453125,14.470000267028809
2024-05-31,5277.509765625,18497.939453125,38487.8984375,122098.0,22530.69921875,18079.609375,12.920000076293945
2024-06-03,5283.39990234375,18608.16015625,38923.03125,122032.0,23263.900390625,18403.0390625,13.109999656677246
2024-06-04,5291.33984375,18405.640625,38837.4609375,121802.0,21884.5,18444.109375,13.15999984741211
2024-06-05,5354.02978515625,18575.939453125,38490.171875,121407.0,22620.349609375,18424.9609375,12.630000114440918
2024-06-06,5352.9599609375,18652.669921875,38703.51171875,122899.0,22821.400390625,18476.80078125,12.579999923706055
2024-06-07,5346.990234375,18557.26953125,38683.9296875,120767.0,23290.150390625,18366.94921875,12.220000267028809
2024-06-10,5360.7900390625,18494.890625,39038.16015625,120760.0,23259.19921875,,12.739999771118164
2024-06-11,5375.31982421875,18369.939453125,39134.7890625,121635.0,23264.849609375,18176.33984375,12.850000381469727
2024-06-12,5421.02978515625,18630.859375,38876.7109375,119936.0,23322.94921875,17937.83984375,12.039999961853027
2024-06-13,5433.740234375,18265.6796875,38720.46875,119568.0,23398.900390625,18112.630859375,11.9399995803833
2024-06-14,5431.60009765625,18002.01953125,38814.55859375,119662.0,23465.599609375,17941.779296875,12.65999984741211
2024-06-17,5473.22998046875,18068.2109375,38102.44140625,119138.0,,17936.119140625,12.75
2024-06-18,5487.02978515625,18131.970703125,38482.109375,119630.0,23557.900390625,17915.55078125,12.300000190734863
2024-06-19,,18067.91015625,38570.76171875,120261.0,23516.0,18430.390625,
2024-06-20,5473.169921875,18254.1796875,38633.01953125,120446.0,23567.0,18335.3203125,13.279999732971191
2024-06-21,5464.6201171875,18163.51953125,38596.46875,121341.0,23501.099609375,18028.51953125,13.199999809265137
2024-06-24,5447.8701171875,18325.580078125,38804.6484375,122637.0,23537.849609375,18027.7109375,13.329999923706055
2024-06-25,5469.2998046875,18177.619140625,39173.1484375,122331.0,23721.30078125,18072.900390625,12.84000015258789
2024-06-26,5477.89990234375,18155.240234375,39667.0703125,122641.0,23868.80078125,18089.9296875,12.550000190734863
2024-06-27,5482.8701171875,18210.55078125,39341.5390625,124308.0,24044.5,17716.470703125,12.239999771118164
2024-06-28,5460.47998046875,18235.44921875,39583.078125,123907.0,24010.599609375,17718.609375,12.4399995803833
2024-07-01,5475.08984375,18290.66015625,39631.05859375,124718.0,24141.94921875,,12.220000267028809
2024-07-02,5509.009765625,18164.060546875,40074.69140625,124787.0,24123.849609375,17769.140625,12.029999732971191
2024-07-03,5537.02001953125,18374.529296875,40580.76171875,125662.0,24286.5,17978.5703125,12.09000015258789
2024-07-04,,18450.48046875,40913.6484375,126164.0,24302.150390625,18028.279296875,
2024-07-05,5567.18994140625,18475.44921875,40912.37109375,126267.0,24323.849609375,17799.609375,12.479999542236328
2024-07-08,5572.85009765625,18472.05078125,40780.69921875,126548.0,24320.55078125,17524.060546875,12.369999885559082
2024-07-09,5576.97998046875,18236.189453125,41580.171875,127108.0,24433.19921875,17523.23046875,12.510000228881836
2024-07-10,5633.91015625,18407.220703125,41831.98828125,127218.0,24324.44921875,17471.669921875,12.850000381469727
2024-07-11,5584.5400390625,18534.560546875,42224.01953125,128294.0,24315.94921875,17832.330078125,12.920000076293945
2024-07-12,5615.35009765625,18748.1796875,41190.6796875,128897.0,24502.150390625,18293.380859375,12.460000038146973
2024-07-15,5631.22021484375,18590.890625,,129321.0,24586.69921875,18015.939453125,13.119999885559082
2024-07-16,5667.2001953125,18518.029296875,41275.078125,129110.0,24613.0,17727.98046875,13.1899995803833
2024-07-17,5588.27001953125,18437.30078125,41097.69140625,129450.0,,17739.41015625,14.479999542236328
2024-07-18,5544.58984375,18354.759765625,40126.3515625,127652.0,24800.849609375,17778.41015625,15.930000305175781
2024-07-19,5505.0,18171.9296875,40063.7890625,127616.0,24530.900390625,17417.6796875,16.520000457763672
2024-07-22,5564.41015625,18407.0703125,39599.0,127860.0,24509.25,17635.880859375,14.90999984741211
2024-07-23,5555.740234375,18557.69921875,39594.390625,126590.0,24479.05078125,17469.359375,14.720000267028809
2024-07-24,5427.1298828125,18387.4609375,39154.8515625,126423.0,24413.5,17311.05078125,18.040000915527344
2024-07-25,5399.22021484375,18298.720703125,37869.51171875,125954.0,24406.099609375,17021.91015625,18.459999084472656
2024-07-26,5459.10009765625,18417.55078125,37667.41015625,127492.0,24834.849609375,17021.310546875,16.389999389648438
2024-07-29,5463.5400390625,18320.669921875,38468.62890625,126954.0,24836.099609375,17238.33984375,16.600000381469727
2024-07-30,5436.43994140625,18411.1796875,38525.94921875,126139.0,24857.30078125,17002.91015625,17.690000534057617
2024-07-31,5522.2998046875,18508.650390625,39101.8203125,127652.0,24951.150390625,17344.599609375,16.360000610351562
2024-08-01,5446.68017578125,18083.05078125,38126.328125,127395.0,25010.900390625,17304.9609375,18.59000015258789
2024-08-02,5346.56005859375,17661.220703125,35909.69921875,125854.0,24717.69921875,16945.509765625,23.389999389648438
2024-08-05,5186.330078125,17339.0,31458.419921875,125270.0,24055.599609375,16698.359375,38.56999969482422
2024-08-06,5240.02978515625,17354.3203125,34675.4609375,126267.0,23992.55078125,16647.33984375,27.709999084472656
2024-08-07,5199.5,17615.150390625,35089.62109375,127514.0,24297.5,16877.859375,27.850000381469727
2024-08-08,5319.31005859375,17680.400390625,34831.1484375,128661.0,24117.0,16891.830078125,23.790000915527344
2024-08-09,5344.16015625,17722.880859375,35025.0,130615.0,24367.5,17090.23046875,20.3700008392334
2024-08-12,5344.39013671875,17726.470703125,,131116.0,24347.0,17111.650390625,20.709999084472656
2024-08-13,5434.43017578125,17812.05078125,36232.51171875,132398.0,24139.0,17174.060546875,18.1200008392334
2024-08-14,5455.2099609375,17885.599609375,36442.4296875,133318.0,24143.75,17113.359375,16.190000534057617
2024-08-15,5543.22021484375,18183.240234375,36726.640625,134153.0,,17109.140625,15.229999542236328
2024-08-16,5554.25,18322.400390625,38062.671875,133953.0,24541.150390625,17430.16015625,14.800000190734863
2024-08-19,5608.25,18421.689453125,37388.62109375,135778.0,24572.650390625,17569.5703125,14.649999618530273
2024-08-20,5597.1201171875,18357.51953125,38062.921875,136087.0,24698.849609375,17511.080078125,15.880000114440918
2024-08-21,5620.85009765625,18448.94921875,37951.80078125,136464.0,24770.19921875,17391.009765625,16.270000457763672
2024-08-22,5570.64013671875,18493.390625,38211.01171875,135173.0,24811.5,17641.0,17.549999237060547
2024-08-23,5634.60986328125,18633.099609375,38364.26953125,135608.0,24823.150390625,17612.099609375,15.859999656677246
2024-08-26,5616.83984375,18617.01953125,38110.21875,136889.0,25010.599609375,17798.73046875,16.149999618530273
2024-08-27,5625.7998046875,18681.810546875,38288.62109375,136776.0,25017.75,17874.669921875,15.430000305175781
2024-08-28,5592.18017578125,18782.2890625,38371.76171875,137344.0,25052.349609375,17692.44921875,17.110000610351562
2024-08-29,5591.9599609375,18912.5703125,38362.53125,136041.0,25151.94921875,17786.3203125,15.649999618530273
2024-08-30,5648.39990234375,18906.919921875,38647.75,136004.0,25235.900390625,17989.0703125,15.0
2024-09-02,,18930.849609375,38700.87109375,134981.0,25278.69921875,17691.970703125,
2024-09-03,5528.93017578125,18747.109375,38686.30859375,134353.0,25279.849609375,17651.490234375,20.719999313354492
2024-09-04,5520.06982421875,18591.849609375,37047.609375,136111.0,25198.69921875,17457.33984375,21.31999969482422
2024-09-05,5503.41015625,18576.5,36657.08984375,136502.0,25145.099609375,17444.30078125,19.899999618530273
2024-09-06,5408.419921875,18301.900390625,36391.46875,134572.0,24852.150390625,,22.3799991607666
2024-09-09,5471.0498046875,18443.560546875,36215.75,134737.0,24936.400390625,17196.9609375,19.450000762939453
2024-09-10,5495.52001953125,18265.919921875,36159.16015625,134320.0,25041.099609375,17234.08984375,19.079999923706055
2024-09-11,5554.1298828125,18330.26953125,35619.76953125,134677.0,24918.44921875,17108.7109375,17.690000534057617
2024-09-12,5595.759765625,18518.390625,36833.26953125,134029.0,25388.900390625,17240.390625,17.06999969482422
2024-09-13,5626.02001953125,18699.400390625,36581.76171875,134882.0,25356.5,17369.08984375,16.559999465942383
2024-09-16,5633.08984375,18633.109375,,135118.0,25383.75,17422.119140625,17.139999389648438
2024-09-17,5634.580078125,18726.080078125,36203.21875,134960.0,25418.55078125,17660.01953125,17.610000610351562
2024-09-18,5618.259765625,18711.490234375,36380.171875,133748.0,25377.55078125,,18.229999542236328
2024-09-19,5713.64013671875,19002.380859375,37155.328125,133123.0,25415.80078125,18013.16015625,16.329999923706055
2024-09-20,5702.5498046875,18720.009765625,37723.91015625,131065.0,25790.94921875,18258.5703125,16.149999618530273
2024-09-23,5718.56982421875,18846.7890625,,130568.0,25939.05078125,18247.109375,15.890000343322754
2024-09-24,5732.93017578125,18996.630859375,37940.58984375,132156.0,25940.400390625,19000.560546875,15.390000343322754
2024-09-25,5722.259765625,18918.5,37870.26171875,131586.0,26004.150390625,19129.099609375,15.40999984741211
2024-09-26,5745.3701171875,19238.359375,38925.62890625,133010.0,26216.05078125,19924.580078125,15.369999885559082
2024-09-27,5738.169921875,19473.630859375,39829.55859375,132730.0,26178.94921875,20632.30078125,16.959999084472656
2024-09-30,5762.47998046875,19324.9296875,37919.55078125,131816.0,25810.849609375,21133.6796875,16.729999542236328
2024-10-01,5708.75,19213.140625,38651.96875,132495.0,25796.900390625,,19.260000228881836
2024-10-02,5709.5400390625,19164.75,37808.76171875,133515.0,,22443.73046875,18.899999618530273
2024-10-03,5699.93994140625,19015.41015625,38552.05859375,131672.0,25250.099609375,22113.509765625,20.489999771118164
2024-10-04,5751.06982421875,19120.9296875,38635.62109375,131792.0,25014.599609375,22736.869140625,19.209999084472656
2024-10-07,5695.93994140625,19104.099609375,39332.73828125,132018.0,24795.75,23099.779296875,22.639999389648438
2024-10-08,5751.1298828125,19066.470703125,38937.5390625,131512.0,25013.150390625,20926.7890625,21.420000076293945
2024-10-09,5792.0400390625,19254.9296875,39277.9609375,129962.0,24981.94921875,20637.240234375,20.860000610351562
2024-10-10,5780.0498046875,19210.900390625,39380.890625,130353.0,24998.44921875,21251.98046875,20.93000030517578
2024-10-11,5815.02978515625,19373.830078125,39605.80078125,129992.0,24964.25,,20.459999084472656
2024-10-14,5859.85009765625,19508.2890625,,131005.0,25127.94921875,21092.869140625,19.700000762939453
2024-10-15,5815.259765625,19486.189453125,39910.55078125,131043.0,25057.349609375,20318.7890625,20.639999389648438
2024-10-16,5842.47021484375,19432.810546875,39180.30078125,131750.0,24971.30078125,20286.849609375,19.579999923706055
2024-10-17,5841.47021484375,19583.390625,38911.19140625,130793.0,24749.849609375,20079.099609375,19.110000610351562
2024-10-18,5864.669921875,19657.369140625,38981.75,130499.0,24854.05078125,20804.109375,18.030000686645508
2024-10-21,5853.97998046875,19461.189453125,38954.6015625,130362.0,24781.099609375,20478.4609375,18.3700008392334
2024-10-22,5851.2001953125,19421.91015625,38411.9609375,129721.0,24472.099609375,20498.94921875,18.200000762939453
2024-10-23,5797.419921875,19377.619140625,38104.859375,129233.0,24435.5,20760.150390625,19.239999771118164
2024-10-24,5809.85986328125,19443.0,38143.2890625,130067.0,24399.400390625,20489.619140625,19.079999923706055
2024-10-25,5808.1201171875,19463.58984375,37913.921875,129893.0,24180.80078125,20590.150390625,20.329999923706055
2024-10-28,5823.52001953125,19531.619140625,38605.53125,131213.0,24339.150390625,20599.359375,19.799999237060547
2024-10-29,5832.919921875,19478.0703125,38903.6796875,130730.0,24466.849609375,20701.140625,19.34000015258789
2024-10-30,5813.669921875,19257.33984375,39277.390625,130639.0,24340.849609375,20380.640625,20.350000381469727
2024-10-31,5705.4501953125,19077.5390625,39081.25,129713.0,24205.349609375,20317.330078125,23.15999984741211
2024-11-01,5728.7998046875,19254.970703125,38053.671875,128121.0,24304.349609375,20506.4296875,21.8799991607666
2024-11-04,5712.68994140625,19147.849609375,,130515.0,23995.349609375,20567.51953125,21.979999542236328
2024-11-05,5782.759765625,19256.26953125,38474.8984375,130661.0,24213.30078125,21006.970703125,20.489999771118164
2024-11-06,5929.0400390625,19039.310546875,39480.671875,130341.0,24484.05078125,20538.380859375,16.270000457763672
2024-11-07,5973.10009765625,19362.51953125,39381.41015625,129682.0,24199.349609375,20953.33984375,15.199999809265137
2024-11-08,5995.5400390625,19215.48046875,39500.37109375,127830.0,24148.19921875,20728.189453125,14.9399995803833
2024-11-11,6001.35009765625,19448.599609375,39533.3203125,127874.0,24141.30078125,20426.9296875,14.970000267028809
2024-11-12,5983.990234375,19033.640625,39376.08984375,127698.0,23883.44921875,19846.880859375,14.710000038146973
2024-11-13,5985.3798828125,19003.109375,38721.66015625,127734.0,23559.05078125,19823.44921875,14.020000457763672
2024-11-14,5949.169921875,19263.69921875,38535.69921875,127792.0,23532.69921875,19435.810546875,14.3100004196167
2024-11-15,5870.6201171875,19210.810546875,38642.91015625,,,19426.33984375,16.139999389648438
2024-11-18,5893.6201171875,19189.189453125,38220.8515625,127768.0,23453.80078125,19576.609375,15.579999923706055
2024-11-19,5916.97998046875,19060.310546875,38414.4296875,128197.0,23518.5,19663.669921875,16.350000381469727
2024-11-20,5917.10986328125,19004.779296875,38352.33984375,,,19705.009765625,17.15999984741211
2024-11-21,5948.7099609375,19146.169921875,38026.171875,126922.0,23349.900390625,19601.109375,16.8700008392334
2024-11-22,5969.33984375,19322.58984375,38283.8515625,129126.0,23907.25,19229.970703125,15.239999771118164
2024-11-25,5987.3701171875,19405.19921875,38780.140625,129036.0,24221.900390625,19150.990234375,14.600000381469727
2024-11-26,6021.6298828125,19295.98046875,38442.0,129922.0,24194.5,19159.19921875,14.100000381469727
2024-11-27,5998.740234375,19261.75,38134.96875,127669.0,24274.900390625,19603.130859375,14.100000381469727
2024-11-28,,19425.73046875,38349.05859375,124610.0,23914.150390625,19366.9609375,
2024-11-29,6032.3798828125,19626.44921875,38208.03125,125668.0,24131.099609375,19423.609375,13.510000228881836
2024-12-02,6047.14990234375,19933.619140625,38513.01953125,125236.0,24276.05078125,19550.2890625,13.34000015258789
2024-12-03,6049.8798828125,20016.75,39248.859375,126139.0,24457.150390625,19746.3203125,13.300000190734863
2024-12-04,6086.490234375,20232.140625,39276.390625,126087.0,24467.44921875,19742.4609375,13.449999809265137
2024-12-05,6075.10986328125,20358.80078125,39395.6015625,127858.0,24708.400390625,19560.439453125,13.539999961853027
2024-12-06,6090.27001953125,20384.609375,39091.171875,125946.0,24677.80078125,19865.849609375,12.770000457763672
2024-12-09,6052.85009765625,20345.9609375,39160.5,127210.0,24619.0,20414.08984375,14.1899995803833
2024-12-10,6034.91015625,20329.16015625,39367.578125,128228.0,24610.05078125,20311.279296875,14.180000305175781
2024-12-11,6084.18994140625,20399.16015625,39372.23046875,129593.0,24641.80078125,20155.05078125,13.579999923706055
2024-12-12,6051.25,20426.26953125,39849.140625,126042.0,24548.69921875,20397.05078125,13.920000076293945
2024-12-13,6051.08984375,20405.919921875,39470.44140625,124612.0,24768.30078125,19971.240234375,13.8100004196167
2024-12-16,6074.080078125,20313.810546875,39457.48828125,123560.0,24668.25,19795.490234375,14.6899995803833
2024-12-17,6050.60986328125,20246.369140625,39364.6796875,124698.0,24336.0,19700.48046875,15.869999885559082
2024-12-18,5872.16015625,20242.5703125,39081.7109375,120772.0,24198.849609375,19864.55078125,27.6200008392334
2024-12-19,5867.080078125,19969.859375,38813.578125,121188.0,23951.69921875,19752.509765625,24.09000015258789
2024-12-20,5930.85009765625,19884.75,38701.8984375,122102.0,23587.5,19720.69921875,18.360000610351562
2024-12-23,5974.06982421875,19848.76953125,39161.33984375,120767.0,23753.44921875,19883.130859375,16.780000686645508
2024-12-24,6040.0400390625,,39036.8515625,,23727.650390625,20098.2890625,14.270000457763672
2024-12-25,,,39130.4296875,,,,
2024-12-26,6037.58984375,,39568.05859375,121078.0,23750.19921875,,14.729999542236328
2024-12-27,5970.83984375,19984.3203125,40281.16015625,120269.0,23813.400390625,20090.4609375,15.949999809265137
2024-12-30,5906.93994140625,19909.140625,39894.5390625,120283.0,23644.900390625,20041.419921875,17.399999618530273
2024-12-31,5881.6298828125,,,,23644.80078125,20059.94921875,17.350000381469727
2025-01-01,,,,,23742.900390625,,
2025-01-02,5868.5498046875,20024.66015625,,120125.0,24188.650390625,19623.3203125,17.93000030517578
2025-01-03,5942.47021484375,19906.080078125,,118533.0,24004.75,19760.26953125,16.1299991607666
2025-01-06,5975.3798828125,20216.189453125,39307.05078125,120022.0,23616.05078125,19688.2890625,16.040000915527344
2025-01-07,5909.02978515625,20340.5703125,40083.30078125,121163.0,23707.900390625,19447.580078125,17.81999969482422
2025-01-08,5918.25,20329.939453125,39981.05859375,119625.0,23688.94921875,19279.83984375,17.700000762939453
2025-01-09,,20317.099609375,39605.08984375,119781.0,23526.5,19240.890625,
2025-01-10,5827.0400390625,20214.7890625,39190.3984375,118856.0,23431.5,19064.2890625,19.540000915527344
2025-01-13,5836.22021484375,20132.849609375,,119007.0,23085.94921875,18874.140625,19.190000534057617
2025-01-14,5842.91015625,20271.330078125,38474.30078125,119299.0,23176.05078125,19219.779296875,18.709999084472656
2025-01-15,5949.91015625,20574.6796875,38444.578125,122650.0,23213.19921875,19286.0703125,16.1200008392334
2025-01-16,5937.33984375,20655.390625,38572.6015625,121234.0,23311.80078125,19522.890625,16.600000381469727
2025-01-17,5996.66015625,20903.390625,38451.4609375,122350.0,23203.19921875,19584.060546875,15.970000267028809
2025-01-20,,20990.310546875,38902.5,122543.0,23344.75,19925.810546875,
2025-01-21,6049.240234375,21042.0,39027.98046875,123338.0,23024.650390625,20106.55078125,15.0600004196167
2025-01-22,6086.3701171875,21254.26953125,39646.25,122972.0,23155.349609375,19778.76953125,15.100000381469727
2025-01-23,6118.7099609375,21411.529296875,39958.87109375,122483.0,23205.349609375,19700.560546875,15.020000457763672
2025-01-24,6101.240234375,21394.9296875,39931.98046875,122447.0,23092.19921875,20066.189453125,14.850000381469727
2025-01-27,6012.27978515625,21282.1796875,39565.80078125,124862.0,22829.150390625,20197.76953125,17.899999618530273
2025-01-28,6067.7001953125,21430.580078125,39016.87109375,124056.0,22957.25,20225.109375,16.40999984741211
2025-01-29,6039.31005859375,21637.529296875,39414.78125,123432.0,23163.099609375,,16.559999465942383
2025-01-30,6071.169921875,21727.19921875,39513.96875,126913.0,23249.5,,15.84000015258789
2025-01-31,6040.52978515625,21732.05078125,39572.48828125,126135.0,23508.400390625,,16.43000030517578
2025-02-01,,,,,23482.150390625,,
2025-02-03,5994.56982421875,21428.240234375,38520.08984375,125970.0,23361.05078125,20217.259765625,18.6200008392334
2025-02-04,6037.8798828125,21505.69921875,38798.37109375,125147.0,23739.25,20789.9609375,17.209999084472656
2025-02-05,6061.47998046875,21585.9296875,38831.48046875,125534.0,23696.30078125,20597.08984375,15.770000457763672
2025-02-06,6083.56982421875,21902.419921875,39066.53125,126225.0,23603.349609375,20891.619140625,15.5
2025-02-07,6025.990234375,21787.0,38787.01953125,124619.0,23559.94921875,21133.5390625,16.540000915527344
2025-02-10,6066.43994140625,21911.740234375,38801.171875,125572.0,23381.599609375,21521.98046875,15.8100004196167
2025-02-11,6068.5,22037.830078125,,126522.0,23071.80078125,21294.859375,16.020000457763672
2025-02-12,6051.97021484375,22148.029296875,38963.69921875,124380.0,23045.25,21857.919921875,15.890000343322754
2025-02-13,6115.06982421875,22612.01953125,39461.46875,124850.0,23031.400390625,21814.369140625,15.100000381469727
2025-02-14,6114.6298828125,22513.419921875,39149.4296875,128219.0,22929.25,22620.330078125,14.770000457763672
2025-02-17,,22798.08984375,39174.25,128869.0,22959.5,22616.23046875,
2025-02-18,6129.580078125,22844.5,39270.3984375,128532.0,22945.30078125,22976.810546875,15.350000381469727
2025-02-19,6144.14990234375,22433.630859375,39164.609375,127309.0,22932.900390625,22944.240234375,15.270000457763672
2025-02-20,6117.52001953125,22314.650390625,38678.0390625,127601.0,22913.150390625,22576.98046875,15.65999984741211
2025-02-21,6013.1298828125,22287.560546875,38776.94140625,127128.0,22795.900390625,23477.919921875,18.209999084472656
2025-02-24,5983.25,22425.9296875,,125401.0,22553.349609375,23341.609375,18.979999542236328
2025-02-25,5955.25,22410.26953125,38237.7890625,125980.0,22547.55078125,23034.01953125,19.43000030517578
2025-02-26,5956.06005859375,22794.109375,38142.37109375,124769.0,,23787.9296875,19.100000381469727
2025-02-27,5861.56982421875,22550.890625,38256.171875,124799.0,22545.05078125,23718.2890625,21.1299991607666
2025-02-28,5954.5,22551.4296875,37155.5,122799.0,22124.69921875,22941.3203125,19.6299991607666
2025-03-03,5849.72021484375,23147.01953125,37785.46875,,22119.30078125,23006.26953125,22.780000686645508
2025-03-04,5778.14990234375,22326.810546875,37331.1796875,,22082.650390625,22941.76953125,23.510000228881836
2025-03-05,5842.6298828125,23081.029296875,37418.23828125,123047.0,22337.30078125,23594.2109375,21.93000030517578
2025-03-06,5738.52001953125,23419.48046875,37704.9296875,123358.0,22544.69921875,24369.7109375,24.8700008392334
2025-03-07,5770.2001953125,23008.939453125,36887.171875,125035.0,22552.5,24231.30078125,23.3700008392334
2025-03-10,5614.56005859375,22620.94921875,37028.26953125,124519.0,22460.30078125,23783.490234375,27.860000610351562
2025-03-11,5572.06982421875,22328.76953125,36793.109375,123507.0,22497.900390625,23782.140625,26.920000076293945
2025-03-12,5599.2998046875,22676.41015625,36819.08984375,123864.0,22470.5,23600.310546875,24.229999542236328
2025-03-13,5521.52001953125,22567.140625,36790.03125,125637.0,22397.19921875,23462.650390625,24.65999984741211
2025-03-14,5638.93994140625,22986.8203125,37053.1015625,128957.0,,23959.98046875,21.770000457763672
2025-03-17,5675.1201171875,23154.5703125,37396.51953125,130834.0,22508.75,24145.5703125,20.510000228881836
2025-03-18,5614.66015625,23380.69921875,37845.421875,131475.0,22834.30078125,24740.5703125,21.700000762939453
2025-03-19,5675.2900390625,23288.060546875,37751.87890625,132508.0,22907.599609375,24771.140625,19.899999618530273
2025-03-20,5662.89013671875,22999.150390625,,131955.0,23190.650390625,24219.94921875,19.799999237060547
2025-03-21,5667.56005859375,22891.6796875,37677.05859375,132345.0,23350.400390625,23689.720703125,19.280000686645508
2025-03-24,5767.56982421875,22852.66015625,37608.48828125,131321.0,23658.349609375,23905.560546875,17.479999542236328
2025-03-25,5776.64990234375,23109.7890625,37780.5390625,132068.0,23668.650390625,23344.25,17.149999618530273
2025-03-26,5712.2001953125,22839.029296875,38027.2890625,132520.0,23486.849609375,23483.3203125,18.329999923706055
2025-03-27,5693.31005859375,22678.740234375,37799.96875,133149.0,23591.94921875,23578.80078125,18.690000534057617
2025-03-28,5580.93994140625,22461.51953125,37120.328125,131902.0,23519.349609375,23426.599609375,21.649999618530273
2025-03-31,5611.85009765625,22163.490234375,35617.55859375,130260.0,,23119.580078125,22.280000686645508
2025-04-01,5633.06982421875,22539.98046875,35624.48046875,131147.0,23165.69921875,23206.83984375,21.770000457763672
2025-04-02,5670.97021484375,22390.83984375,35725.87109375,131190.0,23332.349609375,23202.529296875,21.510000228881836
2025-04-03,5396.52001953125,21717.390625,34735.9296875,131141.0,23250.099609375,22849.810546875,30.020000457763672
2025-04-04,5074.080078125,20641.720703125,33780.578125,127256.0,22904.44921875,,45.310001373291016
2025-04-07,5062.25,19789.619140625,31136.580078125,125588.0,22161.599609375,19828.30078125,46.97999954223633
2025-04-08,4982.77001953125,20280.259765625,33012.578125,123932.0,22535.849609375,20127.6796875,52.33000183105469
2025-04-09,5456.89990234375,19670.880859375,31714.029296875,127796.0,22399.150390625,20264.490234375,33.619998931884766
2025-04-10,5268.0498046875,20562.73046875,34609.0,126355.0,,20681.779296875,40.720001220703125
2025-04-11,5363.35986328125,20374.099609375,33585.578125,127682.0,22828.55078125,20914.689453125,37.560001373291016
2025-04-14,5405.97021484375,20954.830078125,33982.359375,129454.0,,21417.400390625,30.889999389648438
2025-04-15,5396.6298828125,21253.69921875,34267.5390625,129245.0,23328.55078125,21466.26953125,30.1200008392334
2025-04-16,5275.7001953125,21311.01953125,33920.3984375,128317.0,23437.19921875,21056.98046875,32.63999938964844
2025-04-17,5282.7001953125,21205.859375,34377.6015625,129650.0,23851.650390625,21395.140625,29.649999618530273
2025-04-18,,,34730.28125,,,,
2025-04-21,5158.2001953125,,34279.921875,,24125.55078125,,33.81999969482422
2025-04-22,5287.759765625,21293.529296875,34220.6015625,130464.0,24167.25,21562.3203125,30.56999969482422
2025-04-23,5375.85986328125,21961.970703125,34868.62890625,132216.0,24328.94921875,22072.619140625,28.450000762939453
2025-04-24,5484.77001953125,22064.509765625,35039.1484375,134580.0,24246.69921875,21909.759765625,26.469999313354492
2025-04-25,5525.2099609375,22242.44921875,35705.73828125,134739.0,24039.349609375,21980.740234375,24.84000015258789
2025-04-28,5528.75,22271.669921875,35839.98828125,135016.0,24328.5,21971.9609375,25.149999618530273
2025-04-29,5560.830078125,22425.830078125,,135093.0,24335.94921875,22008.109375,24.170000076293945
2025-04-30,5569.06005859375,22496.98046875,36045.37890625,135067.0,24334.19921875,22119.41015625,24.700000762939453
2025-05-01,5604.14013671875,,36452.30078125,,,,24.600000381469727
2025-05-02,5686.669921875,23086.650390625,36830.69140625,135134.0,24346.69921875,22504.6796875,22.68000030517578
2025-05-05,5650.3798828125,23344.5390625,,133491.0,24461.150390625,,23.639999389648438
2025-05-06,5606.91015625,23249.650390625,,133516.0,24379.599609375,22662.7109375,24.760000228881836
2025-05-07,5631.27978515625,23115.9609375,36779.66015625,133398.0,24414.400390625,22691.880859375,23.549999237060547
2025-05-08,5663.93994140625,23352.689453125,36928.62890625,136232.0,24273.80078125,22775.919921875,22.479999542236328
2025-05-09,5659.91015625,23499.3203125,37503.328125,136512.0,24008.0,22867.740234375,21.899999618530273
2025-05-12,5844.18994140625,23566.5390625,37644.26171875,136563.0,24924.69921875,23549.4609375,18.389999389648438
2025-05-13,5886.5498046875,23638.560546875,38183.26171875,138963.0,24578.349609375,23108.26953125,18.219999313354492
2025-05-14,5892.580078125,23527.009765625,38128.12890625,138423.0,24666.900390625,23640.650390625,18.6200008392334
2025-05-15,5916.93017578125,23695.58984375,37755.51171875,139334.0,25062.099609375,23453.16015625,17.829999923706055
2025-05-16,5958.3798828125,23767.4296875,37753.71875,139187.0,25019.80078125,23345.05078125,17.239999771118164
2025-05-19,5963.60009765625,23934.98046875,37498.62890625,139636.0,24945.44921875,23332.720703125,18.139999389648438
2025-05-20,5940.4599609375,24036.109375,37529.48828125,140110.0,24683.900390625,23681.48046875,18.09000015258789
2025-05-21,5844.60986328125,24122.400390625,37298.98046875,137881.0,24813.44921875,23827.779296875,20.8700008392334
2025-05-22,5842.009765625,23999.169921875,36985.87109375,137273.0,24609.69921875,23544.310546875,20.280000686645508
2025-05-23,5802.81982421875,23629.580078125,37160.46875,137824.0,24853.150390625,23601.259765625,22.290000915527344
2025-05-26,,24027.650390625,37531.53125,138136.0,25001.150390625,23282.330078125,
2025-05-27,5921.5400390625,24226.490234375,37724.109375,139541.0,24826.19921875,23381.990234375,18.959999084472656
2025-05-28,5888.5498046875,24038.189453125,37722.3984375,138888.0,24752.44921875,23258.310546875,19.309999465942383
2025-05-29,5912.169921875,23933.23046875,38432.98046875,138534.0,24833.599609375,23573.380859375,19.18000030517578
2025-05-30,5911.68994140625,23997.48046875,37965.1015625,137027.0,24750.69921875,23289.76953125,18.56999969482422
2025-06-02,5935.93994140625,23930.669921875,37470.671875,136787.0,24716.599609375,23157.970703125,18.360000610351562
2025-06-03,5970.3701171875,24091.619140625,37446.80859375,137546.0,24542.5,23512.490234375,17.690000534057617
2025-06-04,5970.81005859375,24276.48046875,37747.44921875,137002.0,24620.19921875,23654.029296875,17.610000610351562
2025-06-05,5939.2998046875,24323.580078125,37554.48828125,136236.0,24750.900390625,23906.970703125,18.479999542236328
2025-06-06,6000.35986328125,24304.4609375,37741.609375,136102.0,25003.05078125,23792.5390625,16.770000457763672
2025-06-09,6005.8798828125,24174.3203125,38088.5703125,135699.0,25103.19921875,24181.4296875,17.15999984741211
2025-06-10,6038.81005859375,23987.560546875,38211.51171875,136436.0,25104.25,24162.869140625,16.950000762939453
2025-06-11,6022.240234375,23948.900390625,38421.19140625,137128.0,25141.400390625,24366.939453125,17.260000228881836
2025-06-12,6045.259765625,23771.44921875,38173.08984375,137800.0,24888.19921875,24035.380859375,18.020000457763672
2025-06-13,5976.97021484375,23516.23046875,37834.25,137213.0,24718.599609375,23892.560546875,20.81999969482422
2025-06-16,6033.10986328125,23699.119140625,38311.328125,139256.0,24946.5,24060.990234375,19.110000610351562
2025-06-17,5982.72021484375,23434.650390625,38536.73828125,138840.0,24853.400390625,23980.30078125,21.600000381469727
2025-06-18,5980.8701171875,23317.810546875,38885.1484375,138717.0,24812.05078125,23710.689453125,20.139999389648438
2025-06-19,,23057.380859375,38488.33984375,,24793.25,23237.740234375,
2025-06-20,5967.83984375,23350.55078125,38403.23046875,137116.0,25112.400390625,23530.48046875,20.6200008392334
2025-06-23,6025.169921875,23269.009765625,38354.08984375,136551.0,24971.900390625,23689.130859375,19.829999923706055
2025-06-24,6092.18017578125,23641.580078125,38790.55859375,137165.0,25044.349609375,24177.0703125,17.479999542236328
2025-06-25,6092.16015625,23498.330078125,38942.0703125,135767.0,25244.75,24474.669921875,16.760000228881836
2025-06-26,6141.02001953125,23649.30078125,39584.578125,137114.0,25549.0,24325.400390625,16.59000015258789
2025-06-27,6173.06982421875,24033.220703125,40150.7890625,136866.0,25637.80078125,24284.150390625,16.31999969482422
2025-06-30,6204.9501953125,23909.609375,40487.390625,138855.0,25517.05078125,24072.279296875,16.729999542236328
2025-07-01,6198.009765625,23673.2890625,39986.328125,139549.0,25541.80078125,,16.829999923706055
2025-07-02,6227.419921875,23790.109375,39762.48046875,139051.0,25453.400390625,24221.41015625,16.639999389648438
2025-07-03,6279.35009765625,23934.130859375,39785.8984375,140928.0,25405.30078125,24069.939453125,16.3799991607666
2025-07-04,,23787.44921875,39810.87890625,141478.0,25461.0,23916.060546875,
2025-07-07,6229.97998046875,24073.669921875,39587.6796875,139490.0,25461.30078125,23887.830078125,17.790000915527344
2025-07-08,6225.52001953125,24206.91015625,39688.80859375,139303.0,25522.5,24148.0703125,16.809999465942383
2025-07-09,6263.259765625,24549.560546875,39821.28125,137481.0,25476.099609375,23892.3203125,15.9399995803833
2025-07-10,6280.4599609375,24456.810546875,39646.359375,136743.0,25355.25,24028.369140625,15.779999732971191
2025-07-11,6259.75,24255.310546875,39569.6796875,136187.0,25149.849609375,24139.5703125,16.399999618530273
2025-07-14,6268.56005859375,24160.640625,39459.62109375,135299.0,25082.30078125,24203.3203125,17.200000762939453
2025-07-15,6243.759765625,24060.2890625,39678.01953125,135250.0,25195.80078125,24590.119140625,17.3799991607666
2025-07-16,6263.7001953125,24009.380859375,39663.3984375,135511.0,25212.05078125,24517.759765625,17.15999984741211
2025-07-17,6297.35986328125,24370.9296875,39901.19140625,135565.0,25111.44921875,24498.94921875,16.520000457763672
2025-07-18,6296.7900390625,24289.509765625,39819.109375,133382.0,24968.400390625,24825.66015625,16.40999984741211
2025-07-21,6305.60009765625,24307.80078125,,134167.0,25090.69921875,24994.140625,16.649999618530273
2025-07-22,6309.6201171875,24041.900390625,39774.921875,134036.0,25060.900390625,25130.029296875,16.5
2025-07-23,6358.91015625,24240.8203125,41171.3203125,135368.0,25219.900390625,25538.0703125,15.369999885559082
2025-07-24,6363.35009765625,24295.9296875,41826.33984375,133808.0,25062.099609375,25667.1796875,15.390000343322754
2025-07-25,6388.64013671875,24217.5,41456.23046875,133524.0,24837.0,25388.349609375,14.930000305175781
2025-07-28,6389.77001953125,23970.359375,40998.26953125,132129.0,24680.900390625,25562.130859375,15.029999732971191
2025-07-29,6370.85986328125,24217.369140625,40674.55078125,132726.0,24821.099609375,25524.44921875,15.979999542236328
2025-07-30,6362.89990234375,24262.220703125,40654.69921875,133990.0,24855.05078125,25176.9296875,15.479999542236328
2025-07-31,6339.39013671875,24065.470703125,41069.8203125,133071.0,24768.349609375,24773.330078125,16.719999313354492
2025-08-01,6238.009765625,23425.970703125,40799.6015625,132437.0,24565.349609375,24507.810546875,20.3799991607666
2025-08-04,6329.93994140625,23757.689453125,40290.69921875,132971.0,24722.75,24733.44921875,17.520000457763672
2025-08-05,6299.18994140625,23846.0703125,40549.5390625,133151.0,24649.55078125,24902.529296875,17.850000381469727
2025-08-06,6345.06005859375,23924.359375,40794.859375,134538.0,24574.19921875,24910.630859375,16.770000457763672
2025-08-07,6340.0,24192.5,41059.1484375,136528.0,24596.150390625,25081.630859375,16.56999969482422
2025-08-08,6389.4501953125,24162.859375,41820.48046875,135913.0,24363.30078125,24858.8203125,15.149999618530273
2025-08-11,6373.4501953125,24081.33984375,,135623.0,24585.05078125,24906.810546875,16.25
2025-08-12,6445.759765625,24024.779296875,42718.171875,137914.0,24487.400390625,24969.6796875,14.729999542236328
2025-08-13,6466.580078125,24185.58984375,43274.671875,136687.0,24619.349609375,25613.669921875,14.489999771118164
2025-08-14,6468.5400390625,24377.5,42649.26171875,136356.0,24631.30078125,25519.3203125,14.829999923706055
2025-08-15,6449.7998046875,24359.30078125,43378.30859375,136341.0,,25270.0703125,15.09000015258789
2025-08-18,6449.14990234375,24314.76953125,43714.30859375,137322.0,24876.94921875,25176.849609375,14.989999771118164
2025-08-19,6411.3701171875,24423.0703125,43546.2890625,134432.0,24980.650390625,25122.900390625,15.569999694824219
2025-08-20,6395.77978515625,24276.970703125,42888.55078125,134667.0,25050.55078125,25165.939453125,15.6899995803833
2025-08-21,6370.169921875,24293.33984375,42610.171875,134511.0,25083.75,25104.609375,16.600000381469727
2025-08-22,6466.91015625,24363.08984375,42633.2890625,137968.0,24870.099609375,25339.140625,14.220000267028809
2025-08-25,6439.31982421875,24273.119140625,42807.8203125,138025.0,24967.75,25829.91015625,14.789999961853027
2025-08-26,6465.93994140625,24152.869140625,42394.3984375,137771.0,24712.05078125,25524.919921875,14.619999885559082
2025-08-27,6481.39990234375,24046.2109375,42520.26953125,139206.0,,25201.759765625,14.850000381469727
2025-08-28,6501.85986328125,24039.919921875,42828.7890625,141049.0,24500.900390625,24998.8203125,14.430000305175781
2025-08-29,6460.259765625,23902.2109375,42718.46875,141422.0,24426.849609375,25077.619140625,15.359999656677246
2025-09-01,,24037.330078125,42188.7890625,141125.0,24625.05078125,25617.419921875,
2025-09-02,6415.5400390625,23487.330078125,42310.48828125,140335.0,24579.599609375,25496.55078125,17.170000076293945
2025-09-03,6448.259765625,23594.80078125,41938.890625,139864.0,24715.05078125,25343.4296875,16.350000381469727
2025-09-04,6502.080078125,23770.330078125,42580.26953125,140993.0,24734.30078125,25058.509765625,15.300000190734863
2025-09-05,6481.5,23596.98046875,43018.75,142640.0,24741.0,25417.98046875,15.180000305175781
2025-09-08,6495.14990234375,23807.130859375,43643.80859375,141792.0,24773.150390625,25633.91015625,15.109999656677246
2025-09-09,6512.60986328125,23718.44921875,43459.2890625,141618.0,24868.599609375,25938.130859375,15.039999961853027
2025-09-10,6532.0400390625,23632.94921875,43837.671875,142349.0,24973.099609375,26200.259765625,15.350000381469727
2025-09-11,6587.47021484375,23703.650390625,44372.5,143151.0,25005.5,26086.3203125,14.710000038146973
2025-09-12,6584.2900390625,23698.150390625,44768.12109375,142272.0,25114.0,26388.16015625,14.760000228881836
2025-09-15,6615.27978515625,23748.859375,,143547.0,25069.19921875,26446.560546875,15.6899995803833
2025-09-16,6606.759765625,23329.240234375,44902.26953125,144062.0,25239.099609375,26438.509765625,16.360000610351562
2025-09-17,6600.35009765625,23359.1796875,44790.37890625,145594.0,25330.25,26908.390625,15.720000267028809
2025-09-18,6631.9599609375,23674.529296875,45303.4296875,145500.0,25423.599609375,26544.849609375,15.699999809265137
2025-09-19,6664.35986328125,23639.41015625,45045.80859375,145865.0,25327.05078125,26545.099609375,15.449999809265137
2025-09-22,6693.75,23527.05078125,45493.66015625,145109.0,25202.349609375,26344.140625,16.100000381469727
2025-09-23,6656.919921875,23611.330078125,,146425.0,25169.5,26159.119140625,16.639999389648438
2025-09-24,6637.97021484375,23666.810546875,45630.30859375,146492.0,25056.900390625,26518.650390625,16.18000030517578
2025-09-25,6604.72021484375,23534.830078125,45754.9296875,145306.0,24890.849609375,26484.6796875,16.739999771118164
2025-09-26,6643.7001953125,23739.470703125,45354.98828125,145447.0,24654.69921875,26128.19921875,15.289999961853027
2025-09-29,6661.2099609375,23745.060546875,45043.75,146337.0,24634.900390625,26622.880859375,16.1200008392334
2025-09-30,6688.4599609375,23880.720703125,44932.62890625,146237.0,24611.099609375,26855.560546875,16.280000686645508
2025-10-01,6711.2001953125,24113.619140625,44550.8515625,145517.0,24836.30078125,,16.290000915527344
2025-10-02,6715.35009765625,24422.560546875,44936.73046875,143950.0,,27287.119140625,16.6299991607666
2025-10-03,6715.7900390625,24378.80078125,45769.5,144201.0,24894.25,27140.919921875,16.649999618530273
2025-10-06,6740.27978515625,24378.2890625,47944.76171875,143608.0,25077.650390625,26957.76953125,16.3700008392334
2025-10-07,6714.58984375,24385.779296875,47950.87890625,141356.0,25108.30078125,,17.239999771118164
2025-10-08,6753.72021484375,24597.130859375,47734.98828125,142145.0,25046.150390625,26829.4609375,16.299999237060547
2025-10-09,6735.10986328125,24611.25,48580.44140625,141708.0,25181.80078125,26752.58984375,16.43000030517578
2025-10-10,6552.509765625,24241.4609375,48088.80078125,140680.0,25285.349609375,26290.3203125,21.65999984741211
2025-10-13,6654.72021484375,24387.9296875,,141783.0,25227.349609375,25889.48046875,19.030000686645508
2025-10-14,6644.31005859375,24236.939453125,46847.3203125,141683.0,25145.5,25441.349609375,20.809999465942383
2025-10-15,6671.06005859375,24181.369140625,47672.671875,142604.0,25323.55078125,25910.599609375,20.639999389648438
2025-10-16,6629.06982421875,24272.189453125,48277.73828125,142200.0,25585.30078125,25888.509765625,25.309999465942383
2025-10-17,6664.009765625,23830.990234375,47582.1484375,143399.0,25709.849609375,25247.099609375,20.780000686645508
2025-10-20,6735.1298828125,24258.80078125,49185.5,144509.0,25843.150390625,25858.830078125,18.229999542236328
2025-10-21,6735.35009765625,24330.029296875,49316.05859375,144085.0,25868.599609375,26027.55078125,17.8700008392334
2025-10-22,6699.39990234375,24151.130859375,49307.7890625,144873.0,,25781.76953125,18.600000381469727
2025-10-23,6738.43994140625,24207.7890625,48641.609375,145721.0,25891.400390625,25967.98046875,17.299999237060547
2025-10-24,6791.68994140625,24239.890625,49299.6484375,146172.0,25795.150390625,26160.150390625,16.3700008392334
2025-10-27,6875.16015625,24308.779296875,50512.3203125,146969.0,25966.05078125,26433.69921875,15.789999961853027
2025-10-28,6890.89013671875,24278.630859375,50219.1796875,147429.0,25936.19921875,26346.140625,16.420000076293945
2025-10-29,6890.58984375,24124.2109375,51307.6484375,148633.0,26053.900390625,,16.920000076293945
2025-10-30,6822.33984375,24118.890625,51325.609375,148780.0,25877.849609375,26282.689453125,16.90999984741211
2025-10-31,6840.2001953125,23958.30078125,52411.33984375,149540.0,25722.099609375,25906.650390625,17.440000534057617
2025-11-03,6851.97021484375,24132.41015625,,150454.0,25763.349609375,26158.359375,17.170000076293945
2025-11-04,6771.5498046875,23949.109375,51497.19921875,150704.0,25597.650390625,25952.400390625,19.0
2025-11-05,6796.2900390625,24049.740234375,50212.26953125,153294.0,,25935.41015625,18.010000228881836
2025-11-06,6720.31982421875,23734.01953125,50883.6796875,153338.625,25509.69921875,26485.900390625,19.5
